Part Number,Collection,Color,Action,Details,Result
NCI2001-1LC2M1C1RC-LAS,2001,Lasso,RENAME,NC->NCI: NC2001-1LC2M1C1RC-LAS -> NCI2001-1LC2M1C1RC-LAS,OK
NCI2001-2M2OT-LAS,2001,Lasso,RENAME,NC->NCI: NC2001-2M2OT-LAS -> NCI2001-2M2OT-LAS,OK
NCI2001-1LC1M1RC-LAS,2001,Lasso,RENAME,NC->NCI: NC2001-1LC1M1RC-LAS -> NCI2001-1LC1M1RC-LAS,OK
NCI2001-1LC3M1C1RC1OT-LAS,2001,Lasso,RENAME,NC->NCI: NC2001-1LC3M1C1RC1OT-LAS -> NCI2001-1LC3M1C1RC1OT-LAS,OK
NCI2001-1LC2M1C1RC-SI,2001,Spectrum Indigo,RENAME,NC->NCI: NC2001-1LC2M1C1RC-SI -> NCI2001-1LC2M1C1RC-SI,OK
NCI2001-1LC2M1C1RC1OT-LAS,2001,Lasso,RENAME,NC->NCI: NC2001-1LC2M1C1RC1OT-LAS -> NCI2001-1LC2M1C1RC1OT-LAS,OK
NCI2001-1LC2M1RC-LAS,2001,Lasso,RENAME,NC->NCI: NC2001-1LC2M1RC-LAS -> NCI2001-1LC2M1RC-LAS,OK
NCI2001-1LC5M1C1RC3OT-LAS,2001,Lasso,RENAME,NC->NCI: NC2001-1LC5M1C1RC3OT-LAS -> NCI2001-1LC5M1C1RC3OT-LAS,OK
NCI2001-3M1C-LAS,2001,Lasso,RENAME,NC->NCI: NC2001-3M1C-LAS -> NCI2001-3M1C-LAS,OK
NCI2001-1LC1M1RC-EA,2001,Echo Ash,RENAME,NC->NCI: NC2001-1LC1M1RC-EA -> NCI2001-1LC1M1RC-EA,OK
NCI2001-3M1C1OT-LAS,2001,Lasso,RENAME,NC->NCI: NC2001-3M1C1OT-LAS -> NCI2001-3M1C1OT-LAS,OK
NCI2001-4M1LC1RC-LAS,2001,Lasso,RENAME,NC->NCI: NC2001-4M1LC1RC-LAS -> NCI2001-4M1LC1RC-LAS,OK
NCI2001-6M1LC1RC-LAS,2001,Lasso,RENAME,NC->NCI: NC2001-6M1LC1RC-LAS -> NCI2001-6M1LC1RC-LAS,OK
NCI2001SECT-032-01-EA,2001,Echo Ash,RENAME,NC->NCI: NC2001SECT-032-01-EA -> NCI2001SECT-032-01-EA,OK
NCI2001SECT-032-01-LAS,2001,Lasso,RENAME,NC->NCI: NC2001SECT-032-01-LAS -> NCI2001SECT-032-01-LAS,OK
NCI2001SECT-034-01-EA,2001,Echo Ash,RENAME,NC->NCI: NC2001SECT-034-01-EA -> NCI2001SECT-034-01-EA,OK
NCI2001SECT-034-01-LAS,2001,Lasso,RENAME,NC->NCI: NC2001SECT-034-01-LAS -> NCI2001SECT-034-01-LAS,OK
NCI2001-068-01-EA,2001,Echo Ash,RENAME,NC->NCI: NC2001-068-01-EA -> NCI2001-068-01-EA,OK
NCI2001-068-01-LAS,2001,Lasso,RENAME,NC->NCI: NC2001-068-01-LAS -> NCI2001-068-01-LAS,OK
NCI2676-DG-304-1C13S1CT1ET-SD,2676 - DG,Spectrum Dove,RENAME,NC->NCI: NC2676-DG-304-1C13S1CT1ET-SD -> NCI2676-DG-304-1C13S1CT1ET-SD,OK
NCI2676-DG-304-1C13S1CT1ET-CFN,2676 - DG,Canvas Fern,RENAME,NC->NCI: NC2676-DG-304-1C13S1CT1ET-CFN -> NCI2676-DG-304-1C13S1CT1ET-CFN,OK
NCI2676-DG-304-1C13S1CT1ET-CN,2676 - DG,Canvas Natural,RENAME,NC->NCI: NC2676-DG-304-1C13S1CT1ET-CN -> NCI2676-DG-304-1C13S1CT1ET-CN,OK
NCI2676-DG-304-1C13S1CT1ET-DD,2676 - DG,Direction Dew,RENAME,NC->NCI: NC2676-DG-304-1C13S1CT1ET-DD -> NCI2676-DG-304-1C13S1CT1ET-DD,OK
NCI2676-DG-304-1C13S1CT1ET-BD,2676 - DG,Bliss Dew,RENAME,NC->NCI: NC2676-DG-304-1C13S1CT1ET-BD -> NCI2676-DG-304-1C13S1CT1ET-BD,OK
NCI2676-DG-304-2C13S1CT1ET-BD,2676 - DG,Bliss Dew,RENAME,NC->NCI: NC2676-DG-304-2C13S1CT1ET-BD -> NCI2676-DG-304-2C13S1CT1ET-BD,OK
NCI2676-DG-304-2C13S1CT1ET-CFN,2676 - DG,Canvas Fern,RENAME,NC->NCI: NC2676-DG-304-2C13S1CT1ET-CFN -> NCI2676-DG-304-2C13S1CT1ET-CFN,OK
NCI2676-DG-304-2C13S1CT1ET-CN,2676 - DG,Canvas Natural,RENAME,NC->NCI: NC2676-DG-304-2C13S1CT1ET-CN -> NCI2676-DG-304-2C13S1CT1ET-CN,OK
NCI2676-DG-304-2C13S1CT1ET-DD,2676 - DG,Direction Dew,RENAME,NC->NCI: NC2676-DG-304-2C13S1CT1ET-DD -> NCI2676-DG-304-2C13S1CT1ET-DD,OK
NCI2676-DG-304-2C13S1CT1ET-RHA,2676 - DG,Relate Harbor,RENAME,NC->NCI: NC2676-DG-304-2C13S1CT1ET-RHA -> NCI2676-DG-304-2C13S1CT1ET-RHA,OK
NCI2676-DG-304-2C1CT13S-BD,2676 - DG,Bliss Dew,RENAME,NC->NCI: NC2676-DG-304-2C1CT13S-BD -> NCI2676-DG-304-2C1CT13S-BD,OK
NCI2676-DG-304-2C13S1CT1ET-SD,2676 - DG,Spectrum Dove,RENAME,NC->NCI: NC2676-DG-304-2C13S1CT1ET-SD -> NCI2676-DG-304-2C13S1CT1ET-SD,OK
NCI2676-DG-304-2C1CT13S-CFN,2676 - DG,Canvas Fern,RENAME,NC->NCI: NC2676-DG-304-2C1CT13S-CFN -> NCI2676-DG-304-2C1CT13S-CFN,OK
NCI2676-DG-304-2C1CT13S-CN,2676 - DG,Canvas Natural,RENAME,NC->NCI: NC2676-DG-304-2C1CT13S-CN -> NCI2676-DG-304-2C1CT13S-CN,OK
NCI2676-DG-304-2C1CT13S-SD,2676 - DG,Spectrum Dove,RENAME,NC->NCI: NC2676-DG-304-2C1CT13S-SD -> NCI2676-DG-304-2C1CT13S-SD,OK
NCI2676-DG-304-2C1CT13S-DD,2676 - DG,Direction Dew,RENAME,NC->NCI: NC2676-DG-304-2C1CT13S-DD -> NCI2676-DG-304-2C1CT13S-DD,OK
NCI2676-DG-304-2C1CT13S-RHA,2676 - DG,Relate Harbor,RENAME,NC->NCI: NC2676-DG-304-2C1CT13S-RHA -> NCI2676-DG-304-2C1CT13S-RHA,OK
NCI2676-DG-304-2C1ET-BD,2676 - DG,Bliss Dew,RENAME,NC->NCI: NC2676-DG-304-2C1ET-BD -> NCI2676-DG-304-2C1ET-BD,OK
NCI2676-DG-304-2C1ET-CN,2676 - DG,Canvas Natural,RENAME,NC->NCI: NC2676-DG-304-2C1ET-CN -> NCI2676-DG-304-2C1ET-CN,OK
NCI2676-DG-304-2C1ET-CFN,2676 - DG,Canvas Fern,RENAME,NC->NCI: NC2676-DG-304-2C1ET-CFN -> NCI2676-DG-304-2C1ET-CFN,OK
NCI2676-DG-304-2C1ET-DD,2676 - DG,Direction Dew,RENAME,NC->NCI: NC2676-DG-304-2C1ET-DD -> NCI2676-DG-304-2C1ET-DD,OK
NCI2676-DG-304-2C1ET-RHA,2676 - DG,Relate Harbor,RENAME,NC->NCI: NC2676-DG-304-2C1ET-RHA -> NCI2676-DG-304-2C1ET-RHA,OK
NCI2676-DG-304-2C1ET-SD,2676 - DG,Spectrum Dove,RENAME,NC->NCI: NC2676-DG-304-2C1ET-SD -> NCI2676-DG-304-2C1ET-SD,OK
NCI2676-DG-304-006-01-CFN,2676 - DG,Canvas Fern,RENAME,NC->NCI: NC2676-DG-304-006-01-CFN -> NCI2676-DG-304-006-01-CFN,OK
NCI2676-DG-304-006-01-BD,2676 - DG,Bliss Dew,RENAME,NC->NCI: NC2676-DG-304-006-01-BD -> NCI2676-DG-304-006-01-BD,OK
NCI2676-DG-304-006-01-DD,2676 - DG,Direction Dew,RENAME,NC->NCI: NC2676-DG-304-006-01-DD -> NCI2676-DG-304-006-01-DD,OK
NCI2676-DG-304-1C13S1CT1ET-RHA,2676 - DG,Relate Harbor,RENAME,NC->NCI: NC2676-DG-304-1C13S1CT1ET-RHA -> NCI2676-DG-304-1C13S1CT1ET-RHA,OK
NCI2676-DG-304-006-01-RHA,2676 - DG,Relate Harbor,RENAME,NC->NCI: NC2676-DG-304-006-01-RHA -> NCI2676-DG-304-006-01-RHA,OK
NCI2676-DG-304-006-01-LDI,2676 - DG,Lido Indigo,RENAME,NC->NCI: NC2676-DG-304-006-01-LDI -> NCI2676-DG-304-006-01-LDI,OK
NCI2676-DG-304-006-01-SD,2676 - DG,Spectrum Dove,RENAME,NC->NCI: NC2676-DG-304-006-01-SD -> NCI2676-DG-304-006-01-SD,OK
NCI2676-DG-304-006-01-RC,2676 - DG,Refuge Coral,RENAME,NC->NCI: NC2676-DG-304-006-01-RC -> NCI2676-DG-304-006-01-RC,OK
NCI2676SECT-DG-304-032-01-BK,2676 - DG,Canvas Black,RENAME,NC->NCI: NC2676SECT-DG-304-032-01-BK -> NCI2676SECT-DG-304-032-01-BK,OK
NCI2676SECT-DG-304-032-01-CV,2676 - DG,Canvas Navy,RENAME,NC->NCI: NC2676SECT-DG-304-032-01-CV -> NCI2676SECT-DG-304-032-01-CV,OK
NCI2676-DG-304-006-01-RI,2676 - DG,Refuge Indigo,RENAME,NC->NCI: NC2676-DG-304-006-01-RI -> NCI2676-DG-304-006-01-RI,OK
NCI2676SECT-DG-304-032-01-CW,2676 - DG,Canvas White,RENAME,NC->NCI: NC2676SECT-DG-304-032-01-CW -> NCI2676SECT-DG-304-032-01-CW,OK
NCI2676SECT-DG-304-032-01-DD,2676 - DG,Direction Dew,RENAME,NC->NCI: NC2676SECT-DG-304-032-01-DD -> NCI2676SECT-DG-304-032-01-DD,OK
NCI2676SECT-DG-304-032-01-RHA,2676 - DG,Relate Harbor,RENAME,NC->NCI: NC2676SECT-DG-304-032-01-RHA -> NCI2676SECT-DG-304-032-01-RHA,OK
NCI2676-DG-304-006-01-SC,2676 - DG,Spectrum Cilantro,RENAME,NC->NCI: NC2676-DG-304-006-01-SC -> NCI2676-DG-304-006-01-SC,OK
NCI2676SECT-DG-304-032-01-BD,2676 - DG,Bliss Dew,RENAME,NC->NCI: NC2676SECT-DG-304-032-01-BD -> NCI2676SECT-DG-304-032-01-BD,OK
NCI2676-DG-304-001-01-DD,2676 - DG,Direction Dew,RENAME,NC->NCI: NC2676-DG-304-001-01-DD -> NCI2676-DG-304-001-01-DD,OK
NCI2676SECT-DG-304-032-01-CG,2676 - DG,Canvas Granite,RENAME,NC->NCI: NC2676SECT-DG-304-032-01-CG -> NCI2676SECT-DG-304-032-01-CG,OK
NCI2676-DG-304-001-01-RHA,2676 - DG,Relate Harbor,RENAME,NC->NCI: NC2676-DG-304-001-01-RHA -> NCI2676-DG-304-001-01-RHA,OK
NCI2676SECT-DG-304-052-01-BK,2676 - DG,Canvas Black,RENAME,NC->NCI: NC2676SECT-DG-304-052-01-BK -> NCI2676SECT-DG-304-052-01-BK,OK
NCI2676SECT-DG-304-032-01-SV,2676 - DG,Cast Silver,RENAME,NC->NCI: NC2676SECT-DG-304-032-01-SV -> NCI2676SECT-DG-304-032-01-SV,OK
NCI2676SECT-DG-304-052-01-CW,2676 - DG,Canvas White,RENAME,NC->NCI: NC2676SECT-DG-304-052-01-CW -> NCI2676SECT-DG-304-052-01-CW,OK
NCI2676-DG-304-001-01-SC,2676 - DG,Spectrum Cilantro,RENAME,NC->NCI: NC2676-DG-304-001-01-SC -> NCI2676-DG-304-001-01-SC,OK
NCI2676-DG-304-002-01-DD,2676 - DG,Direction Dew,RENAME,NC->NCI: NC2676-DG-304-002-01-DD -> NCI2676-DG-304-002-01-DD,OK
NCI2676-DG-304-002-01-CW,2676 - DG,Canvas White,RENAME,NC->NCI: NC2676-DG-304-002-01-CW -> NCI2676-DG-304-002-01-CW,OK
NCI2676-DG-304-002-01-RHA,2676 - DG,Relate Harbor,RENAME,NC->NCI: NC2676-DG-304-002-01-RHA -> NCI2676-DG-304-002-01-RHA,OK
NCI2676-DG-304-002-01-CV,2676 - DG,Canvas Navy,RENAME,NC->NCI: NC2676-DG-304-002-01-CV -> NCI2676-DG-304-002-01-CV,OK
NCI2676SECT-DG-304-052-01-SV,2676 - DG,Cast Silver,RENAME,NC->NCI: NC2676SECT-DG-304-052-01-SV -> NCI2676SECT-DG-304-052-01-SV,OK
NCI2676SECT-DG-304-052-01-RI,2676 - DG,Refuge Indigo,RENAME,NC->NCI: NC2676SECT-DG-304-052-01-RI -> NCI2676SECT-DG-304-052-01-RI,OK
NCI2676SECT-DG-304-052-01-SC,2676 - DG,Spectrum Cilantro,RENAME,NC->NCI: NC2676SECT-DG-304-052-01-SC -> NCI2676SECT-DG-304-052-01-SC,OK
NCI2676SECT-DG-304-052-01-CG,2676 - DG,Canvas Granite,RENAME,NC->NCI: NC2676SECT-DG-304-052-01-CG -> NCI2676SECT-DG-304-052-01-CG,OK
NCI2676SECT-DG-304-052-01-SD,2676 - DG,Spectrum Dove,RENAME,NC->NCI: NC2676SECT-DG-304-052-01-SD -> NCI2676SECT-DG-304-052-01-SD,OK
NCI2676SECT-DG-304-034-01-CW,2676 - DG,Canvas White,RENAME,NC->NCI: NC2676SECT-DG-304-034-01-CW -> NCI2676SECT-DG-304-034-01-CW,OK
NCI2676-DG-304-002-01-BK,2676 - DG,Canvas Black,RENAME,NC->NCI: NC2676-DG-304-002-01-BK -> NCI2676-DG-304-002-01-BK,OK
NCI2676SECT-DG-304-034-01-CV,2676 - DG,Canvas Navy,RENAME,NC->NCI: NC2676SECT-DG-304-034-01-CV -> NCI2676SECT-DG-304-034-01-CV,OK
NCI2676-DG-304-002-01-BD,2676 - DG,Bliss Dew,RENAME,NC->NCI: NC2676-DG-304-002-01-BD -> NCI2676-DG-304-002-01-BD,OK
NCI2676SECT-DG-304-034-01-DD,2676 - DG,Direction Dew,RENAME,NC->NCI: NC2676SECT-DG-304-034-01-DD -> NCI2676SECT-DG-304-034-01-DD,OK
NCI2676-DG-304-002-01-CG,2676 - DG,Canvas Granite,RENAME,NC->NCI: NC2676-DG-304-002-01-CG -> NCI2676-DG-304-002-01-CG,OK
NCI2676SECT-DG-304-034-01-RHA,2676 - DG,Relate Harbor,RENAME,NC->NCI: NC2676SECT-DG-304-034-01-RHA -> NCI2676SECT-DG-304-034-01-RHA,OK
NCI2676-DG-304-002-01-SV,2676 - DG,Cast Silver,RENAME,NC->NCI: NC2676-DG-304-002-01-SV -> NCI2676-DG-304-002-01-SV,OK
NCI2676-DG-304-002-01-RI,2676 - DG,Refuge Indigo,RENAME,NC->NCI: NC2676-DG-304-002-01-RI -> NCI2676-DG-304-002-01-RI,OK
NCI2676-DG-304-002-01-LDI,2676 - DG,Lido Indigo,RENAME,NC->NCI: NC2676-DG-304-002-01-LDI -> NCI2676-DG-304-002-01-LDI,OK
NCI2676-DG-304-002-01-RC,2676 - DG,Refuge Coral,RENAME,NC->NCI: NC2676-DG-304-002-01-RC -> NCI2676-DG-304-002-01-RC,OK
NCI2676-DG-304-002-01-SC,2676 - DG,Spectrum Cilantro,RENAME,NC->NCI: NC2676-DG-304-002-01-SC -> NCI2676-DG-304-002-01-SC,OK
NCI2676SECT-DG-304-053-01-CW,2676 - DG,Canvas White,RENAME,NC->NCI: NC2676SECT-DG-304-053-01-CW -> NCI2676SECT-DG-304-053-01-CW,OK
NCI2676SECT-DG-304-053-01-CV,2676 - DG,Canvas Navy,RENAME,NC->NCI: NC2676SECT-DG-304-053-01-CV -> NCI2676SECT-DG-304-053-01-CV,OK
NCI2676-DG-304-002-01-SD,2676 - DG,Spectrum Dove,RENAME,NC->NCI: NC2676-DG-304-002-01-SD -> NCI2676-DG-304-002-01-SD,OK
NCI2676SECT-DG-304-034-01-BD,2676 - DG,Bliss Dew,RENAME,NC->NCI: NC2676SECT-DG-304-034-01-BD -> NCI2676SECT-DG-304-034-01-BD,OK
NCI2676SECT-DG-304-053-01-DD,2676 - DG,Direction Dew,RENAME,NC->NCI: NC2676SECT-DG-304-053-01-DD -> NCI2676SECT-DG-304-053-01-DD,OK
NCI2676SECT-DG-304-034-01-BK,2676 - DG,Canvas Black,RENAME,NC->NCI: NC2676SECT-DG-304-034-01-BK -> NCI2676SECT-DG-304-034-01-BK,OK
NCI2676SECT-DG-304-034-01-CG,2676 - DG,Canvas Granite,RENAME,NC->NCI: NC2676SECT-DG-304-034-01-CG -> NCI2676SECT-DG-304-034-01-CG,OK
NCI2676SECT-DG-304-053-01-RI,2676 - DG,Refuge Indigo,RENAME,NC->NCI: NC2676SECT-DG-304-053-01-RI -> NCI2676SECT-DG-304-053-01-RI,OK
NCI2676SECT-DG-304-053-01-RHA,2676 - DG,Relate Harbor,RENAME,NC->NCI: NC2676SECT-DG-304-053-01-RHA -> NCI2676SECT-DG-304-053-01-RHA,OK
NCI2676SECT-DG-304-034-01-RC,2676 - DG,Refuge Coral,RENAME,NC->NCI: NC2676SECT-DG-304-034-01-RC -> NCI2676SECT-DG-304-034-01-RC,OK
NCI2676SECT-DG-304-034-01-SV,2676 - DG,Cast Silver,RENAME,NC->NCI: NC2676SECT-DG-304-034-01-SV -> NCI2676SECT-DG-304-034-01-SV,OK
NCI2676SECT-DG-304-034-01-RI,2676 - DG,Refuge Indigo,RENAME,NC->NCI: NC2676SECT-DG-304-034-01-RI -> NCI2676SECT-DG-304-034-01-RI,OK
NCI2676-DG-304-260-01-CW,2676 - DG,Canvas White,RENAME,NC->NCI: NC2676-DG-304-260-01-CW -> NCI2676-DG-304-260-01-CW,OK
NCI2676-DG-304-260-01-DD,2676 - DG,Direction Dew,RENAME,NC->NCI: NC2676-DG-304-260-01-DD -> NCI2676-DG-304-260-01-DD,OK
NCI2676-DG-304-260-01-CV,2676 - DG,Canvas Navy,RENAME,NC->NCI: NC2676-DG-304-260-01-CV -> NCI2676-DG-304-260-01-CV,OK
NCI2676SECT-DG-304-034-01-SC,2676 - DG,Spectrum Cilantro,RENAME,NC->NCI: NC2676SECT-DG-304-034-01-SC -> NCI2676SECT-DG-304-034-01-SC,OK
NCI2676SECT-DG-304-034-01-SD,2676 - DG,Spectrum Dove,RENAME,NC->NCI: NC2676SECT-DG-304-034-01-SD -> NCI2676SECT-DG-304-034-01-SD,OK
NCI2676SECT-DG-304-053-01-BK,2676 - DG,Canvas Black,RENAME,NC->NCI: NC2676SECT-DG-304-053-01-BK -> NCI2676SECT-DG-304-053-01-BK,OK
NCI2676-DG-304-260-01-RHA,2676 - DG,Relate Harbor,RENAME,NC->NCI: NC2676-DG-304-260-01-RHA -> NCI2676-DG-304-260-01-RHA,OK
NCI2676SECT-DG-304-053-01-BD,2676 - DG,Bliss Dew,RENAME,NC->NCI: NC2676SECT-DG-304-053-01-BD -> NCI2676SECT-DG-304-053-01-BD,OK
NCI2676SECT-DG-304-053-01-SV,2676 - DG,Cast Silver,RENAME,NC->NCI: NC2676SECT-DG-304-053-01-SV -> NCI2676SECT-DG-304-053-01-SV,OK
NCI2676SECT-DG-304-053-01-CG,2676 - DG,Canvas Granite,RENAME,NC->NCI: NC2676SECT-DG-304-053-01-CG -> NCI2676SECT-DG-304-053-01-CG,OK
NCI2676SECT-DG-304-053-01-SC,2676 - DG,Spectrum Cilantro,RENAME,NC->NCI: NC2676SECT-DG-304-053-01-SC -> NCI2676SECT-DG-304-053-01-SC,OK
NCI2676SECT-DG-304-053-01-SD,2676 - DG,Spectrum Dove,RENAME,NC->NCI: NC2676SECT-DG-304-053-01-SD -> NCI2676SECT-DG-304-053-01-SD,OK
NCI2676-DG-304-260-01-BD,2676 - DG,Bliss Dew,RENAME,NC->NCI: NC2676-DG-304-260-01-BD -> NCI2676-DG-304-260-01-BD,OK
NCI2676-DG-304-260-01-BK,2676 - DG,Canvas Black,RENAME,NC->NCI: NC2676-DG-304-260-01-BK -> NCI2676-DG-304-260-01-BK,OK
NCI2676-DG-304-260-01-CG,2676 - DG,Canvas Granite,RENAME,NC->NCI: NC2676-DG-304-260-01-CG -> NCI2676-DG-304-260-01-CG,OK
NCI2676SECT-DG-304-034-01-LDI,2676 - DG,Lido Indigo,RENAME,NC->NCI: NC2676SECT-DG-304-034-01-LDI -> NCI2676SECT-DG-304-034-01-LDI,OK
NCI2676-DG-304-260-01-SV,2676 - DG,Cast Silver,RENAME,NC->NCI: NC2676-DG-304-260-01-SV -> NCI2676-DG-304-260-01-SV,OK
NCI2676-DG-304-260-01-LDI,2676 - DG,Lido Indigo,RENAME,NC->NCI: NC2676-DG-304-260-01-LDI -> NCI2676-DG-304-260-01-LDI,OK
NCI2676-DG-304-260-01-SD,2676 - DG,Spectrum Dove,RENAME,NC->NCI: NC2676-DG-304-260-01-SD -> NCI2676-DG-304-260-01-SD,OK
NCI2676-DG-304-260-01-SC,2676 - DG,Spectrum Cilantro,RENAME,NC->NCI: NC2676-DG-304-260-01-SC -> NCI2676-DG-304-260-01-SC,OK
NCI2676-DG-304-260-01-RI,2676 - DG,Refuge Indigo,RENAME,NC->NCI: NC2676-DG-304-260-01-RI -> NCI2676-DG-304-260-01-RI,OK
NCI2676SECT-DG-304-052-01-RC,2676 - DG,Refuge Coral,RENAME,NC->NCI: NC2676SECT-DG-304-052-01-RC -> NCI2676SECT-DG-304-052-01-RC,OK
NCI2676SECT-DG-304-053-01-RC,2676 - DG,Refuge Coral,RENAME,NC->NCI: NC2676SECT-DG-304-053-01-RC -> NCI2676SECT-DG-304-053-01-RC,OK
NCI2676-DG-304-002-01-CFN,2676 - DG,Canvas Fern,RENAME,NC->NCI: NC2676-DG-304-002-01-CFN -> NCI2676-DG-304-002-01-CFN,OK
NCI2676-DG-304-260-01-RC,2676 - DG,Refuge Coral,RENAME,NC->NCI: NC2676-DG-304-260-01-RC -> NCI2676-DG-304-260-01-RC,OK
NCI2676SECT-DG-304-052-01-LDI,2676 - DG,Lido Indigo,RENAME,NC->NCI: NC2676SECT-DG-304-052-01-LDI -> NCI2676SECT-DG-304-052-01-LDI,OK
NCI2676SECT-DG-304-034-01-CFN,2676 - DG,Canvas Fern,RENAME,NC->NCI: NC2676SECT-DG-304-034-01-CFN -> NCI2676SECT-DG-304-034-01-CFN,OK
NCI2676SECT-DG-304-053-01-LDI,2676 - DG,Lido Indigo,RENAME,NC->NCI: NC2676SECT-DG-304-053-01-LDI -> NCI2676SECT-DG-304-053-01-LDI,OK
NCI2676SECT-DG-304-053-01-CFN,2676 - DG,Canvas Fern,RENAME,NC->NCI: NC2676SECT-DG-304-053-01-CFN -> NCI2676SECT-DG-304-053-01-CFN,OK
NCI2676SECT-DG-304-052-01-CFN,2676 - DG,Canvas Fern,RENAME,NC->NCI: NC2676SECT-DG-304-052-01-CFN -> NCI2676SECT-DG-304-052-01-CFN,OK
NCI2676-DG-304-001-01-RC,2676 - DG,Refuge Coral,RENAME,NC->NCI: NC2676-DG-304-001-01-RC -> NCI2676-DG-304-001-01-RC,OK
NCI2676SECT-DG-304-032-01-RI,2676 - DG,Refuge Indigo,RENAME,NC->NCI: NC2676SECT-DG-304-032-01-RI -> NCI2676SECT-DG-304-032-01-RI,OK
NCI2676SECT-DG-304-032-01-RC,2676 - DG,Refuge Coral,RENAME,NC->NCI: NC2676SECT-DG-304-032-01-RC -> NCI2676SECT-DG-304-032-01-RC,OK
NCI2676-DG-304-001-01-CFN,2676 - DG,Canvas Fern,RENAME,NC->NCI: NC2676-DG-304-001-01-CFN -> NCI2676-DG-304-001-01-CFN,OK
NCI2676SECT-DG-304-032-01-LDI,2676 - DG,Lido Indigo,RENAME,NC->NCI: NC2676SECT-DG-304-032-01-LDI -> NCI2676SECT-DG-304-032-01-LDI,OK
NCI2676-DG-304-001-01-LDI,2676 - DG,Lido Indigo,RENAME,NC->NCI: NC2676-DG-304-001-01-LDI -> NCI2676-DG-304-001-01-LDI,OK
NCI2676SECT-DG-304-032-01-SD,2676 - DG,Spectrum Dove,RENAME,NC->NCI: NC2676SECT-DG-304-032-01-SD -> NCI2676SECT-DG-304-032-01-SD,OK
NCI2676SECT-DG-304-032-01-SC,2676 - DG,Spectrum Cilantro,RENAME,NC->NCI: NC2676SECT-DG-304-032-01-SC -> NCI2676SECT-DG-304-032-01-SC,OK
NCI2676SECT-DG-304-052-01-CV,2676 - DG,Canvas Navy,RENAME,NC->NCI: NC2676SECT-DG-304-052-01-CV -> NCI2676SECT-DG-304-052-01-CV,OK
NCI2676SECT-DG-304-052-01-BD,2676 - DG,Bliss Dew,RENAME,NC->NCI: NC2676SECT-DG-304-052-01-BD -> NCI2676SECT-DG-304-052-01-BD,OK
NCI2676SECT-DG-304-052-01-DD,2676 - DG,Direction Dew,RENAME,NC->NCI: NC2676SECT-DG-304-052-01-DD -> NCI2676SECT-DG-304-052-01-DD,OK
NCI2676-DG-304-001-01-SD,2676 - DG,Spectrum Dove,RENAME,NC->NCI: NC2676-DG-304-001-01-SD -> NCI2676-DG-304-001-01-SD,OK
NCI2676SECT-DG-304-052-01-RHA,2676 - DG,Relate Harbor,RENAME,NC->NCI: NC2676SECT-DG-304-052-01-RHA -> NCI2676SECT-DG-304-052-01-RHA,OK
NCI2676-DG-304-001-01-BD,2676 - DG,Bliss Dew,RENAME,NC->NCI: NC2676-DG-304-001-01-BD -> NCI2676-DG-304-001-01-BD,OK
NCI2676-DG-304-001-01-SV,2676 - DG,Cast Silver,RENAME,NC->NCI: NC2676-DG-304-001-01-SV -> NCI2676-DG-304-001-01-SV,OK
NCI2676-DG-304-001-01-RI,2676 - DG,Refuge Indigo,RENAME,NC->NCI: NC2676-DG-304-001-01-RI -> NCI2676-DG-304-001-01-RI,OK
NCI2676-DG-304-006-01-RSS,2676 - DG,Refuge Sunshine,RENAME,NC->NCI: NC2676-DG-304-006-01-RSS -> NCI2676-DG-304-006-01-RSS,OK
NCI2676SECT-DG-304-032-01-RSS,2676 - DG,Refuge Sunshine,RENAME,NC->NCI: NC2676SECT-DG-304-032-01-RSS -> NCI2676SECT-DG-304-032-01-RSS,OK
NCI2676-DG-304-001-01-RSS,2676 - DG,Refuge Sunshine,RENAME,NC->NCI: NC2676-DG-304-001-01-RSS -> NCI2676-DG-304-001-01-RSS,OK
NCI2676SECT-DG-304-052-01-RSS,2676 - DG,Refuge Sunshine,RENAME,NC->NCI: NC2676SECT-DG-304-052-01-RSS -> NCI2676SECT-DG-304-052-01-RSS,OK
NCI2676-DG-304-002-01-RSS,2676 - DG,Refuge Sunshine,RENAME,NC->NCI: NC2676-DG-304-002-01-RSS -> NCI2676-DG-304-002-01-RSS,OK
NCI2676SECT-DG-304-034-01-RSS,2676 - DG,Refuge Sunshine,RENAME,NC->NCI: NC2676SECT-DG-304-034-01-RSS -> NCI2676SECT-DG-304-034-01-RSS,OK
NCI2676SECT-DG-304-053-01-RSS,2676 - DG,Refuge Sunshine,RENAME,NC->NCI: NC2676SECT-DG-304-053-01-RSS -> NCI2676SECT-DG-304-053-01-RSS,OK
NCI2676-DG-304-260-01-RSS,2676 - DG,Refuge Sunshine,RENAME,NC->NCI: NC2676-DG-304-260-01-RSS -> NCI2676-DG-304-260-01-RSS,OK
NCI6400-DG-696-006-01-SD,6400 - DG,Spectrum Dove,RENAME,NC->NCI: NC6400-DG-696-006-01-SD -> NCI6400-DG-696-006-01-SD,OK
NCI6400-DG-304-1C1SR1LS13S1CT2CET1OT-CW,6400 - DG,Canvas White,RENAME,NC->NCI: NC6400-DG-304-1C1SR1LS13S1CT2CET1OT-CW -> NCI6400-DG-304-1C1SR1LS13S1CT2CET1OT-CW,OK
NCI6400-DG-304-1C1SR1LS13S1CT2CET1OT-BD,6400 - DG,Bliss Dew,RENAME,NC->NCI: NC6400-DG-304-1C1SR1LS13S1CT2CET1OT-BD -> NCI6400-DG-304-1C1SR1LS13S1CT2CET1OT-BD,OK
NCI6400-DG-304-1C1SR1LS13S1CT2CET1OT-DD,6400 - DG,Direction Dew,RENAME,NC->NCI: NC6400-DG-304-1C1SR1LS13S1CT2CET1OT-DD -> NCI6400-DG-304-1C1SR1LS13S1CT2CET1OT-DD,OK
NCI6400-DG-304-1LLS1RLS1CET-SD,6400 - DG,Spectrum Dove,RENAME,NC->NCI: NC6400-DG-304-1LLS1RLS1CET-SD -> NCI6400-DG-304-1LLS1RLS1CET-SD,OK
NCI6400-DG-304-1C1SR1LS13S1CT2CET1OT-CV,6400 - DG,Canvas Navy,RENAME,NC->NCI: NC6400-DG-304-1C1SR1LS13S1CT2CET1OT-CV -> NCI6400-DG-304-1C1SR1LS13S1CT2CET1OT-CV,OK
NCI6400-DG-304-1LLS1RLS1CET-DD,6400 - DG,Direction Dew,RENAME,NC->NCI: NC6400-DG-304-1LLS1RLS1CET-DD -> NCI6400-DG-304-1LLS1RLS1CET-DD,OK
NCI6400-DG-304-1LLS1RLS1CET-RHA,6400 - DG,Relate Harbor,RENAME,NC->NCI: NC6400-DG-304-1LLS1RLS1CET-RHA -> NCI6400-DG-304-1LLS1RLS1CET-RHA,OK
NCI6400-DG-304-1LLS1RLS1CET-CW,6400 - DG,Canvas White,RENAME,NC->NCI: NC6400-DG-304-1LLS1RLS1CET-CW -> NCI6400-DG-304-1LLS1RLS1CET-CW,OK
NCI6400-DG-304-1C1SR1LS13S1CT2CET1OT-SC,6400 - DG,Spectrum Cilantro,RENAME,NC->NCI: NC6400-DG-304-1C1SR1LS13S1CT2CET1OT-SC -> NCI6400-DG-304-1C1SR1LS13S1CT2CET1OT-SC,OK
NCI6400-DG-304-1C1SR1LS13S1CT2CET1OT-SD,6400 - DG,Spectrum Dove,RENAME,NC->NCI: NC6400-DG-304-1C1SR1LS13S1CT2CET1OT-SD -> NCI6400-DG-304-1C1SR1LS13S1CT2CET1OT-SD,OK
NCI6400-DG-304-1LLS1RLS1SCC1MC1CT-RHA,6400 - DG,Relate Harbor,RENAME,NC->NCI: NC6400-DG-304-1LLS1RLS1SCC1MC1CT-RHA -> NCI6400-DG-304-1LLS1RLS1SCC1MC1CT-RHA,OK
NCI6400-DG-304-1LLS1RLS1SCC1MC1CT-CW,6400 - DG,Canvas White,RENAME,NC->NCI: NC6400-DG-304-1LLS1RLS1SCC1MC1CT-CW -> NCI6400-DG-304-1LLS1RLS1SCC1MC1CT-CW,OK
NCI6400-DG-304-1LLS1RLS1SCC1MC1CT-DD,6400 - DG,Direction Dew,RENAME,NC->NCI: NC6400-DG-304-1LLS1RLS1SCC1MC1CT-DD -> NCI6400-DG-304-1LLS1RLS1SCC1MC1CT-DD,OK
NCI6400-DG-304-2C13S1CT2ET-RHA,6400 - DG,Relate Harbor,RENAME,NC->NCI: NC6400-DG-304-2C13S1CT2ET-RHA -> NCI6400-DG-304-2C13S1CT2ET-RHA,OK
NCI6400-DG-304-2C13S1CT2ET-BD,6400 - DG,Bliss Dew,RENAME,NC->NCI: NC6400-DG-304-2C13S1CT2ET-BD -> NCI6400-DG-304-2C13S1CT2ET-BD,OK
NCI6400-DG-304-2C13S1CT2ET-SC,6400 - DG,Spectrum Cilantro,RENAME,NC->NCI: NC6400-DG-304-2C13S1CT2ET-SC -> NCI6400-DG-304-2C13S1CT2ET-SC,OK
NCI6400-DG-304-1C1SR1LS13S1CT2CET1OT-RHA,6400 - DG,Relate Harbor,RENAME,NC->NCI: NC6400-DG-304-1C1SR1LS13S1CT2CET1OT-RHA -> NCI6400-DG-304-1C1SR1LS13S1CT2CET1OT-RHA,OK
NCI6400-DG-304-1LLS1RLS1CET-CV,6400 - DG,Canvas Navy,RENAME,NC->NCI: NC6400-DG-304-1LLS1RLS1CET-CV -> NCI6400-DG-304-1LLS1RLS1CET-CV,OK
NCI6400-DG-304-1LLS1RLS1SCC1CT-SC,6400 - DG,Spectrum Cilantro,RENAME,NC->NCI: NC6400-DG-304-1LLS1RLS1SCC1CT-SC -> NCI6400-DG-304-1LLS1RLS1SCC1CT-SC,OK
NCI6400-DG-304-1LLS1RLS1CET-SC,6400 - DG,Spectrum Cilantro,RENAME,NC->NCI: NC6400-DG-304-1LLS1RLS1CET-SC -> NCI6400-DG-304-1LLS1RLS1CET-SC,OK
NCI6400-DG-304-1LLS1RLS1SCC1MC1CT-BD,6400 - DG,Bliss Dew,RENAME,NC->NCI: NC6400-DG-304-1LLS1RLS1SCC1MC1CT-BD -> NCI6400-DG-304-1LLS1RLS1SCC1MC1CT-BD,OK
NCI6400-DG-304-1LLS1RLS1CET-BD,6400 - DG,Bliss Dew,RENAME,NC->NCI: NC6400-DG-304-1LLS1RLS1CET-BD -> NCI6400-DG-304-1LLS1RLS1CET-BD,OK
NCI6400-DG-304-2C13S1CT2ET-CV,6400 - DG,Canvas Navy,RENAME,NC->NCI: NC6400-DG-304-2C13S1CT2ET-CV -> NCI6400-DG-304-2C13S1CT2ET-CV,OK
NCI6400-DG-304-2C13S1CT2ET-DD,6400 - DG,Direction Dew,RENAME,NC->NCI: NC6400-DG-304-2C13S1CT2ET-DD -> NCI6400-DG-304-2C13S1CT2ET-DD,OK
NCI6400-DG-304-2C13S1CT2ET-SD,6400 - DG,Spectrum Dove,RENAME,NC->NCI: NC6400-DG-304-2C13S1CT2ET-SD -> NCI6400-DG-304-2C13S1CT2ET-SD,OK
NCI6400-DG-304-1LLS1RLS1SCC1CT-SD,6400 - DG,Spectrum Dove,RENAME,NC->NCI: NC6400-DG-304-1LLS1RLS1SCC1CT-SD -> NCI6400-DG-304-1LLS1RLS1SCC1CT-SD,OK
NCI6400-DG-304-2C13S1CT2ET-CW,6400 - DG,Canvas White,RENAME,NC->NCI: NC6400-DG-304-2C13S1CT2ET-CW -> NCI6400-DG-304-2C13S1CT2ET-CW,OK
NCI6400-DG-304-001-01-BD,6400 - DG,Bliss Dew,RENAME,NC->NCI: NC6400-DG-304-001-01-BD -> NCI6400-DG-304-001-01-BD,OK
NCI6400-DG-304-006-01-SD,6400 - DG,Spectrum Dove,RENAME,NC->NCI: NC6400-DG-304-006-01-SD -> NCI6400-DG-304-006-01-SD,OK
NCI6400-DG-304-4SR-DD,6400 - DG,Direction Dew,RENAME,NC->NCI: NC6400-DG-304-4SR-DD -> NCI6400-DG-304-4SR-DD,OK
NCI6400-DG-304-006-01-DD,6400 - DG,Direction Dew,RENAME,NC->NCI: NC6400-DG-304-006-01-DD -> NCI6400-DG-304-006-01-DD,OK
NCI6400-DG-304-006-01-SC,6400 - DG,Spectrum Cilantro,RENAME,NC->NCI: NC6400-DG-304-006-01-SC -> NCI6400-DG-304-006-01-SC,OK
NCI6400-DG-304-4SR-CW,6400 - DG,Canvas White,RENAME,NC->NCI: NC6400-DG-304-4SR-CW -> NCI6400-DG-304-4SR-CW,OK
NCI6400-DG-304-4SR-BD,6400 - DG,Bliss Dew,RENAME,NC->NCI: NC6400-DG-304-4SR-BD -> NCI6400-DG-304-4SR-BD,OK
NCI6400-DG-304-4SR-SC,6400 - DG,Spectrum Cilantro,RENAME,NC->NCI: NC6400-DG-304-4SR-SC -> NCI6400-DG-304-4SR-SC,OK
NCI6400-DG-304-006-01-RHA-SPT696,6400 - DG,Relate Harbor,RENAME,NC->NCI: NC6400-DG-304-006-01-RHA-SPT696 -> NCI6400-DG-304-006-01-RHA-SPT696,OK
NCI6400-DG-304-006-01-SD-SPT696,6400 - DG,Spectrum Dove,RENAME,NC->NCI: NC6400-DG-304-006-01-SD-SPT696 -> NCI6400-DG-304-006-01-SD-SPT696,OK
NCI6400-DG-304-006-01-BD-SPT696,6400 - DG,Bliss Dew,RENAME,NC->NCI: NC6400-DG-304-006-01-BD-SPT696 -> NCI6400-DG-304-006-01-BD-SPT696,OK
NCI6400-DG-304-006-01-CV-SPT696,6400 - DG,Canvas Navy,RENAME,NC->NCI: NC6400-DG-304-006-01-CV-SPT696 -> NCI6400-DG-304-006-01-CV-SPT696,OK
NCI6400-DG-304-006-01-DD-SPT696,6400 - DG,Direction Dew,RENAME,NC->NCI: NC6400-DG-304-006-01-DD-SPT696 -> NCI6400-DG-304-006-01-DD-SPT696,OK
NCI6400-DG-304-1LLS1RLS1SCC1CT-DD,6400 - DG,Direction Dew,RENAME,NC->NCI: NC6400-DG-304-1LLS1RLS1SCC1CT-DD -> NCI6400-DG-304-1LLS1RLS1SCC1CT-DD,OK
NCI6400-DG-304-1LLS1RLS1SCC1CT-CV,6400 - DG,Canvas Navy,RENAME,NC->NCI: NC6400-DG-304-1LLS1RLS1SCC1CT-CV -> NCI6400-DG-304-1LLS1RLS1SCC1CT-CV,OK
NCI6400-DG-304-006-01-BD,6400 - DG,Bliss Dew,RENAME,NC->NCI: NC6400-DG-304-006-01-BD -> NCI6400-DG-304-006-01-BD,OK
NCI6400-DG-304-006-01-SC-SPT696,6400 - DG,Spectrum Cilantro,RENAME,NC->NCI: NC6400-DG-304-006-01-SC-SPT696 -> NCI6400-DG-304-006-01-SC-SPT696,OK
NCI6400-DG-304-4SR-CV,6400 - DG,Canvas Navy,RENAME,NC->NCI: NC6400-DG-304-4SR-CV -> NCI6400-DG-304-4SR-CV,OK
NCI6400-DG-304-001-01-CV,6400 - DG,Canvas Navy,RENAME,NC->NCI: NC6400-DG-304-001-01-CV -> NCI6400-DG-304-001-01-CV,OK
NCI6400-DG-304-001-01-SD,6400 - DG,Spectrum Dove,RENAME,NC->NCI: NC6400-DG-304-001-01-SD -> NCI6400-DG-304-001-01-SD,OK
NCI6400-DG-304-4SR-SD,6400 - DG,Spectrum Dove,RENAME,NC->NCI: NC6400-DG-304-4SR-SD -> NCI6400-DG-304-4SR-SD,OK
NCI6400-DG-304-1LLS1RLS1MC1CET-SD,6400 - DG,Spectrum Dove,RENAME,NC->NCI: NC6400-DG-304-1LLS1RLS1MC1CET-SD -> NCI6400-DG-304-1LLS1RLS1MC1CET-SD,OK
NCI6400-DG-304-1LLS1RLS1SCC1MC1CT-CV,6400 - DG,Canvas Navy,RENAME,NC->NCI: NC6400-DG-304-1LLS1RLS1SCC1MC1CT-CV -> NCI6400-DG-304-1LLS1RLS1SCC1MC1CT-CV,OK
NCI6400-DG-304-1LLS1RLS1SCC1MC1CT-SC,6400 - DG,Spectrum Cilantro,RENAME,NC->NCI: NC6400-DG-304-1LLS1RLS1SCC1MC1CT-SC -> NCI6400-DG-304-1LLS1RLS1SCC1MC1CT-SC,OK
NCI6400-DG-304-1LLS1RLS1MC1CET-RHA,6400 - DG,Relate Harbor,RENAME,NC->NCI: NC6400-DG-304-1LLS1RLS1MC1CET-RHA -> NCI6400-DG-304-1LLS1RLS1MC1CET-RHA,OK
NCI6400-DG-304-1LLS1RLS1MC1CET-CW,6400 - DG,Canvas White,RENAME,NC->NCI: NC6400-DG-304-1LLS1RLS1MC1CET-CW -> NCI6400-DG-304-1LLS1RLS1MC1CET-CW,OK
NCI6400-DG-304-1LLS1RLS1MC1CET-SC,6400 - DG,Spectrum Cilantro,RENAME,NC->NCI: NC6400-DG-304-1LLS1RLS1MC1CET-SC -> NCI6400-DG-304-1LLS1RLS1MC1CET-SC,OK
NCI6400-DG-304-001-01-SC,6400 - DG,Spectrum Cilantro,RENAME,NC->NCI: NC6400-DG-304-001-01-SC -> NCI6400-DG-304-001-01-SC,OK
NCI6400-DG-304-1LLS1RLS1SCC1CT-CW,6400 - DG,Canvas White,RENAME,NC->NCI: NC6400-DG-304-1LLS1RLS1SCC1CT-CW -> NCI6400-DG-304-1LLS1RLS1SCC1CT-CW,OK
NCI6400-DG-304-1LLS1RLS1MC1CET-CV,6400 - DG,Canvas Navy,RENAME,NC->NCI: NC6400-DG-304-1LLS1RLS1MC1CET-CV -> NCI6400-DG-304-1LLS1RLS1MC1CET-CV,OK
NCI6400-DG-304-001-01-DD,6400 - DG,Direction Dew,RENAME,NC->NCI: NC6400-DG-304-001-01-DD -> NCI6400-DG-304-001-01-DD,OK
NCI6400SECT-DG-304-052-01-BD,6400 - DG,Bliss Dew,RENAME,NC->NCI: NC6400SECT-DG-304-052-01-BD -> NCI6400SECT-DG-304-052-01-BD,OK
NCI6400-DG-304-1LLS1RLS1MC1CET-BD,6400 - DG,Bliss Dew,RENAME,NC->NCI: NC6400-DG-304-1LLS1RLS1MC1CET-BD -> NCI6400-DG-304-1LLS1RLS1MC1CET-BD,OK
NCI6400-DG-304-1LLS1RLS1SCC1CT-BD,6400 - DG,Bliss Dew,RENAME,NC->NCI: NC6400-DG-304-1LLS1RLS1SCC1CT-BD -> NCI6400-DG-304-1LLS1RLS1SCC1CT-BD,OK
NCI6400-DG-304-1LLS1RLS1SCC1CT-RHA,6400 - DG,Relate Harbor,RENAME,NC->NCI: NC6400-DG-304-1LLS1RLS1SCC1CT-RHA -> NCI6400-DG-304-1LLS1RLS1SCC1CT-RHA,OK
NCI6400-DG-304-1LLS1RLS1MC1CET-DD,6400 - DG,Direction Dew,RENAME,NC->NCI: NC6400-DG-304-1LLS1RLS1MC1CET-DD -> NCI6400-DG-304-1LLS1RLS1MC1CET-DD,OK
NCI6400SECT-DG-304-052-01-CV,6400 - DG,Canvas Navy,RENAME,NC->NCI: NC6400SECT-DG-304-052-01-CV -> NCI6400SECT-DG-304-052-01-CV,OK
NCI6400-DG-304-006-01-CW-SPT696,6400 - DG,Canvas White,RENAME,NC->NCI: NC6400-DG-304-006-01-CW-SPT696 -> NCI6400-DG-304-006-01-CW-SPT696,OK
NCI6400-DG-304-1LLS1RLS1SCC1MC1CT-SD,6400 - DG,Spectrum Dove,RENAME,NC->NCI: NC6400-DG-304-1LLS1RLS1SCC1MC1CT-SD -> NCI6400-DG-304-1LLS1RLS1SCC1MC1CT-SD,OK
NCI6400-DG-304-4SR-RHA,6400 - DG,Relate Harbor,RENAME,NC->NCI: NC6400-DG-304-4SR-RHA -> NCI6400-DG-304-4SR-RHA,OK
NCI6400SECT-DG-304-052-01-DD,6400 - DG,Direction Dew,RENAME,NC->NCI: NC6400SECT-DG-304-052-01-DD -> NCI6400SECT-DG-304-052-01-DD,OK
NCI6400SECT-DG-304-052-01-RHA,6400 - DG,Relate Harbor,RENAME,NC->NCI: NC6400SECT-DG-304-052-01-RHA -> NCI6400SECT-DG-304-052-01-RHA,OK
NCI6400SECT-DG-304-052-01-SC,6400 - DG,Spectrum Cilantro,RENAME,NC->NCI: NC6400SECT-DG-304-052-01-SC -> NCI6400SECT-DG-304-052-01-SC,OK
NCI6400SECT-DG-304-052-01-SD,6400 - DG,Spectrum Dove,RENAME,NC->NCI: NC6400SECT-DG-304-052-01-SD -> NCI6400SECT-DG-304-052-01-SD,OK
NCI6400-DG-304-002-01-BD,6400 - DG,Bliss Dew,RENAME,NC->NCI: NC6400-DG-304-002-01-BD -> NCI6400-DG-304-002-01-BD,OK
NCI6400SECT-DG-304-052-01-CW,6400 - DG,Canvas White,RENAME,NC->NCI: NC6400SECT-DG-304-052-01-CW -> NCI6400SECT-DG-304-052-01-CW,OK
NCI6400-DG-304-002-01-SC,6400 - DG,Spectrum Cilantro,RENAME,NC->NCI: NC6400-DG-304-002-01-SC -> NCI6400-DG-304-002-01-SC,OK
NCI6400-DG-304-002-01-DD,6400 - DG,Direction Dew,RENAME,NC->NCI: NC6400-DG-304-002-01-DD -> NCI6400-DG-304-002-01-DD,OK
NCI6400-DG-304-002-01-SD,6400 - DG,Spectrum Dove,RENAME,NC->NCI: NC6400-DG-304-002-01-SD -> NCI6400-DG-304-002-01-SD,OK
NCI6400-DG-304-068-01-BD,6400 - DG,Bliss Dew,RENAME,NC->NCI: NC6400-DG-304-068-01-BD -> NCI6400-DG-304-068-01-BD,OK
NCI6400-DG-304-068-01-CV,6400 - DG,Canvas Navy,RENAME,NC->NCI: NC6400-DG-304-068-01-CV -> NCI6400-DG-304-068-01-CV,OK
NCI6400-DG-304-068-01-CW,6400 - DG,Canvas White,RENAME,NC->NCI: NC6400-DG-304-068-01-CW -> NCI6400-DG-304-068-01-CW,OK
NCI6400-DG-304-068-01-DD,6400 - DG,Direction Dew,RENAME,NC->NCI: NC6400-DG-304-068-01-DD -> NCI6400-DG-304-068-01-DD,OK
NCI6400-DG-304-068-01-SD,6400 - DG,Spectrum Dove,RENAME,NC->NCI: NC6400-DG-304-068-01-SD -> NCI6400-DG-304-068-01-SD,OK
NCI6400SECT-DG-304-053-01-CV,6400 - DG,Canvas Navy,RENAME,NC->NCI: NC6400SECT-DG-304-053-01-CV -> NCI6400SECT-DG-304-053-01-CV,OK
NCI6400SECT-DG-304-053-01-CW,6400 - DG,Canvas White,RENAME,NC->NCI: NC6400SECT-DG-304-053-01-CW -> NCI6400SECT-DG-304-053-01-CW,OK
NCI6400SECT-DG-304-053-01-DD,6400 - DG,Direction Dew,RENAME,NC->NCI: NC6400SECT-DG-304-053-01-DD -> NCI6400SECT-DG-304-053-01-DD,OK
NCI6400-DG-304-068-01-SC,6400 - DG,Spectrum Cilantro,RENAME,NC->NCI: NC6400-DG-304-068-01-SC -> NCI6400-DG-304-068-01-SC,OK
NCI6400SECT-DG-304-053-01-RHA,6400 - DG,Relate Harbor,RENAME,NC->NCI: NC6400SECT-DG-304-053-01-RHA -> NCI6400SECT-DG-304-053-01-RHA,OK
NCI6400SECT-DG-304-053-01-SC,6400 - DG,Spectrum Cilantro,RENAME,NC->NCI: NC6400SECT-DG-304-053-01-SC -> NCI6400SECT-DG-304-053-01-SC,OK
NCI6400SECT-DG-304-053-01-BD,6400 - DG,Bliss Dew,RENAME,NC->NCI: NC6400SECT-DG-304-053-01-BD -> NCI6400SECT-DG-304-053-01-BD,OK
NCI6400-DG-304-260-01-DD,6400 - DG,Direction Dew,RENAME,NC->NCI: NC6400-DG-304-260-01-DD -> NCI6400-DG-304-260-01-DD,OK
NCI6400-DG-304-260-01-CW,6400 - DG,Canvas White,RENAME,NC->NCI: NC6400-DG-304-260-01-CW -> NCI6400-DG-304-260-01-CW,OK
NCI6400SECT-DG-304-053-01-SD,6400 - DG,Spectrum Dove,RENAME,NC->NCI: NC6400SECT-DG-304-053-01-SD -> NCI6400SECT-DG-304-053-01-SD,OK
NCI6400-DG-304-260-01-BD,6400 - DG,Bliss Dew,RENAME,NC->NCI: NC6400-DG-304-260-01-BD -> NCI6400-DG-304-260-01-BD,OK
NCI6400-DG-304-260-01-CV,6400 - DG,Canvas Navy,RENAME,NC->NCI: NC6400-DG-304-260-01-CV -> NCI6400-DG-304-260-01-CV,OK
NCI6400-DG-304-260-01-SC,6400 - DG,Spectrum Cilantro,RENAME,NC->NCI: NC6400-DG-304-260-01-SC -> NCI6400-DG-304-260-01-SC,OK
NCI6400-DG-713-1C1SR1LS13S1CT2CET1OT-CW-SPT713,6400 - DG,Canvas White,RENAME,NC->NCI: NC6400-DG-713-1C1SR1LS13S1CT2CET1OT-CW-SPT713 -> NCI6400-DG-713-1C1SR1LS13S1CT2CET1OT-CW-SPT713,OK
NCI6400-DG-713-1C1SR1LS13S1CT2CET1OT-BD,6400 - DG,Bliss Dew,RENAME,NC->NCI: NC6400-DG-713-1C1SR1LS13S1CT2CET1OT-BD -> NCI6400-DG-713-1C1SR1LS13S1CT2CET1OT-BD,OK
NCI6400-DG-713-1C1SR1LS13S1CT2CET1OT-SC,6400 - DG,Spectrum Cilantro,RENAME,NC->NCI: NC6400-DG-713-1C1SR1LS13S1CT2CET1OT-SC -> NCI6400-DG-713-1C1SR1LS13S1CT2CET1OT-SC,OK
NCI6400-DG-304-260-01-SD,6400 - DG,Spectrum Dove,RENAME,NC->NCI: NC6400-DG-304-260-01-SD -> NCI6400-DG-304-260-01-SD,OK
NCI6400-DG-713-1C1SR1LS13S1CT2CET1OT-CV,6400 - DG,Canvas Navy,RENAME,NC->NCI: NC6400-DG-713-1C1SR1LS13S1CT2CET1OT-CV -> NCI6400-DG-713-1C1SR1LS13S1CT2CET1OT-CV,OK
NCI6400-DG-713-1C1SR1LS13S1CT2CET1OT-DD,6400 - DG,Direction Dew,RENAME,NC->NCI: NC6400-DG-713-1C1SR1LS13S1CT2CET1OT-DD -> NCI6400-DG-713-1C1SR1LS13S1CT2CET1OT-DD,OK
NCI6400-DG-713-1C1SR1LS13S1CT2CET1OT-CV-SPT713,6400 - DG,Canvas Navy,RENAME,NC->NCI: NC6400-DG-713-1C1SR1LS13S1CT2CET1OT-CV-SPT713 -> NCI6400-DG-713-1C1SR1LS13S1CT2CET1OT-CV-SPT713,OK
NCI6400-DG-713-1C1SR1LS13S1CT2CET1OT-DD-SPT713,6400 - DG,Direction Dew,RENAME,NC->NCI: NC6400-DG-713-1C1SR1LS13S1CT2CET1OT-DD-SPT713 -> NCI6400-DG-713-1C1SR1LS13S1CT2CET1OT-DD-SPT713,OK
NCI6400-DG-713-1C1SR1LS13S1CT2CET1OT-RHA-SPT713,6400 - DG,Relate Harbor,RENAME,NC->NCI: NC6400-DG-713-1C1SR1LS13S1CT2CET1OT-RHA-SPT713 -> NCI6400-DG-713-1C1SR1LS13S1CT2CET1OT-RHA-SPT713,OK
NCI6400-DG-713-1C1SR1LS13S1CT2CET1OT-SC-SPT713,6400 - DG,Spectrum Cilantro,RENAME,NC->NCI: NC6400-DG-713-1C1SR1LS13S1CT2CET1OT-SC-SPT713 -> NCI6400-DG-713-1C1SR1LS13S1CT2CET1OT-SC-SPT713,OK
NCI6400-DG-713-1LLS1RLS1CET-SC-SPT713,6400 - DG,Spectrum Cilantro,RENAME,NC->NCI: NC6400-DG-713-1LLS1RLS1CET-SC-SPT713 -> NCI6400-DG-713-1LLS1RLS1CET-SC-SPT713,OK
NCI6400-DG-713-1LLS1RLS1CET-SC,6400 - DG,Spectrum Cilantro,RENAME,NC->NCI: NC6400-DG-713-1LLS1RLS1CET-SC -> NCI6400-DG-713-1LLS1RLS1CET-SC,OK
NCI6400-DG-713-1LLS1RLS1CET-RHA-SPT713,6400 - DG,Relate Harbor,RENAME,NC->NCI: NC6400-DG-713-1LLS1RLS1CET-RHA-SPT713 -> NCI6400-DG-713-1LLS1RLS1CET-RHA-SPT713,OK
NCI6400-DG-713-1C1SR1LS13S1CT2CET1OT-SD,6400 - DG,Spectrum Dove,RENAME,NC->NCI: NC6400-DG-713-1C1SR1LS13S1CT2CET1OT-SD -> NCI6400-DG-713-1C1SR1LS13S1CT2CET1OT-SD,OK
NCI6400-DG-713-1LLS1RLS1CET-BD-SPT713,6400 - DG,Bliss Dew,RENAME,NC->NCI: NC6400-DG-713-1LLS1RLS1CET-BD-SPT713 -> NCI6400-DG-713-1LLS1RLS1CET-BD-SPT713,OK
NCI6400-DG-713-1LLS1RLS1CET-DD-SPT713,6400 - DG,Direction Dew,RENAME,NC->NCI: NC6400-DG-713-1LLS1RLS1CET-DD-SPT713 -> NCI6400-DG-713-1LLS1RLS1CET-DD-SPT713,OK
NCI6400-DG-713-1LLS1RLS1MC1CET-BD,6400 - DG,Bliss Dew,RENAME,NC->NCI: NC6400-DG-713-1LLS1RLS1MC1CET-BD -> NCI6400-DG-713-1LLS1RLS1MC1CET-BD,OK
NCI6400-DG-713-1LLS1RLS1CET-SD,6400 - DG,Spectrum Dove,RENAME,NC->NCI: NC6400-DG-713-1LLS1RLS1CET-SD -> NCI6400-DG-713-1LLS1RLS1CET-SD,OK
NCI6400-DG-713-1C1SR1LS13S1CT2CET1OT-CW,6400 - DG,Canvas White,RENAME,NC->NCI: NC6400-DG-713-1C1SR1LS13S1CT2CET1OT-CW -> NCI6400-DG-713-1C1SR1LS13S1CT2CET1OT-CW,OK
NCI6400-DG-713-1LLS1RLS1CET-CW-SPT713,6400 - DG,Canvas White,RENAME,NC->NCI: NC6400-DG-713-1LLS1RLS1CET-CW-SPT713 -> NCI6400-DG-713-1LLS1RLS1CET-CW-SPT713,OK
NCI6400-DG-713-1C1SR1LS13S1CT2CET1OT-SD-SPT713,6400 - DG,Spectrum Dove,RENAME,NC->NCI: NC6400-DG-713-1C1SR1LS13S1CT2CET1OT-SD-SPT713 -> NCI6400-DG-713-1C1SR1LS13S1CT2CET1OT-SD-SPT713,OK
NCI6400-DG-713-1LLS1RLS1MC1CET-DD,6400 - DG,Direction Dew,RENAME,NC->NCI: NC6400-DG-713-1LLS1RLS1MC1CET-DD -> NCI6400-DG-713-1LLS1RLS1MC1CET-DD,OK
NCI6400-DG-713-1LLS1RLS1CET-RHA,6400 - DG,Relate Harbor,RENAME,NC->NCI: NC6400-DG-713-1LLS1RLS1CET-RHA -> NCI6400-DG-713-1LLS1RLS1CET-RHA,OK
NCI6400-DG-713-1LLS1RLS1MC1CET-RHA,6400 - DG,Relate Harbor,RENAME,NC->NCI: NC6400-DG-713-1LLS1RLS1MC1CET-RHA -> NCI6400-DG-713-1LLS1RLS1MC1CET-RHA,OK
NCI6400-DG-713-1C1SR1LS13S1CT2CET1OT-BD-SPT713,6400 - DG,Bliss Dew,RENAME,NC->NCI: NC6400-DG-713-1C1SR1LS13S1CT2CET1OT-BD-SPT713 -> NCI6400-DG-713-1C1SR1LS13S1CT2CET1OT-BD-SPT713,OK
NCI6400-DG-713-1LLS1RLS1MC1CET-SC,6400 - DG,Spectrum Cilantro,RENAME,NC->NCI: NC6400-DG-713-1LLS1RLS1MC1CET-SC -> NCI6400-DG-713-1LLS1RLS1MC1CET-SC,OK
NCI6400-DG-713-1LLS1RLS1CET-SD-SPT713,6400 - DG,Spectrum Dove,RENAME,NC->NCI: NC6400-DG-713-1LLS1RLS1CET-SD-SPT713 -> NCI6400-DG-713-1LLS1RLS1CET-SD-SPT713,OK
NCI6400-DG-713-1C1SR1LS13S1CT2CET1OT-RHA,6400 - DG,Relate Harbor,RENAME,NC->NCI: NC6400-DG-713-1C1SR1LS13S1CT2CET1OT-RHA -> NCI6400-DG-713-1C1SR1LS13S1CT2CET1OT-RHA,OK
NCI6400-DG-713-1LLS1RLS1CET-DD,6400 - DG,Direction Dew,RENAME,NC->NCI: NC6400-DG-713-1LLS1RLS1CET-DD -> NCI6400-DG-713-1LLS1RLS1CET-DD,OK
NCI6400-DG-713-1LLS1RLS1CET-CV-SPT713,6400 - DG,Canvas Navy,RENAME,NC->NCI: NC6400-DG-713-1LLS1RLS1CET-CV-SPT713 -> NCI6400-DG-713-1LLS1RLS1CET-CV-SPT713,OK
NCI6400-DG-713-1LLS1RLS1CET-BD,6400 - DG,Bliss Dew,RENAME,NC->NCI: NC6400-DG-713-1LLS1RLS1CET-BD -> NCI6400-DG-713-1LLS1RLS1CET-BD,OK
NCI6400-DG-713-1LLS1RLS1MC1CET-DD-SPT713,6400 - DG,Direction Dew,RENAME,NC->NCI: NC6400-DG-713-1LLS1RLS1MC1CET-DD-SPT713 -> NCI6400-DG-713-1LLS1RLS1MC1CET-DD-SPT713,OK
NCI6400-DG-713-1LLS1RLS1SCC1CT-RHA,6400 - DG,Relate Harbor,RENAME,NC->NCI: NC6400-DG-713-1LLS1RLS1SCC1CT-RHA -> NCI6400-DG-713-1LLS1RLS1SCC1CT-RHA,OK
NCI6400-DG-713-1LLS1RLS1SCC1MC1CT-CV,6400 - DG,Canvas Navy,RENAME,NC->NCI: NC6400-DG-713-1LLS1RLS1SCC1MC1CT-CV -> NCI6400-DG-713-1LLS1RLS1SCC1MC1CT-CV,OK
NCI6400-DG-713-1LLS1RLS1SCC1CT-CW-SPT713,6400 - DG,Canvas White,RENAME,NC->NCI: NC6400-DG-713-1LLS1RLS1SCC1CT-CW-SPT713 -> NCI6400-DG-713-1LLS1RLS1SCC1CT-CW-SPT713,OK
NCI6400-DG-713-1LLS1RLS1SCC1MC1CT-CW,6400 - DG,Canvas White,RENAME,NC->NCI: NC6400-DG-713-1LLS1RLS1SCC1MC1CT-CW -> NCI6400-DG-713-1LLS1RLS1SCC1MC1CT-CW,OK
NCI6400-DG-713-1LLS1RLS1SCC1MC1CT-BD,6400 - DG,Bliss Dew,RENAME,NC->NCI: NC6400-DG-713-1LLS1RLS1SCC1MC1CT-BD -> NCI6400-DG-713-1LLS1RLS1SCC1MC1CT-BD,OK
NCI6400-DG-713-1LLS1RLS1SCC1MC1CT-SD-SPT713,6400 - DG,Spectrum Dove,RENAME,NC->NCI: NC6400-DG-713-1LLS1RLS1SCC1MC1CT-SD-SPT713 -> NCI6400-DG-713-1LLS1RLS1SCC1MC1CT-SD-SPT713,OK
NCI6400-DG-713-1LLS1RLS1SCC1CT-RHA-SPT713,6400 - DG,Relate Harbor,RENAME,NC->NCI: NC6400-DG-713-1LLS1RLS1SCC1CT-RHA-SPT713 -> NCI6400-DG-713-1LLS1RLS1SCC1CT-RHA-SPT713,OK
NCI6400-DG-713-1LLS1RLS1SCC1MC1CT-BD-SPT713,6400 - DG,Bliss Dew,RENAME,NC->NCI: NC6400-DG-713-1LLS1RLS1SCC1MC1CT-BD-SPT713 -> NCI6400-DG-713-1LLS1RLS1SCC1MC1CT-BD-SPT713,OK
NCI6400-DG-713-2C13S1CT2ET-DD,6400 - DG,Direction Dew,RENAME,NC->NCI: NC6400-DG-713-2C13S1CT2ET-DD -> NCI6400-DG-713-2C13S1CT2ET-DD,OK
NCI6400-DG-713-1LLS1RLS1MC1CET-SC-SPT713,6400 - DG,Spectrum Cilantro,RENAME,NC->NCI: NC6400-DG-713-1LLS1RLS1MC1CET-SC-SPT713 -> NCI6400-DG-713-1LLS1RLS1MC1CET-SC-SPT713,OK
NCI6400-DG-713-2C13S1CT2ET-RHA,6400 - DG,Relate Harbor,RENAME,NC->NCI: NC6400-DG-713-2C13S1CT2ET-RHA -> NCI6400-DG-713-2C13S1CT2ET-RHA,OK
NCI6400-DG-713-1LLS1RLS1SCC1MC1CT-RHA,6400 - DG,Relate Harbor,RENAME,NC->NCI: NC6400-DG-713-1LLS1RLS1SCC1MC1CT-RHA -> NCI6400-DG-713-1LLS1RLS1SCC1MC1CT-RHA,OK
NCI6400-DG-713-1LLS1RLS1MC1CET-RHA-SPT713,6400 - DG,Relate Harbor,RENAME,NC->NCI: NC6400-DG-713-1LLS1RLS1MC1CET-RHA-SPT713 -> NCI6400-DG-713-1LLS1RLS1MC1CET-RHA-SPT713,OK
NCI6400-DG-713-1LLS1RLS1SCC1MC1CT-SD,6400 - DG,Spectrum Dove,RENAME,NC->NCI: NC6400-DG-713-1LLS1RLS1SCC1MC1CT-SD -> NCI6400-DG-713-1LLS1RLS1SCC1MC1CT-SD,OK
NCI6400-DG-713-2C13S1CT2ET-CV-SPT713,6400 - DG,Canvas Navy,RENAME,NC->NCI: NC6400-DG-713-2C13S1CT2ET-CV-SPT713 -> NCI6400-DG-713-2C13S1CT2ET-CV-SPT713,OK
NCI6400-DG-713-1LLS1RLS1SCC1CT-BD,6400 - DG,Bliss Dew,RENAME,NC->NCI: NC6400-DG-713-1LLS1RLS1SCC1CT-BD -> NCI6400-DG-713-1LLS1RLS1SCC1CT-BD,OK
NCI6400-DG-713-1LLS1RLS1SCC1MC1CT-SC,6400 - DG,Spectrum Cilantro,RENAME,NC->NCI: NC6400-DG-713-1LLS1RLS1SCC1MC1CT-SC -> NCI6400-DG-713-1LLS1RLS1SCC1MC1CT-SC,OK
NCI6400-DG-713-2C13S1CT2ET-SD,6400 - DG,Spectrum Dove,RENAME,NC->NCI: NC6400-DG-713-2C13S1CT2ET-SD -> NCI6400-DG-713-2C13S1CT2ET-SD,OK
NCI6400-DG-713-1LLS1RLS1SCC1MC1CT-RHA-SPT713,6400 - DG,Relate Harbor,RENAME,NC->NCI: NC6400-DG-713-1LLS1RLS1SCC1MC1CT-RHA-SPT713 -> NCI6400-DG-713-1LLS1RLS1SCC1MC1CT-RHA-SPT713,OK
NCI6400-DG-713-2C13S1CT2ET-RHA-SPT713,6400 - DG,Relate Harbor,RENAME,NC->NCI: NC6400-DG-713-2C13S1CT2ET-RHA-SPT713 -> NCI6400-DG-713-2C13S1CT2ET-RHA-SPT713,OK
NCI6400-DG-713-2C13S1CT2ET-CW,6400 - DG,Canvas White,RENAME,NC->NCI: NC6400-DG-713-2C13S1CT2ET-CW -> NCI6400-DG-713-2C13S1CT2ET-CW,OK
NCI6400-DG-713-2C1CT1LS-SD-SPT713,6400 - DG,Spectrum Dove,RENAME,NC->NCI: NC6400-DG-713-2C1CT1LS-SD-SPT713 -> NCI6400-DG-713-2C1CT1LS-SD-SPT713,OK
NCI6400-DG-713-2C13S1CT2ET-DD-SPT713,6400 - DG,Direction Dew,RENAME,NC->NCI: NC6400-DG-713-2C13S1CT2ET-DD-SPT713 -> NCI6400-DG-713-2C13S1CT2ET-DD-SPT713,OK
NCI6400-DG-713-1LLS1RLS1SCC1MC1CT-CW-SPT713,6400 - DG,Canvas White,RENAME,NC->NCI: NC6400-DG-713-1LLS1RLS1SCC1MC1CT-CW-SPT713 -> NCI6400-DG-713-1LLS1RLS1SCC1MC1CT-CW-SPT713,OK
NCI6400-DG-713-1LLS1RLS1SCC1CT-CV,6400 - DG,Canvas Navy,RENAME,NC->NCI: NC6400-DG-713-1LLS1RLS1SCC1CT-CV -> NCI6400-DG-713-1LLS1RLS1SCC1CT-CV,OK
NCI6400-DG-713-1LLS1RLS1SCC1CT-SD,6400 - DG,Spectrum Dove,RENAME,NC->NCI: NC6400-DG-713-1LLS1RLS1SCC1CT-SD -> NCI6400-DG-713-1LLS1RLS1SCC1CT-SD,OK
NCI6400-DG-713-2C1CT1LS-RHA,6400 - DG,Relate Harbor,RENAME,NC->NCI: NC6400-DG-713-2C1CT1LS-RHA -> NCI6400-DG-713-2C1CT1LS-RHA,OK
NCI6400-DG-713-2C1CT1LS-BD,6400 - DG,Bliss Dew,RENAME,NC->NCI: NC6400-DG-713-2C1CT1LS-BD -> NCI6400-DG-713-2C1CT1LS-BD,OK
NCI6400-DG-713-2C13S1CT2ET-SC-SPT713,6400 - DG,Spectrum Cilantro,RENAME,NC->NCI: NC6400-DG-713-2C13S1CT2ET-SC-SPT713 -> NCI6400-DG-713-2C13S1CT2ET-SC-SPT713,OK
NCI6400-DG-713-1LLS1RLS1SCC1CT-BD-SPT713,6400 - DG,Bliss Dew,RENAME,NC->NCI: NC6400-DG-713-1LLS1RLS1SCC1CT-BD-SPT713 -> NCI6400-DG-713-1LLS1RLS1SCC1CT-BD-SPT713,OK
NCI6400-DG-713-2C13S1CT2ET-CW-SPT713,6400 - DG,Canvas White,RENAME,NC->NCI: NC6400-DG-713-2C13S1CT2ET-CW-SPT713 -> NCI6400-DG-713-2C13S1CT2ET-CW-SPT713,OK
NCI6400-DG-713-2C13S1CT2ET-BD-SPT713,6400 - DG,Bliss Dew,RENAME,NC->NCI: NC6400-DG-713-2C13S1CT2ET-BD-SPT713 -> NCI6400-DG-713-2C13S1CT2ET-BD-SPT713,OK
NCI6400-DG-713-1LLS1RLS1SCC1MC1CT-DD,6400 - DG,Direction Dew,RENAME,NC->NCI: NC6400-DG-713-1LLS1RLS1SCC1MC1CT-DD -> NCI6400-DG-713-1LLS1RLS1SCC1MC1CT-DD,OK
NCI6400-DG-713-1LLS1RLS1SCC1MC1CT-CV-SPT713,6400 - DG,Canvas Navy,RENAME,NC->NCI: NC6400-DG-713-1LLS1RLS1SCC1MC1CT-CV-SPT713 -> NCI6400-DG-713-1LLS1RLS1SCC1MC1CT-CV-SPT713,OK
NCI6400-DG-713-1LLS1RLS1SCC1MC1CT-DD-SPT713,6400 - DG,Direction Dew,RENAME,NC->NCI: NC6400-DG-713-1LLS1RLS1SCC1MC1CT-DD-SPT713 -> NCI6400-DG-713-1LLS1RLS1SCC1MC1CT-DD-SPT713,OK
NCI6400-DG-713-2C13S1CT2ET-SC,6400 - DG,Spectrum Cilantro,RENAME,NC->NCI: NC6400-DG-713-2C13S1CT2ET-SC -> NCI6400-DG-713-2C13S1CT2ET-SC,OK
NCI6400-DG-713-1LLS1RLS1MC1CET-BD-SPT713,6400 - DG,Bliss Dew,RENAME,NC->NCI: NC6400-DG-713-1LLS1RLS1MC1CET-BD-SPT713 -> NCI6400-DG-713-1LLS1RLS1MC1CET-BD-SPT713,OK
NCI6400-DG-713-1LLS1RLS1SCC1CT-CV-SPT713,6400 - DG,Canvas Navy,RENAME,NC->NCI: NC6400-DG-713-1LLS1RLS1SCC1CT-CV-SPT713 -> NCI6400-DG-713-1LLS1RLS1SCC1CT-CV-SPT713,OK
NCI6400-DG-713-1LLS1RLS1SCC1CT-DD-SPT713,6400 - DG,Direction Dew,RENAME,NC->NCI: NC6400-DG-713-1LLS1RLS1SCC1CT-DD-SPT713 -> NCI6400-DG-713-1LLS1RLS1SCC1CT-DD-SPT713,OK
NCI6400-DG-713-1LLS1RLS1SCC1CT-SC-SPT713,6400 - DG,Spectrum Cilantro,RENAME,NC->NCI: NC6400-DG-713-1LLS1RLS1SCC1CT-SC-SPT713 -> NCI6400-DG-713-1LLS1RLS1SCC1CT-SC-SPT713,OK
NCI6400-DG-713-2C13S1CT2ET-SD-SPT713,6400 - DG,Spectrum Dove,RENAME,NC->NCI: NC6400-DG-713-2C13S1CT2ET-SD-SPT713 -> NCI6400-DG-713-2C13S1CT2ET-SD-SPT713,OK
NCI6400-DG-713-2C13S1CT2ET-BD,6400 - DG,Bliss Dew,RENAME,NC->NCI: NC6400-DG-713-2C13S1CT2ET-BD -> NCI6400-DG-713-2C13S1CT2ET-BD,OK
NCI6400-DG-713-1LLS1RLS1SCC1MC1CT-SC-SPT713,6400 - DG,Spectrum Cilantro,RENAME,NC->NCI: NC6400-DG-713-1LLS1RLS1SCC1MC1CT-SC-SPT713 -> NCI6400-DG-713-1LLS1RLS1SCC1MC1CT-SC-SPT713,OK
NCI6400-DG-713-2C13S1CT2ET-CV,6400 - DG,Canvas Navy,RENAME,NC->NCI: NC6400-DG-713-2C13S1CT2ET-CV -> NCI6400-DG-713-2C13S1CT2ET-CV,OK
NCI6400-DG-713-1LLS1RLS1SCC1CT-SD-SPT713,6400 - DG,Spectrum Dove,RENAME,NC->NCI: NC6400-DG-713-1LLS1RLS1SCC1CT-SD-SPT713 -> NCI6400-DG-713-1LLS1RLS1SCC1CT-SD-SPT713,OK
NCI6400-DG-713-1LLS1RLS1SCC1CT-DD,6400 - DG,Direction Dew,RENAME,NC->NCI: NC6400-DG-713-1LLS1RLS1SCC1CT-DD -> NCI6400-DG-713-1LLS1RLS1SCC1CT-DD,OK
NCI6400-DG-713-1LLS1RLS1MC1CET-SD,6400 - DG,Spectrum Dove,RENAME,NC->NCI: NC6400-DG-713-1LLS1RLS1MC1CET-SD -> NCI6400-DG-713-1LLS1RLS1MC1CET-SD,OK
NCI6400-DG-713-1LLS1RLS1MC1CET-SD-SPT713,6400 - DG,Spectrum Dove,RENAME,NC->NCI: NC6400-DG-713-1LLS1RLS1MC1CET-SD-SPT713 -> NCI6400-DG-713-1LLS1RLS1MC1CET-SD-SPT713,OK
NCI6400-DG-713-1LLS1RLS1SCC1CT-CW,6400 - DG,Canvas White,RENAME,NC->NCI: NC6400-DG-713-1LLS1RLS1SCC1CT-CW -> NCI6400-DG-713-1LLS1RLS1SCC1CT-CW,OK
NCI6400-DG-713-1LLS1RLS1SCC1CT-SC,6400 - DG,Spectrum Cilantro,RENAME,NC->NCI: NC6400-DG-713-1LLS1RLS1SCC1CT-SC -> NCI6400-DG-713-1LLS1RLS1SCC1CT-SC,OK
NCI6400-DG-713-2C1CT1LS-DD,6400 - DG,Direction Dew,RENAME,NC->NCI: NC6400-DG-713-2C1CT1LS-DD -> NCI6400-DG-713-2C1CT1LS-DD,OK
NCI6400-DG-713-2C1CT1LS-SC-SPT713,6400 - DG,Spectrum Cilantro,RENAME,NC->NCI: NC6400-DG-713-2C1CT1LS-SC-SPT713 -> NCI6400-DG-713-2C1CT1LS-SC-SPT713,OK
NCI6400-DG-713-2C1CT1LS-DD-SPT713,6400 - DG,Direction Dew,RENAME,NC->NCI: NC6400-DG-713-2C1CT1LS-DD-SPT713 -> NCI6400-DG-713-2C1CT1LS-DD-SPT713,OK
NCI6400-DG-713-2C1CT1LS-BD-SPT713,6400 - DG,Bliss Dew,RENAME,NC->NCI: NC6400-DG-713-2C1CT1LS-BD-SPT713 -> NCI6400-DG-713-2C1CT1LS-BD-SPT713,OK
NCI6400-DG-713-2C1CT1LS-SD,6400 - DG,Spectrum Dove,RENAME,NC->NCI: NC6400-DG-713-2C1CT1LS-SD -> NCI6400-DG-713-2C1CT1LS-SD,OK
NCI6400-DG-713-2C1CT1LS-RHA-SPT713,6400 - DG,Relate Harbor,RENAME,NC->NCI: NC6400-DG-713-2C1CT1LS-RHA-SPT713 -> NCI6400-DG-713-2C1CT1LS-RHA-SPT713,OK
NCI6400-DG-713-006-01-SD-SPT713,6400 - DG,Spectrum Dove,RENAME,NC->NCI: NC6400-DG-713-006-01-SD-SPT713 -> NCI6400-DG-713-006-01-SD-SPT713,OK
NCI6400-DG-713-006-01-BD,6400 - DG,Bliss Dew,RENAME,NC->NCI: NC6400-DG-713-006-01-BD -> NCI6400-DG-713-006-01-BD,OK
NCI6400-DG-713-006-01-RHA-SPT713,6400 - DG,Relate Harbor,RENAME,NC->NCI: NC6400-DG-713-006-01-RHA-SPT713 -> NCI6400-DG-713-006-01-RHA-SPT713,OK
NCI6400-DG-713-006-01-DD-SPT713,6400 - DG,Direction Dew,RENAME,NC->NCI: NC6400-DG-713-006-01-DD-SPT713 -> NCI6400-DG-713-006-01-DD-SPT713,OK
NCI6400-DG-713-006-01-SC,6400 - DG,Spectrum Cilantro,RENAME,NC->NCI: NC6400-DG-713-006-01-SC -> NCI6400-DG-713-006-01-SC,OK
NCI6400-DG-713-006-01-SD,6400 - DG,Spectrum Dove,RENAME,NC->NCI: NC6400-DG-713-006-01-SD -> NCI6400-DG-713-006-01-SD,OK
NCI6400-DG-713-006-01-BD-SPT713,6400 - DG,Bliss Dew,RENAME,NC->NCI: NC6400-DG-713-006-01-BD-SPT713 -> NCI6400-DG-713-006-01-BD-SPT713,OK
NCI6400-DG-713-006-01-RHA,6400 - DG,Relate Harbor,RENAME,NC->NCI: NC6400-DG-713-006-01-RHA -> NCI6400-DG-713-006-01-RHA,OK
NCI6400-DG-713-006-01-SC-SPT713,6400 - DG,Spectrum Cilantro,RENAME,NC->NCI: NC6400-DG-713-006-01-SC-SPT713 -> NCI6400-DG-713-006-01-SC-SPT713,OK
NCI6400-DG-713-006-01-DD,6400 - DG,Direction Dew,RENAME,NC->NCI: NC6400-DG-713-006-01-DD -> NCI6400-DG-713-006-01-DD,OK
NCI6400-DG-713-001-01-DD,6400 - DG,Direction Dew,RENAME,NC->NCI: NC6400-DG-713-001-01-DD -> NCI6400-DG-713-001-01-DD,OK
NCI6400-DG-713-001-01-SC,6400 - DG,Spectrum Cilantro,RENAME,NC->NCI: NC6400-DG-713-001-01-SC -> NCI6400-DG-713-001-01-SC,OK
NCI6400-DG-713-001-01-DD-SPT713,6400 - DG,Direction Dew,RENAME,NC->NCI: NC6400-DG-713-001-01-DD-SPT713 -> NCI6400-DG-713-001-01-DD-SPT713,OK
NCI6400-DG-713-001-01-CW-SPT713,6400 - DG,Canvas White,RENAME,NC->NCI: NC6400-DG-713-001-01-CW-SPT713 -> NCI6400-DG-713-001-01-CW-SPT713,OK
NCI6400-DG-713-001-01-RHA,6400 - DG,Relate Harbor,RENAME,NC->NCI: NC6400-DG-713-001-01-RHA -> NCI6400-DG-713-001-01-RHA,OK
NCI6400-DG-713-001-01-RHA-SPT713,6400 - DG,Relate Harbor,RENAME,NC->NCI: NC6400-DG-713-001-01-RHA-SPT713 -> NCI6400-DG-713-001-01-RHA-SPT713,OK
NCI6400-DG-713-001-01-BD,6400 - DG,Bliss Dew,RENAME,NC->NCI: NC6400-DG-713-001-01-BD -> NCI6400-DG-713-001-01-BD,OK
NCI6400-DG-713-4SR-CW,6400 - DG,Canvas White,RENAME,NC->NCI: NC6400-DG-713-4SR-CW -> NCI6400-DG-713-4SR-CW,OK
NCI6400-DG-713-001-01-SC-SPT713,6400 - DG,Spectrum Cilantro,RENAME,NC->NCI: NC6400-DG-713-001-01-SC-SPT713 -> NCI6400-DG-713-001-01-SC-SPT713,OK
NCI6400-DG-713-4SR-CV-SPT713,6400 - DG,Canvas Navy,RENAME,NC->NCI: NC6400-DG-713-4SR-CV-SPT713 -> NCI6400-DG-713-4SR-CV-SPT713,OK
NCI6400-DG-713-001-01-SD,6400 - DG,Spectrum Dove,RENAME,NC->NCI: NC6400-DG-713-001-01-SD -> NCI6400-DG-713-001-01-SD,OK
NCI6400-DG-713-4SR-SD,6400 - DG,Spectrum Dove,RENAME,NC->NCI: NC6400-DG-713-4SR-SD -> NCI6400-DG-713-4SR-SD,OK
NCI6400-DG-713-001-01-BD-SPT713,6400 - DG,Bliss Dew,RENAME,NC->NCI: NC6400-DG-713-001-01-BD-SPT713 -> NCI6400-DG-713-001-01-BD-SPT713,OK
NCI6400-DG-713-4SR-CV,6400 - DG,Canvas Navy,RENAME,NC->NCI: NC6400-DG-713-4SR-CV -> NCI6400-DG-713-4SR-CV,OK
NCI6400-DG-713-4SR-DD,6400 - DG,Direction Dew,RENAME,NC->NCI: NC6400-DG-713-4SR-DD -> NCI6400-DG-713-4SR-DD,OK
NCI6400-DG-713-4SR-RHA,6400 - DG,Relate Harbor,RENAME,NC->NCI: NC6400-DG-713-4SR-RHA -> NCI6400-DG-713-4SR-RHA,OK
NCI6400-DG-713-4SR-BD,6400 - DG,Bliss Dew,RENAME,NC->NCI: NC6400-DG-713-4SR-BD -> NCI6400-DG-713-4SR-BD,OK
NCI6400-DG-713-4SR-SC-SPT713,6400 - DG,Spectrum Cilantro,RENAME,NC->NCI: NC6400-DG-713-4SR-SC-SPT713 -> NCI6400-DG-713-4SR-SC-SPT713,OK
NCI6400-DG-713-4SR-CW-SPT713,6400 - DG,Canvas White,RENAME,NC->NCI: NC6400-DG-713-4SR-CW-SPT713 -> NCI6400-DG-713-4SR-CW-SPT713,OK
NCI6400-DG-713-4SR-BD-SPT713,6400 - DG,Bliss Dew,RENAME,NC->NCI: NC6400-DG-713-4SR-BD-SPT713 -> NCI6400-DG-713-4SR-BD-SPT713,OK
NCI6400-DG-713-4SR-DD-SPT713,6400 - DG,Direction Dew,RENAME,NC->NCI: NC6400-DG-713-4SR-DD-SPT713 -> NCI6400-DG-713-4SR-DD-SPT713,OK
NCI6400-DG-713-4SR-SD-SPT713,6400 - DG,Spectrum Dove,RENAME,NC->NCI: NC6400-DG-713-4SR-SD-SPT713 -> NCI6400-DG-713-4SR-SD-SPT713,OK
NCI6400SECT-DG-713-052-01-CV,6400 - DG,Canvas Navy,RENAME,NC->NCI: NC6400SECT-DG-713-052-01-CV -> NCI6400SECT-DG-713-052-01-CV,OK
NCI6400-DG-713-4SR-SC,6400 - DG,Spectrum Cilantro,RENAME,NC->NCI: NC6400-DG-713-4SR-SC -> NCI6400-DG-713-4SR-SC,OK
NCI6400-DG-713-4SR-RHA-SPT713,6400 - DG,Relate Harbor,RENAME,NC->NCI: NC6400-DG-713-4SR-RHA-SPT713 -> NCI6400-DG-713-4SR-RHA-SPT713,OK
NCI6400SECT-DG-713-052-01-DD,6400 - DG,Direction Dew,RENAME,NC->NCI: NC6400SECT-DG-713-052-01-DD -> NCI6400SECT-DG-713-052-01-DD,OK
NCI6400SECT-DG-713-052-01-BD,6400 - DG,Bliss Dew,RENAME,NC->NCI: NC6400SECT-DG-713-052-01-BD -> NCI6400SECT-DG-713-052-01-BD,OK
NCI6400SECT-DG-713-052-01-SD,6400 - DG,Spectrum Dove,RENAME,NC->NCI: NC6400SECT-DG-713-052-01-SD -> NCI6400SECT-DG-713-052-01-SD,OK
NCI6400SECT-DG-713-052-01-CW,6400 - DG,Canvas White,RENAME,NC->NCI: NC6400SECT-DG-713-052-01-CW -> NCI6400SECT-DG-713-052-01-CW,OK
NCI6400SECT-DG-713-052-01-SC,6400 - DG,Spectrum Cilantro,RENAME,NC->NCI: NC6400SECT-DG-713-052-01-SC -> NCI6400SECT-DG-713-052-01-SC,OK
NCI6400SECT-DG-713-052-01-BD-SPT713,6400 - DG,Bliss Dew,RENAME,NC->NCI: NC6400SECT-DG-713-052-01-BD-SPT713 -> NCI6400SECT-DG-713-052-01-BD-SPT713,OK
NCI6400-DG-713-002-01-DD,6400 - DG,Direction Dew,RENAME,NC->NCI: NC6400-DG-713-002-01-DD -> NCI6400-DG-713-002-01-DD,OK
NCI6400SECT-DG-713-052-01-RHA,6400 - DG,Relate Harbor,RENAME,NC->NCI: NC6400SECT-DG-713-052-01-RHA -> NCI6400SECT-DG-713-052-01-RHA,OK
NCI6400SECT-DG-713-052-01-DD-SPT713,6400 - DG,Direction Dew,RENAME,NC->NCI: NC6400SECT-DG-713-052-01-DD-SPT713 -> NCI6400SECT-DG-713-052-01-DD-SPT713,OK
NCI6400SECT-DG-713-052-01-RHA-SPT713,6400 - DG,Relate Harbor,RENAME,NC->NCI: NC6400SECT-DG-713-052-01-RHA-SPT713 -> NCI6400SECT-DG-713-052-01-RHA-SPT713,OK
NCI6400SECT-DG-713-052-01-SC-SPT713,6400 - DG,Spectrum Cilantro,RENAME,NC->NCI: NC6400SECT-DG-713-052-01-SC-SPT713 -> NCI6400SECT-DG-713-052-01-SC-SPT713,OK
NCI6400-DG-713-002-01-SD,6400 - DG,Spectrum Dove,RENAME,NC->NCI: NC6400-DG-713-002-01-SD -> NCI6400-DG-713-002-01-SD,OK
NCI6400SECT-DG-713-052-01-CV-SPT713,6400 - DG,Canvas Navy,RENAME,NC->NCI: NC6400SECT-DG-713-052-01-CV-SPT713 -> NCI6400SECT-DG-713-052-01-CV-SPT713,OK
NCI6400-DG-713-002-01-SC,6400 - DG,Spectrum Cilantro,RENAME,NC->NCI: NC6400-DG-713-002-01-SC -> NCI6400-DG-713-002-01-SC,OK
NCI6400SECT-DG-713-052-01-CW-SPT713,6400 - DG,Canvas White,RENAME,NC->NCI: NC6400SECT-DG-713-052-01-CW-SPT713 -> NCI6400SECT-DG-713-052-01-CW-SPT713,OK
NCI6400SECT-DG-713-052-01-SD-SPT713,6400 - DG,Spectrum Dove,RENAME,NC->NCI: NC6400SECT-DG-713-052-01-SD-SPT713 -> NCI6400SECT-DG-713-052-01-SD-SPT713,OK
NCI6400-DG-713-002-01-RHA,6400 - DG,Relate Harbor,RENAME,NC->NCI: NC6400-DG-713-002-01-RHA -> NCI6400-DG-713-002-01-RHA,OK
NCI6400-DG-713-002-01-RHA-SPT713,6400 - DG,Relate Harbor,RENAME,NC->NCI: NC6400-DG-713-002-01-RHA-SPT713 -> NCI6400-DG-713-002-01-RHA-SPT713,OK
NCI6400-DG-713-002-01-DD-SPT713,6400 - DG,Direction Dew,RENAME,NC->NCI: NC6400-DG-713-002-01-DD-SPT713 -> NCI6400-DG-713-002-01-DD-SPT713,OK
NCI6400-DG-713-002-01-BD-SPT713,6400 - DG,Bliss Dew,RENAME,NC->NCI: NC6400-DG-713-002-01-BD-SPT713 -> NCI6400-DG-713-002-01-BD-SPT713,OK
NCI6400-DG-713-001-01-SD-SPT713,6400 - DG,Spectrum Dove,RENAME,NC->NCI: NC6400-DG-713-001-01-SD-SPT713 -> NCI6400-DG-713-001-01-SD-SPT713,OK
NCI6400-DG-713-002-01-SD-SPT713,6400 - DG,Spectrum Dove,RENAME,NC->NCI: NC6400-DG-713-002-01-SD-SPT713 -> NCI6400-DG-713-002-01-SD-SPT713,OK
NCI6400-DG-713-002-01-SC-SPT713,6400 - DG,Spectrum Cilantro,RENAME,NC->NCI: NC6400-DG-713-002-01-SC-SPT713 -> NCI6400-DG-713-002-01-SC-SPT713,OK
NCI6400SECT-DG-713-053-01-CV,6400 - DG,Canvas Navy,RENAME,NC->NCI: NC6400SECT-DG-713-053-01-CV -> NCI6400SECT-DG-713-053-01-CV,OK
NCI6400-DG-713-002-01-BD,6400 - DG,Bliss Dew,RENAME,NC->NCI: NC6400-DG-713-002-01-BD -> NCI6400-DG-713-002-01-BD,OK
NCI6400-DG-713-068-01-RHA,6400 - DG,Relate Harbor,RENAME,NC->NCI: NC6400-DG-713-068-01-RHA -> NCI6400-DG-713-068-01-RHA,OK
NCI6400-DG-713-068-01-SD,6400 - DG,Spectrum Dove,RENAME,NC->NCI: NC6400-DG-713-068-01-SD -> NCI6400-DG-713-068-01-SD,OK
NCI6400-DG-713-068-01-DD,6400 - DG,Direction Dew,RENAME,NC->NCI: NC6400-DG-713-068-01-DD -> NCI6400-DG-713-068-01-DD,OK
NCI6400-DG-713-068-01-BD,6400 - DG,Bliss Dew,RENAME,NC->NCI: NC6400-DG-713-068-01-BD -> NCI6400-DG-713-068-01-BD,OK
NCI6400SECT-DG-713-053-01-BD,6400 - DG,Bliss Dew,RENAME,NC->NCI: NC6400SECT-DG-713-053-01-BD -> NCI6400SECT-DG-713-053-01-BD,OK
NCI6400-DG-713-068-01-CW,6400 - DG,Canvas White,RENAME,NC->NCI: NC6400-DG-713-068-01-CW -> NCI6400-DG-713-068-01-CW,OK
NCI6400SECT-DG-713-053-01-BD-SPT713,6400 - DG,Bliss Dew,RENAME,NC->NCI: NC6400SECT-DG-713-053-01-BD-SPT713 -> NCI6400SECT-DG-713-053-01-BD-SPT713,OK
NCI6400-DG-713-068-01-SC,6400 - DG,Spectrum Cilantro,RENAME,NC->NCI: NC6400-DG-713-068-01-SC -> NCI6400-DG-713-068-01-SC,OK
NCI6400SECT-DG-713-053-01-CW,6400 - DG,Canvas White,RENAME,NC->NCI: NC6400SECT-DG-713-053-01-CW -> NCI6400SECT-DG-713-053-01-CW,OK
NCI6400SECT-DG-713-053-01-SC,6400 - DG,Spectrum Cilantro,RENAME,NC->NCI: NC6400SECT-DG-713-053-01-SC -> NCI6400SECT-DG-713-053-01-SC,OK
NCI6400SECT-DG-713-053-01-DD,6400 - DG,Direction Dew,RENAME,NC->NCI: NC6400SECT-DG-713-053-01-DD -> NCI6400SECT-DG-713-053-01-DD,OK
NCI6400SECT-DG-713-053-01-CW-SPT713,6400 - DG,Canvas White,RENAME,NC->NCI: NC6400SECT-DG-713-053-01-CW-SPT713 -> NCI6400SECT-DG-713-053-01-CW-SPT713,OK
NCI6400SECT-DG-713-053-01-RHA,6400 - DG,Relate Harbor,RENAME,NC->NCI: NC6400SECT-DG-713-053-01-RHA -> NCI6400SECT-DG-713-053-01-RHA,OK
NCI6400SECT-DG-713-053-01-CV-SPT713,6400 - DG,Canvas Navy,RENAME,NC->NCI: NC6400SECT-DG-713-053-01-CV-SPT713 -> NCI6400SECT-DG-713-053-01-CV-SPT713,OK
NCI6400SECT-DG-713-053-01-SD,6400 - DG,Spectrum Dove,RENAME,NC->NCI: NC6400SECT-DG-713-053-01-SD -> NCI6400SECT-DG-713-053-01-SD,OK
NCI6400SECT-DG-713-053-01-SC-SPT713,6400 - DG,Spectrum Cilantro,RENAME,NC->NCI: NC6400SECT-DG-713-053-01-SC-SPT713 -> NCI6400SECT-DG-713-053-01-SC-SPT713,OK
NCI6400SECT-DG-713-053-01-DD-SPT713,6400 - DG,Direction Dew,RENAME,NC->NCI: NC6400SECT-DG-713-053-01-DD-SPT713 -> NCI6400SECT-DG-713-053-01-DD-SPT713,OK
NCI6400-DG-713-260-01-DD,6400 - DG,Direction Dew,RENAME,NC->NCI: NC6400-DG-713-260-01-DD -> NCI6400-DG-713-260-01-DD,OK
NCI6400-DG-713-260-01-CW,6400 - DG,Canvas White,RENAME,NC->NCI: NC6400-DG-713-260-01-CW -> NCI6400-DG-713-260-01-CW,OK
NCI6400SECT-DG-713-053-01-RHA-SPT713,6400 - DG,Relate Harbor,RENAME,NC->NCI: NC6400SECT-DG-713-053-01-RHA-SPT713 -> NCI6400SECT-DG-713-053-01-RHA-SPT713,OK
NCI6400-DG-713-260-01-BD,6400 - DG,Bliss Dew,RENAME,NC->NCI: NC6400-DG-713-260-01-BD -> NCI6400-DG-713-260-01-BD,OK
NCI6400-DG-713-260-01-CV,6400 - DG,Canvas Navy,RENAME,NC->NCI: NC6400-DG-713-260-01-CV -> NCI6400-DG-713-260-01-CV,OK
NCI6400SECT-DG-713-053-01-SD-SPT713,6400 - DG,Spectrum Dove,RENAME,NC->NCI: NC6400SECT-DG-713-053-01-SD-SPT713 -> NCI6400SECT-DG-713-053-01-SD-SPT713,OK
NCI6400-DG-713-260-01-RHA,6400 - DG,Relate Harbor,RENAME,NC->NCI: NC6400-DG-713-260-01-RHA -> NCI6400-DG-713-260-01-RHA,OK
NCI6400-DG-713-260-01-RHA-SPT713,6400 - DG,Relate Harbor,RENAME,NC->NCI: NC6400-DG-713-260-01-RHA-SPT713 -> NCI6400-DG-713-260-01-RHA-SPT713,OK
NCI6400-DG-713-260-01-SC,6400 - DG,Spectrum Cilantro,RENAME,NC->NCI: NC6400-DG-713-260-01-SC -> NCI6400-DG-713-260-01-SC,OK
NCI6400-DG-713-260-01-BD-SPT713,6400 - DG,Bliss Dew,RENAME,NC->NCI: NC6400-DG-713-260-01-BD-SPT713 -> NCI6400-DG-713-260-01-BD-SPT713,OK
NCI6400-DG-713-260-01-SD,6400 - DG,Spectrum Dove,RENAME,NC->NCI: NC6400-DG-713-260-01-SD -> NCI6400-DG-713-260-01-SD,OK
NCI6400-DG-713-260-01-SC-SPT713,6400 - DG,Spectrum Cilantro,RENAME,NC->NCI: NC6400-DG-713-260-01-SC-SPT713 -> NCI6400-DG-713-260-01-SC-SPT713,OK
NCI6400-DG-713-260-01-DD-SPT713,6400 - DG,Direction Dew,RENAME,NC->NCI: NC6400-DG-713-260-01-DD-SPT713 -> NCI6400-DG-713-260-01-DD-SPT713,OK
NCI6400-DG-713-260-01-CV-SPT713,6400 - DG,Canvas Navy,RENAME,NC->NCI: NC6400-DG-713-260-01-CV-SPT713 -> NCI6400-DG-713-260-01-CV-SPT713,OK
NCI6400-DG-713-260-01-CW-SPT713,6400 - DG,Canvas White,RENAME,NC->NCI: NC6400-DG-713-260-01-CW-SPT713 -> NCI6400-DG-713-260-01-CW-SPT713,OK
NCI6400-DG-696-1C1SR1LS13S1CT2CET1OT-DD,6400 - DG,Direction Dew,RENAME,NC->NCI: NC6400-DG-696-1C1SR1LS13S1CT2CET1OT-DD -> NCI6400-DG-696-1C1SR1LS13S1CT2CET1OT-DD,OK
NCI6400-DG-696-1C1SR1LS13S1CT2CET1OT-CW-SPT696,6400 - DG,Canvas White,RENAME,NC->NCI: NC6400-DG-696-1C1SR1LS13S1CT2CET1OT-CW-SPT696 -> NCI6400-DG-696-1C1SR1LS13S1CT2CET1OT-CW-SPT696,OK
NCI6400-DG-713-260-01-SD-SPT713,6400 - DG,Spectrum Dove,RENAME,NC->NCI: NC6400-DG-713-260-01-SD-SPT713 -> NCI6400-DG-713-260-01-SD-SPT713,OK
NCI6400-DG-696-1C1SR1LS13S1CT2CET1OT-DD-SPT696,6400 - DG,Direction Dew,RENAME,NC->NCI: NC6400-DG-696-1C1SR1LS13S1CT2CET1OT-DD-SPT696 -> NCI6400-DG-696-1C1SR1LS13S1CT2CET1OT-DD-SPT696,OK
NCI6400-DG-696-1C1SR1LS13S1CT2CET1OT-RHA,6400 - DG,Relate Harbor,RENAME,NC->NCI: NC6400-DG-696-1C1SR1LS13S1CT2CET1OT-RHA -> NCI6400-DG-696-1C1SR1LS13S1CT2CET1OT-RHA,OK
NCI6400-DG-696-1C1SR1LS13S1CT2CET1OT-CW,6400 - DG,Canvas White,RENAME,NC->NCI: NC6400-DG-696-1C1SR1LS13S1CT2CET1OT-CW -> NCI6400-DG-696-1C1SR1LS13S1CT2CET1OT-CW,OK
NCI6400-DG-696-1C1SR1LS13S1CT2CET1OT-SC-SPT696,6400 - DG,Spectrum Cilantro,RENAME,NC->NCI: NC6400-DG-696-1C1SR1LS13S1CT2CET1OT-SC-SPT696 -> NCI6400-DG-696-1C1SR1LS13S1CT2CET1OT-SC-SPT696,OK
NCI6400-DG-696-1C1SR1LS13S1CT2CET1OT-SC,6400 - DG,Spectrum Cilantro,RENAME,NC->NCI: NC6400-DG-696-1C1SR1LS13S1CT2CET1OT-SC -> NCI6400-DG-696-1C1SR1LS13S1CT2CET1OT-SC,OK
NCI6400-DG-696-1C1SR1LS13S1CT2CET1OT-SD,6400 - DG,Spectrum Dove,RENAME,NC->NCI: NC6400-DG-696-1C1SR1LS13S1CT2CET1OT-SD -> NCI6400-DG-696-1C1SR1LS13S1CT2CET1OT-SD,OK
NCI6400-DG-696-1C1SR1LS13S1CT2CET1OT-CV-SPT696,6400 - DG,Canvas Navy,RENAME,NC->NCI: NC6400-DG-696-1C1SR1LS13S1CT2CET1OT-CV-SPT696 -> NCI6400-DG-696-1C1SR1LS13S1CT2CET1OT-CV-SPT696,OK
NCI6400-DG-696-1C1SR1LS13S1CT2CET1OT-RHA-SPT696,6400 - DG,Relate Harbor,RENAME,NC->NCI: NC6400-DG-696-1C1SR1LS13S1CT2CET1OT-RHA-SPT696 -> NCI6400-DG-696-1C1SR1LS13S1CT2CET1OT-RHA-SPT696,OK
NCI6400-DG-696-1C1SR1LS13S1CT2CET1OT-CV,6400 - DG,Canvas Navy,RENAME,NC->NCI: NC6400-DG-696-1C1SR1LS13S1CT2CET1OT-CV -> NCI6400-DG-696-1C1SR1LS13S1CT2CET1OT-CV,OK
NCI6400-DG-696-006-01-BD,6400 - DG,Bliss Dew,RENAME,NC->NCI: NC6400-DG-696-006-01-BD -> NCI6400-DG-696-006-01-BD,OK
NCI6400-DG-696-006-01-RHA,6400 - DG,Relate Harbor,RENAME,NC->NCI: NC6400-DG-696-006-01-RHA -> NCI6400-DG-696-006-01-RHA,OK
NCI6400-DG-696-006-01-SC,6400 - DG,Spectrum Cilantro,RENAME,NC->NCI: NC6400-DG-696-006-01-SC -> NCI6400-DG-696-006-01-SC,OK
NCI6400-DG-696-006-01-DD,6400 - DG,Direction Dew,RENAME,NC->NCI: NC6400-DG-696-006-01-DD -> NCI6400-DG-696-006-01-DD,OK
NCI6400-DG-696-1C1SR1LS13S1CT2CET1OT-BD-SPT696,6400 - DG,Bliss Dew,RENAME,NC->NCI: NC6400-DG-696-1C1SR1LS13S1CT2CET1OT-BD-SPT696 -> NCI6400-DG-696-1C1SR1LS13S1CT2CET1OT-BD-SPT696,OK
NCI6400-DG-696-006-01-DD-SPT696,6400 - DG,Direction Dew,RENAME,NC->NCI: NC6400-DG-696-006-01-DD-SPT696 -> NCI6400-DG-696-006-01-DD-SPT696,OK
NCI6400-DG-696-006-01-BD-SPT696,6400 - DG,Bliss Dew,RENAME,NC->NCI: NC6400-DG-696-006-01-BD-SPT696 -> NCI6400-DG-696-006-01-BD-SPT696,OK
NCI6400-DG-696-006-01-RHA-SPT696,6400 - DG,Relate Harbor,RENAME,NC->NCI: NC6400-DG-696-006-01-RHA-SPT696 -> NCI6400-DG-696-006-01-RHA-SPT696,OK
NCI6400-DG-696-006-01-SD-SPT696,6400 - DG,Spectrum Dove,RENAME,NC->NCI: NC6400-DG-696-006-01-SD-SPT696 -> NCI6400-DG-696-006-01-SD-SPT696,OK
NCI6400-DG-696-4SR-CV,6400 - DG,Canvas Navy,RENAME,NC->NCI: NC6400-DG-696-4SR-CV -> NCI6400-DG-696-4SR-CV,OK
NCI6400-DG-696-4SR-SD-SPT696,6400 - DG,Spectrum Dove,RENAME,NC->NCI: NC6400-DG-696-4SR-SD-SPT696 -> NCI6400-DG-696-4SR-SD-SPT696,OK
NCI6400-DG-696-4SR-BD,6400 - DG,Bliss Dew,RENAME,NC->NCI: NC6400-DG-696-4SR-BD -> NCI6400-DG-696-4SR-BD,OK
NCI6400-DG-696-001-01-DD-SPT696,6400 - DG,Direction Dew,RENAME,NC->NCI: NC6400-DG-696-001-01-DD-SPT696 -> NCI6400-DG-696-001-01-DD-SPT696,OK
NCI6400-DG-696-001-01-DD,6400 - DG,Direction Dew,RENAME,NC->NCI: NC6400-DG-696-001-01-DD -> NCI6400-DG-696-001-01-DD,OK
NCI6400SECT-DG-696-052-01-CW,6400 - DG,Canvas White,RENAME,NC->NCI: NC6400SECT-DG-696-052-01-CW -> NCI6400SECT-DG-696-052-01-CW,OK
NCI6400SECT-DG-696-052-01-RHA,6400 - DG,Relate Harbor,RENAME,NC->NCI: NC6400SECT-DG-696-052-01-RHA -> NCI6400SECT-DG-696-052-01-RHA,OK
NCI6400SECT-DG-696-052-01-SC,6400 - DG,Spectrum Cilantro,RENAME,NC->NCI: NC6400SECT-DG-696-052-01-SC -> NCI6400SECT-DG-696-052-01-SC,OK
NCI6400-DG-696-4SR-DD-SPT696,6400 - DG,Direction Dew,RENAME,NC->NCI: NC6400-DG-696-4SR-DD-SPT696 -> NCI6400-DG-696-4SR-DD-SPT696,OK
NCI6400-DG-696-4SR-DD,6400 - DG,Direction Dew,RENAME,NC->NCI: NC6400-DG-696-4SR-DD -> NCI6400-DG-696-4SR-DD,OK
NCI6400-DG-696-4SR-SC,6400 - DG,Spectrum Cilantro,RENAME,NC->NCI: NC6400-DG-696-4SR-SC -> NCI6400-DG-696-4SR-SC,OK
NCI6400-DG-696-4SR-RHA-SPT696,6400 - DG,Relate Harbor,RENAME,NC->NCI: NC6400-DG-696-4SR-RHA-SPT696 -> NCI6400-DG-696-4SR-RHA-SPT696,OK
NCI6400-DG-696-1LLS1RLS1SCC1CT-SC-SPT696,6400 - DG,Spectrum Cilantro,RENAME,NC->NCI: NC6400-DG-696-1LLS1RLS1SCC1CT-SC-SPT696 -> NCI6400-DG-696-1LLS1RLS1SCC1CT-SC-SPT696,OK
NCI6400-DG-696-4SR-CW,6400 - DG,Canvas White,RENAME,NC->NCI: NC6400-DG-696-4SR-CW -> NCI6400-DG-696-4SR-CW,OK
NCI6400-DG-696-4SR-SC-SPT696,6400 - DG,Spectrum Cilantro,RENAME,NC->NCI: NC6400-DG-696-4SR-SC-SPT696 -> NCI6400-DG-696-4SR-SC-SPT696,OK
NCI6400-DG-696-1LLS1RLS1CET-SC-SPT696,6400 - DG,Spectrum Cilantro,RENAME,NC->NCI: NC6400-DG-696-1LLS1RLS1CET-SC-SPT696 -> NCI6400-DG-696-1LLS1RLS1CET-SC-SPT696,OK
NCI6400-DG-696-4SR-CW-SPT696,6400 - DG,Canvas White,RENAME,NC->NCI: NC6400-DG-696-4SR-CW-SPT696 -> NCI6400-DG-696-4SR-CW-SPT696,OK
NCI6400-DG-696-4SR-BD-SPT969,6400 - DG,Bliss Dew,RENAME,NC->NCI: NC6400-DG-696-4SR-BD-SPT969 -> NCI6400-DG-696-4SR-BD-SPT969,OK
NCI6400-DG-696-1LLS1RLS1SCC1CT-CW,6400 - DG,Canvas White,RENAME,NC->NCI: NC6400-DG-696-1LLS1RLS1SCC1CT-CW -> NCI6400-DG-696-1LLS1RLS1SCC1CT-CW,OK
NCI6400-DG-696-1LLS1RLS1MC1CET-SD-SPT696,6400 - DG,Spectrum Dove,RENAME,NC->NCI: NC6400-DG-696-1LLS1RLS1MC1CET-SD-SPT696 -> NCI6400-DG-696-1LLS1RLS1MC1CET-SD-SPT696,OK
NCI6400-DG-696-006-01-SC-SPT696,6400 - DG,Spectrum Cilantro,RENAME,NC->NCI: NC6400-DG-696-006-01-SC-SPT696 -> NCI6400-DG-696-006-01-SC-SPT696,OK
NCI6400-DG-696-1LLS1RLS1MC1CET-BD,6400 - DG,Bliss Dew,RENAME,NC->NCI: NC6400-DG-696-1LLS1RLS1MC1CET-BD -> NCI6400-DG-696-1LLS1RLS1MC1CET-BD,OK
NCI6400-DG-696-001-01-RHA,6400 - DG,Relate Harbor,RENAME,NC->NCI: NC6400-DG-696-001-01-RHA -> NCI6400-DG-696-001-01-RHA,OK
NCI6400-DG-696-001-01-SD,6400 - DG,Spectrum Dove,RENAME,NC->NCI: NC6400-DG-696-001-01-SD -> NCI6400-DG-696-001-01-SD,OK
NCI6400-DG-696-4SR-RHA,6400 - DG,Relate Harbor,RENAME,NC->NCI: NC6400-DG-696-4SR-RHA -> NCI6400-DG-696-4SR-RHA,OK
NCI6400-DG-696-4SR-CV-SPT696,6400 - DG,Canvas Navy,RENAME,NC->NCI: NC6400-DG-696-4SR-CV-SPT696 -> NCI6400-DG-696-4SR-CV-SPT696,OK
NCI6400-DG-696-001-01-RHA-SPT696,6400 - DG,Relate Harbor,RENAME,NC->NCI: NC6400-DG-696-001-01-RHA-SPT696 -> NCI6400-DG-696-001-01-RHA-SPT696,OK
NCI6400-DG-696-4SR-SD,6400 - DG,Spectrum Dove,RENAME,NC->NCI: NC6400-DG-696-4SR-SD -> NCI6400-DG-696-4SR-SD,OK
NCI6400-DG-696-1LLS1RLS1SCC1MC1CT-SD,6400 - DG,Spectrum Dove,RENAME,NC->NCI: NC6400-DG-696-1LLS1RLS1SCC1MC1CT-SD -> NCI6400-DG-696-1LLS1RLS1SCC1MC1CT-SD,OK
NCI6400SECT-DG-696-052-01-BD,6400 - DG,Bliss Dew,RENAME,NC->NCI: NC6400SECT-DG-696-052-01-BD -> NCI6400SECT-DG-696-052-01-BD,OK
NCI6400-DG-696-1LLS1RLS1MC1CET-DD,6400 - DG,Direction Dew,RENAME,NC->NCI: NC6400-DG-696-1LLS1RLS1MC1CET-DD -> NCI6400-DG-696-1LLS1RLS1MC1CET-DD,OK
NCI6400-DG-696-001-01-CW,6400 - DG,Canvas White,RENAME,NC->NCI: NC6400-DG-696-001-01-CW -> NCI6400-DG-696-001-01-CW,OK
NCI6400-DG-696-1LLS1RLS1SCC1CT-RHA-SPT696,6400 - DG,Relate Harbor,RENAME,NC->NCI: NC6400-DG-696-1LLS1RLS1SCC1CT-RHA-SPT696 -> NCI6400-DG-696-1LLS1RLS1SCC1CT-RHA-SPT696,OK
NCI6400-DG-696-1LLS1RLS1SCC1MC1CT-BD-SPT696,6400 - DG,Bliss Dew,RENAME,NC->NCI: NC6400-DG-696-1LLS1RLS1SCC1MC1CT-BD-SPT696 -> NCI6400-DG-696-1LLS1RLS1SCC1MC1CT-BD-SPT696,OK
NCI6400-DG-696-1LLS1RLS1SCC1MC1CT-RHA-SPT696,6400 - DG,Relate Harbor,RENAME,NC->NCI: NC6400-DG-696-1LLS1RLS1SCC1MC1CT-RHA-SPT696 -> NCI6400-DG-696-1LLS1RLS1SCC1MC1CT-RHA-SPT696,OK
NCI6400-DG-696-2C13S1CT2ET-SD,6400 - DG,Spectrum Dove,RENAME,NC->NCI: NC6400-DG-696-2C13S1CT2ET-SD -> NCI6400-DG-696-2C13S1CT2ET-SD,OK
NCI6400-DG-696-1LLS1RLS1SCC1MC1CT-SD-SPT696,6400 - DG,Spectrum Dove,RENAME,NC->NCI: NC6400-DG-696-1LLS1RLS1SCC1MC1CT-SD-SPT696 -> NCI6400-DG-696-1LLS1RLS1SCC1MC1CT-SD-SPT696,OK
NCI6400-DG-696-1LLS1RLS1SCC1MC1CT-DD-SPT696,6400 - DG,Direction Dew,RENAME,NC->NCI: NC6400-DG-696-1LLS1RLS1SCC1MC1CT-DD-SPT696 -> NCI6400-DG-696-1LLS1RLS1SCC1MC1CT-DD-SPT696,OK
NCI6400SECT-DG-696-052-01-DD,6400 - DG,Direction Dew,RENAME,NC->NCI: NC6400SECT-DG-696-052-01-DD -> NCI6400SECT-DG-696-052-01-DD,OK
NCI6400-DG-696-2C13S1CT2ET-CW-SPT696,6400 - DG,Canvas White,RENAME,NC->NCI: NC6400-DG-696-2C13S1CT2ET-CW-SPT696 -> NCI6400-DG-696-2C13S1CT2ET-CW-SPT696,OK
NCI6400-DG-696-2C13S1CT2ET-CV,6400 - DG,Canvas Navy,RENAME,NC->NCI: NC6400-DG-696-2C13S1CT2ET-CV -> NCI6400-DG-696-2C13S1CT2ET-CV,OK
NCI6400-DG-696-1LLS1RLS1SCC1MC1CT-CW,6400 - DG,Canvas White,RENAME,NC->NCI: NC6400-DG-696-1LLS1RLS1SCC1MC1CT-CW -> NCI6400-DG-696-1LLS1RLS1SCC1MC1CT-CW,OK
NCI6400-DG-696-1LLS1RLS1SCC1MC1CT-RHA,6400 - DG,Relate Harbor,RENAME,NC->NCI: NC6400-DG-696-1LLS1RLS1SCC1MC1CT-RHA -> NCI6400-DG-696-1LLS1RLS1SCC1MC1CT-RHA,OK
NCI6400-DG-696-1LLS1RLS1SCC1MC1CT-SC,6400 - DG,Spectrum Cilantro,RENAME,NC->NCI: NC6400-DG-696-1LLS1RLS1SCC1MC1CT-SC -> NCI6400-DG-696-1LLS1RLS1SCC1MC1CT-SC,OK
NCI6400-DG-696-001-01-CV,6400 - DG,Canvas Navy,RENAME,NC->NCI: NC6400-DG-696-001-01-CV -> NCI6400-DG-696-001-01-CV,OK
NCI6400-DG-696-1LLS1RLS1MC1CET-SD,6400 - DG,Spectrum Dove,RENAME,NC->NCI: NC6400-DG-696-1LLS1RLS1MC1CET-SD -> NCI6400-DG-696-1LLS1RLS1MC1CET-SD,OK
NCI6400-DG-696-1LLS1RLS1CET-DD-SPT696,6400 - DG,Direction Dew,RENAME,NC->NCI: NC6400-DG-696-1LLS1RLS1CET-DD-SPT696 -> NCI6400-DG-696-1LLS1RLS1CET-DD-SPT696,OK
NCI6400-DG-696-2C13S1CT2ET-RHA,6400 - DG,Relate Harbor,RENAME,NC->NCI: NC6400-DG-696-2C13S1CT2ET-RHA -> NCI6400-DG-696-2C13S1CT2ET-RHA,OK
NCI6400-DG-696-1LLS1RLS1MC1CET-SC,6400 - DG,Spectrum Cilantro,RENAME,NC->NCI: NC6400-DG-696-1LLS1RLS1MC1CET-SC -> NCI6400-DG-696-1LLS1RLS1MC1CET-SC,OK
NCI6400-DG-696-1C1SR1LS13S1CT2CET1OT-SD-SPT696,6400 - DG,Spectrum Dove,RENAME,NC->NCI: NC6400-DG-696-1C1SR1LS13S1CT2CET1OT-SD-SPT696 -> NCI6400-DG-696-1C1SR1LS13S1CT2CET1OT-SD-SPT696,OK
NCI6400-DG-696-1LLS1RLS1SCC1CT-BD,6400 - DG,Bliss Dew,RENAME,NC->NCI: NC6400-DG-696-1LLS1RLS1SCC1CT-BD -> NCI6400-DG-696-1LLS1RLS1SCC1CT-BD,OK
NCI6400-DG-696-1LLS1RLS1CET-DD,6400 - DG,Direction Dew,RENAME,NC->NCI: NC6400-DG-696-1LLS1RLS1CET-DD -> NCI6400-DG-696-1LLS1RLS1CET-DD,OK
NCI6400-DG-696-1C1SR1LS13S1CT2CET1OT-BD,6400 - DG,Bliss Dew,RENAME,NC->NCI: NC6400-DG-696-1C1SR1LS13S1CT2CET1OT-BD -> NCI6400-DG-696-1C1SR1LS13S1CT2CET1OT-BD,OK
NCI6400-DG-696-2C13S1CT2ET-BD-SPT696,6400 - DG,Bliss Dew,RENAME,NC->NCI: NC6400-DG-696-2C13S1CT2ET-BD-SPT696 -> NCI6400-DG-696-2C13S1CT2ET-BD-SPT696,OK
NCI6400-DG-696-1LLS1RLS1SCC1MC1CT-SC-SPT696,6400 - DG,Spectrum Cilantro,RENAME,NC->NCI: NC6400-DG-696-1LLS1RLS1SCC1MC1CT-SC-SPT696 -> NCI6400-DG-696-1LLS1RLS1SCC1MC1CT-SC-SPT696,OK
NCI6400-DG-696-2C13S1CT2ET-RHA-SPT696,6400 - DG,Relate Harbor,RENAME,NC->NCI: NC6400-DG-696-2C13S1CT2ET-RHA-SPT696 -> NCI6400-DG-696-2C13S1CT2ET-RHA-SPT696,OK
NCI6400-DG-696-1LLS1RLS1SCC1CT-DD,6400 - DG,Direction Dew,RENAME,NC->NCI: NC6400-DG-696-1LLS1RLS1SCC1CT-DD -> NCI6400-DG-696-1LLS1RLS1SCC1CT-DD,OK
NCI6400-DG-696-1LLS1RLS1SCC1CT-SD-SPT696,6400 - DG,Spectrum Dove,RENAME,NC->NCI: NC6400-DG-696-1LLS1RLS1SCC1CT-SD-SPT696 -> NCI6400-DG-696-1LLS1RLS1SCC1CT-SD-SPT696,OK
NCI6400-DG-696-1LLS1RLS1MC1CET-SC-SPT696,6400 - DG,Spectrum Cilantro,RENAME,NC->NCI: NC6400-DG-696-1LLS1RLS1MC1CET-SC-SPT696 -> NCI6400-DG-696-1LLS1RLS1MC1CET-SC-SPT696,OK
NCI6400-DG-696-1LLS1RLS1SCC1CT-SC,6400 - DG,Spectrum Cilantro,RENAME,NC->NCI: NC6400-DG-696-1LLS1RLS1SCC1CT-SC -> NCI6400-DG-696-1LLS1RLS1SCC1CT-SC,OK
NCI6400-DG-696-2C1CT1LS-SC,6400 - DG,Spectrum Cilantro,RENAME,NC->NCI: NC6400-DG-696-2C1CT1LS-SC -> NCI6400-DG-696-2C1CT1LS-SC,OK
NCI6400-DG-696-2C1CT1LS-BD,6400 - DG,Bliss Dew,RENAME,NC->NCI: NC6400-DG-696-2C1CT1LS-BD -> NCI6400-DG-696-2C1CT1LS-BD,OK
NCI6400-DG-696-1LLS1RLS1SCC1MC1CT-CW-SPT696,6400 - DG,Canvas White,RENAME,NC->NCI: NC6400-DG-696-1LLS1RLS1SCC1MC1CT-CW-SPT696 -> NCI6400-DG-696-1LLS1RLS1SCC1MC1CT-CW-SPT696,OK
NCI6400-DG-696-1LLS1RLS1SCC1MC1CT-CV,6400 - DG,Canvas Navy,RENAME,NC->NCI: NC6400-DG-696-1LLS1RLS1SCC1MC1CT-CV -> NCI6400-DG-696-1LLS1RLS1SCC1MC1CT-CV,OK
NCI6400-DG-696-2C1CT1LS-RHA-SPT696,6400 - DG,Relate Harbor,RENAME,NC->NCI: NC6400-DG-696-2C1CT1LS-RHA-SPT696 -> NCI6400-DG-696-2C1CT1LS-RHA-SPT696,OK
NCI6400-DG-696-2C1CT1LS-SC-SPT696,6400 - DG,Spectrum Cilantro,RENAME,NC->NCI: NC6400-DG-696-2C1CT1LS-SC-SPT696 -> NCI6400-DG-696-2C1CT1LS-SC-SPT696,OK
NCI6400SECT-DG-696-052-01-CV,6400 - DG,Canvas Navy,RENAME,NC->NCI: NC6400SECT-DG-696-052-01-CV -> NCI6400SECT-DG-696-052-01-CV,OK
NCI6400-DG-696-1LLS1RLS1CET-BD,6400 - DG,Bliss Dew,RENAME,NC->NCI: NC6400-DG-696-1LLS1RLS1CET-BD -> NCI6400-DG-696-1LLS1RLS1CET-BD,OK
NCI6400-DG-696-1LLS1RLS1SCC1CT-CW-SPT696,6400 - DG,Canvas White,RENAME,NC->NCI: NC6400-DG-696-1LLS1RLS1SCC1CT-CW-SPT696 -> NCI6400-DG-696-1LLS1RLS1SCC1CT-CW-SPT696,OK
NCI6400-DG-696-1LLS1RLS1MC1CET-BD-SPT696,6400 - DG,Bliss Dew,RENAME,NC->NCI: NC6400-DG-696-1LLS1RLS1MC1CET-BD-SPT696 -> NCI6400-DG-696-1LLS1RLS1MC1CET-BD-SPT696,OK
NCI6400-DG-696-1LLS1RLS1SCC1CT-DD-SPT696,6400 - DG,Direction Dew,RENAME,NC->NCI: NC6400-DG-696-1LLS1RLS1SCC1CT-DD-SPT696 -> NCI6400-DG-696-1LLS1RLS1SCC1CT-DD-SPT696,OK
NCI6400-DG-696-2C13S1CT2ET-CW,6400 - DG,Canvas White,RENAME,NC->NCI: NC6400-DG-696-2C13S1CT2ET-CW -> NCI6400-DG-696-2C13S1CT2ET-CW,OK
NCI6400-DG-696-2C13S1CT2ET-SD-SPT696,6400 - DG,Spectrum Dove,RENAME,NC->NCI: NC6400-DG-696-2C13S1CT2ET-SD-SPT696 -> NCI6400-DG-696-2C13S1CT2ET-SD-SPT696,OK
NCI6400-DG-696-2C13S1CT2ET-BD,6400 - DG,Bliss Dew,RENAME,NC->NCI: NC6400-DG-696-2C13S1CT2ET-BD -> NCI6400-DG-696-2C13S1CT2ET-BD,OK
NCI6400-DG-696-001-01-SC,6400 - DG,Spectrum Cilantro,RENAME,NC->NCI: NC6400-DG-696-001-01-SC -> NCI6400-DG-696-001-01-SC,OK
NCI6400-DG-696-1LLS1RLS1SCC1CT-CV-SPT696,6400 - DG,Canvas Navy,RENAME,NC->NCI: NC6400-DG-696-1LLS1RLS1SCC1CT-CV-SPT696 -> NCI6400-DG-696-1LLS1RLS1SCC1CT-CV-SPT696,OK
NCI6400-DG-696-1LLS1RLS1CET-RHA-SPT696,6400 - DG,Relate Harbor,RENAME,NC->NCI: NC6400-DG-696-1LLS1RLS1CET-RHA-SPT696 -> NCI6400-DG-696-1LLS1RLS1CET-RHA-SPT696,OK
NCI6400-DG-696-1LLS1RLS1CET-SD-SPT696,6400 - DG,Spectrum Dove,RENAME,NC->NCI: NC6400-DG-696-1LLS1RLS1CET-SD-SPT696 -> NCI6400-DG-696-1LLS1RLS1CET-SD-SPT696,OK
NCI6400-DG-696-1LLS1RLS1MC1CET-DD-SPT696,6400 - DG,Direction Dew,RENAME,NC->NCI: NC6400-DG-696-1LLS1RLS1MC1CET-DD-SPT696 -> NCI6400-DG-696-1LLS1RLS1MC1CET-DD-SPT696,OK
NCI6400-DG-696-2C1CT1LS-RHA,6400 - DG,Relate Harbor,RENAME,NC->NCI: NC6400-DG-696-2C1CT1LS-RHA -> NCI6400-DG-696-2C1CT1LS-RHA,OK
NCI6400-DG-696-1LLS1RLS1CET-SD,6400 - DG,Spectrum Dove,RENAME,NC->NCI: NC6400-DG-696-1LLS1RLS1CET-SD -> NCI6400-DG-696-1LLS1RLS1CET-SD,OK
NCI6400-DG-696-2C1CT1LS-SD,6400 - DG,Spectrum Dove,RENAME,NC->NCI: NC6400-DG-696-2C1CT1LS-SD -> NCI6400-DG-696-2C1CT1LS-SD,OK
NCI6400-DG-696-1LLS1RLS1SCC1CT-BD-SPT696,6400 - DG,Bliss Dew,RENAME,NC->NCI: NC6400-DG-696-1LLS1RLS1SCC1CT-BD-SPT696 -> NCI6400-DG-696-1LLS1RLS1SCC1CT-BD-SPT696,OK
NCI6400-DG-696-001-01-SC-SPT696,6400 - DG,Spectrum Cilantro,RENAME,NC->NCI: NC6400-DG-696-001-01-SC-SPT696 -> NCI6400-DG-696-001-01-SC-SPT696,OK
NCI6400-DG-696-1LLS1RLS1CET-BD-SPT696,6400 - DG,Bliss Dew,RENAME,NC->NCI: NC6400-DG-696-1LLS1RLS1CET-BD-SPT696 -> NCI6400-DG-696-1LLS1RLS1CET-BD-SPT696,OK
NCI6400-DG-696-001-01-SD-SPT696,6400 - DG,Spectrum Dove,RENAME,NC->NCI: NC6400-DG-696-001-01-SD-SPT696 -> NCI6400-DG-696-001-01-SD-SPT696,OK
NCI6400-DG-696-1LLS1RLS1SCC1MC1CT-CV-SPT696,6400 - DG,Canvas Navy,RENAME,NC->NCI: NC6400-DG-696-1LLS1RLS1SCC1MC1CT-CV-SPT696 -> NCI6400-DG-696-1LLS1RLS1SCC1MC1CT-CV-SPT696,OK
NCI6400-DG-696-2C13S1CT2ET-DD,6400 - DG,Direction Dew,RENAME,NC->NCI: NC6400-DG-696-2C13S1CT2ET-DD -> NCI6400-DG-696-2C13S1CT2ET-DD,OK
NCI6400-DG-696-1LLS1RLS1SCC1CT-CV,6400 - DG,Canvas Navy,RENAME,NC->NCI: NC6400-DG-696-1LLS1RLS1SCC1CT-CV -> NCI6400-DG-696-1LLS1RLS1SCC1CT-CV,OK
NCI6400-DG-696-1LLS1RLS1SCC1CT-RHA,6400 - DG,Relate Harbor,RENAME,NC->NCI: NC6400-DG-696-1LLS1RLS1SCC1CT-RHA -> NCI6400-DG-696-1LLS1RLS1SCC1CT-RHA,OK
NCI6400-DG-696-1LLS1RLS1CET-RHA,6400 - DG,Relate Harbor,RENAME,NC->NCI: NC6400-DG-696-1LLS1RLS1CET-RHA -> NCI6400-DG-696-1LLS1RLS1CET-RHA,OK
NCI6400SECT-DG-696-052-01-SD,6400 - DG,Spectrum Dove,RENAME,NC->NCI: NC6400SECT-DG-696-052-01-SD -> NCI6400SECT-DG-696-052-01-SD,OK
NCI6400-DG-696-1LLS1RLS1SCC1CT-SD,6400 - DG,Spectrum Dove,RENAME,NC->NCI: NC6400-DG-696-1LLS1RLS1SCC1CT-SD -> NCI6400-DG-696-1LLS1RLS1SCC1CT-SD,OK
NCI6400-DG-696-1LLS1RLS1MC1CET-RHA,6400 - DG,Relate Harbor,RENAME,NC->NCI: NC6400-DG-696-1LLS1RLS1MC1CET-RHA -> NCI6400-DG-696-1LLS1RLS1MC1CET-RHA,OK
NCI6400-DG-696-1LLS1RLS1SCC1MC1CT-BD,6400 - DG,Bliss Dew,RENAME,NC->NCI: NC6400-DG-696-1LLS1RLS1SCC1MC1CT-BD -> NCI6400-DG-696-1LLS1RLS1SCC1MC1CT-BD,OK
NCI6400-DG-696-2C13S1CT2ET-SC,6400 - DG,Spectrum Cilantro,RENAME,NC->NCI: NC6400-DG-696-2C13S1CT2ET-SC -> NCI6400-DG-696-2C13S1CT2ET-SC,OK
NCI6400-DG-696-1LLS1RLS1CET-SC,6400 - DG,Spectrum Cilantro,RENAME,NC->NCI: NC6400-DG-696-1LLS1RLS1CET-SC -> NCI6400-DG-696-1LLS1RLS1CET-SC,OK
NCI6400-DG-696-1LLS1RLS1SCC1MC1CT-DD,6400 - DG,Direction Dew,RENAME,NC->NCI: NC6400-DG-696-1LLS1RLS1SCC1MC1CT-DD -> NCI6400-DG-696-1LLS1RLS1SCC1MC1CT-DD,OK
NCI6400-DG-696-1LLS1RLS1MC1CET-RHA-SPT696,6400 - DG,Relate Harbor,RENAME,NC->NCI: NC6400-DG-696-1LLS1RLS1MC1CET-RHA-SPT696 -> NCI6400-DG-696-1LLS1RLS1MC1CET-RHA-SPT696,OK
NCI6400-DG-696-001-01-BD,6400 - DG,Bliss Dew,RENAME,NC->NCI: NC6400-DG-696-001-01-BD -> NCI6400-DG-696-001-01-BD,OK
NCI6400-DG-696-001-01-BD-SPT696,6400 - DG,Bliss Dew,RENAME,NC->NCI: NC6400-DG-696-001-01-BD-SPT696 -> NCI6400-DG-696-001-01-BD-SPT696,OK
NCI6400-DG-696-2C1CT1LS-BD-SPT696,6400 - DG,Bliss Dew,RENAME,NC->NCI: NC6400-DG-696-2C1CT1LS-BD-SPT696 -> NCI6400-DG-696-2C1CT1LS-BD-SPT696,OK
NCI6400-DG-696-2C13S1CT2ET-DD-SPT696,6400 - DG,Direction Dew,RENAME,NC->NCI: NC6400-DG-696-2C13S1CT2ET-DD-SPT696 -> NCI6400-DG-696-2C13S1CT2ET-DD-SPT696,OK
NCI6400-DG-696-2C13S1CT2ET-SC-SPT696,6400 - DG,Spectrum Cilantro,RENAME,NC->NCI: NC6400-DG-696-2C13S1CT2ET-SC-SPT696 -> NCI6400-DG-696-2C13S1CT2ET-SC-SPT696,OK
NCI6400-DG-696-2C1CT1LS-DD,6400 - DG,Direction Dew,RENAME,NC->NCI: NC6400-DG-696-2C1CT1LS-DD -> NCI6400-DG-696-2C1CT1LS-DD,OK
NCI6400-DG-696-2C1CT1LS-DD-SPT696,6400 - DG,Direction Dew,RENAME,NC->NCI: NC6400-DG-696-2C1CT1LS-DD-SPT696 -> NCI6400-DG-696-2C1CT1LS-DD-SPT696,OK
NCI6400-DG-696-2C1CT1LS-SD-SPT696,6400 - DG,Spectrum Dove,RENAME,NC->NCI: NC6400-DG-696-2C1CT1LS-SD-SPT696 -> NCI6400-DG-696-2C1CT1LS-SD-SPT696,OK
NCI6400-DG-696-2C13S1CT2ET-CV-SPT696,6400 - DG,Canvas Navy,RENAME,NC->NCI: NC6400-DG-696-2C13S1CT2ET-CV-SPT696 -> NCI6400-DG-696-2C13S1CT2ET-CV-SPT696,OK
NCI6400SECT-DG-696-052-01-CV-SPT696,6400 - DG,Canvas Navy,RENAME,NC->NCI: NC6400SECT-DG-696-052-01-CV-SPT696 -> NCI6400SECT-DG-696-052-01-CV-SPT696,OK
NCI6400SECT-DG-696-052-01-DD-SPT696,6400 - DG,Direction Dew,RENAME,NC->NCI: NC6400SECT-DG-696-052-01-DD-SPT696 -> NCI6400SECT-DG-696-052-01-DD-SPT696,OK
NCI6400SECT-DG-696-052-01-CW-SPT696,6400 - DG,Canvas White,RENAME,NC->NCI: NC6400SECT-DG-696-052-01-CW-SPT696 -> NCI6400SECT-DG-696-052-01-CW-SPT696,OK
NCI6400-DG-696-002-01-DD-SPT696,6400 - DG,Direction Dew,RENAME,NC->NCI: NC6400-DG-696-002-01-DD-SPT696 -> NCI6400-DG-696-002-01-DD-SPT696,OK
NCI6400-DG-696-068-01-BD,6400 - DG,Bliss Dew,RENAME,NC->NCI: NC6400-DG-696-068-01-BD -> NCI6400-DG-696-068-01-BD,OK
NCI6400-DG-696-002-01-RHA,6400 - DG,Relate Harbor,RENAME,NC->NCI: NC6400-DG-696-002-01-RHA -> NCI6400-DG-696-002-01-RHA,OK
NCI6400-DG-696-068-01-SC,6400 - DG,Spectrum Cilantro,RENAME,NC->NCI: NC6400-DG-696-068-01-SC -> NCI6400-DG-696-068-01-SC,OK
NCI6400SECT-DG-696-053-01-RHA,6400 - DG,Relate Harbor,RENAME,NC->NCI: NC6400SECT-DG-696-053-01-RHA -> NCI6400SECT-DG-696-053-01-RHA,OK
NCI6400SECT-DG-696-053-01-CW,6400 - DG,Canvas White,RENAME,NC->NCI: NC6400SECT-DG-696-053-01-CW -> NCI6400SECT-DG-696-053-01-CW,OK
NCI6400SECT-DG-696-053-01-SD,6400 - DG,Spectrum Dove,RENAME,NC->NCI: NC6400SECT-DG-696-053-01-SD -> NCI6400SECT-DG-696-053-01-SD,OK
NCI6400-DG-696-068-01-SD,6400 - DG,Spectrum Dove,RENAME,NC->NCI: NC6400-DG-696-068-01-SD -> NCI6400-DG-696-068-01-SD,OK
NCI6400SECT-DG-696-052-01-BD-SPT696,6400 - DG,Bliss Dew,RENAME,NC->NCI: NC6400SECT-DG-696-052-01-BD-SPT696 -> NCI6400SECT-DG-696-052-01-BD-SPT696,OK
NCI6400SECT-DG-696-053-01-CV,6400 - DG,Canvas Navy,RENAME,NC->NCI: NC6400SECT-DG-696-053-01-CV -> NCI6400SECT-DG-696-053-01-CV,OK
NCI6400SECT-DG-696-052-01-RHA-SPT696,6400 - DG,Relate Harbor,RENAME,NC->NCI: NC6400SECT-DG-696-052-01-RHA-SPT696 -> NCI6400SECT-DG-696-052-01-RHA-SPT696,OK
NCI6400SECT-DG-696-052-01-SD-SPT696,6400 - DG,Spectrum Dove,RENAME,NC->NCI: NC6400SECT-DG-696-052-01-SD-SPT696 -> NCI6400SECT-DG-696-052-01-SD-SPT696,OK
NCI6400-DG-696-002-01-DD,6400 - DG,Direction Dew,RENAME,NC->NCI: NC6400-DG-696-002-01-DD -> NCI6400-DG-696-002-01-DD,OK
NCI6400SECT-DG-696-052-01-SC-SPT696,6400 - DG,Spectrum Cilantro,RENAME,NC->NCI: NC6400SECT-DG-696-052-01-SC-SPT696 -> NCI6400SECT-DG-696-052-01-SC-SPT696,OK
NCI6400-DG-696-068-01-CW,6400 - DG,Canvas White,RENAME,NC->NCI: NC6400-DG-696-068-01-CW -> NCI6400-DG-696-068-01-CW,OK
NCI6400-DG-696-002-01-SC,6400 - DG,Spectrum Cilantro,RENAME,NC->NCI: NC6400-DG-696-002-01-SC -> NCI6400-DG-696-002-01-SC,OK
NCI6400-DG-696-068-01-DD,6400 - DG,Direction Dew,RENAME,NC->NCI: NC6400-DG-696-068-01-DD -> NCI6400-DG-696-068-01-DD,OK
NCI6400-DG-696-002-01-SC-SPT696,6400 - DG,Spectrum Cilantro,RENAME,NC->NCI: NC6400-DG-696-002-01-SC-SPT696 -> NCI6400-DG-696-002-01-SC-SPT696,OK
NCI6400SECT-DG-696-053-01-DD,6400 - DG,Direction Dew,RENAME,NC->NCI: NC6400SECT-DG-696-053-01-DD -> NCI6400SECT-DG-696-053-01-DD,OK
NCI6400-DG-696-002-01-SD-SPT696,6400 - DG,Spectrum Dove,RENAME,NC->NCI: NC6400-DG-696-002-01-SD-SPT696 -> NCI6400-DG-696-002-01-SD-SPT696,OK
NCI6400-DG-696-068-01-CV,6400 - DG,Canvas Navy,RENAME,NC->NCI: NC6400-DG-696-068-01-CV -> NCI6400-DG-696-068-01-CV,OK
NCI6400-DG-696-002-01-RHA-SPT696,6400 - DG,Relate Harbor,RENAME,NC->NCI: NC6400-DG-696-002-01-RHA-SPT696 -> NCI6400-DG-696-002-01-RHA-SPT696,OK
NCI6400SECT-DG-696-053-01-SC,6400 - DG,Spectrum Cilantro,RENAME,NC->NCI: NC6400SECT-DG-696-053-01-SC -> NCI6400SECT-DG-696-053-01-SC,OK
NCI6400-DG-696-002-01-SD,6400 - DG,Spectrum Dove,RENAME,NC->NCI: NC6400-DG-696-002-01-SD -> NCI6400-DG-696-002-01-SD,OK
NCI6400SECT-DG-696-053-01-CW-SPT696,6400 - DG,Canvas White,RENAME,NC->NCI: NC6400SECT-DG-696-053-01-CW-SPT696 -> NCI6400SECT-DG-696-053-01-CW-SPT696,OK
NCI6400SECT-DG-696-053-01-BD,6400 - DG,Bliss Dew,RENAME,NC->NCI: NC6400SECT-DG-696-053-01-BD -> NCI6400SECT-DG-696-053-01-BD,OK
NCI6400SECT-DG-696-053-01-CV-SPT696,6400 - DG,Canvas Navy,RENAME,NC->NCI: NC6400SECT-DG-696-053-01-CV-SPT696 -> NCI6400SECT-DG-696-053-01-CV-SPT696,OK
NCI6400-DG-696-068-01-RHA,6400 - DG,Relate Harbor,RENAME,NC->NCI: NC6400-DG-696-068-01-RHA -> NCI6400-DG-696-068-01-RHA,OK
NCI6400SECT-DG-696-053-01-DD-SPT696,6400 - DG,Direction Dew,RENAME,NC->NCI: NC6400SECT-DG-696-053-01-DD-SPT696 -> NCI6400SECT-DG-696-053-01-DD-SPT696,OK
NCI6400SECT-DG-696-053-01-SD-SPT696,6400 - DG,Spectrum Dove,RENAME,NC->NCI: NC6400SECT-DG-696-053-01-SD-SPT696 -> NCI6400SECT-DG-696-053-01-SD-SPT696,OK
NCI6400SECT-DG-696-053-01-SC-SPT696,6400 - DG,Spectrum Cilantro,RENAME,NC->NCI: NC6400SECT-DG-696-053-01-SC-SPT696 -> NCI6400SECT-DG-696-053-01-SC-SPT696,OK
NCI6400-DG-696-260-01-CV,6400 - DG,Canvas Navy,RENAME,NC->NCI: NC6400-DG-696-260-01-CV -> NCI6400-DG-696-260-01-CV,OK
NCI6400-DG-696-260-01-DD,6400 - DG,Direction Dew,RENAME,NC->NCI: NC6400-DG-696-260-01-DD -> NCI6400-DG-696-260-01-DD,OK
NCI6400-DG-696-002-01-BD-SPT696,6400 - DG,Bliss Dew,RENAME,NC->NCI: NC6400-DG-696-002-01-BD-SPT696 -> NCI6400-DG-696-002-01-BD-SPT696,OK
NCI6400-DG-696-260-01-CW,6400 - DG,Canvas White,RENAME,NC->NCI: NC6400-DG-696-260-01-CW -> NCI6400-DG-696-260-01-CW,OK
NCI6400-DG-696-002-01-BD,6400 - DG,Bliss Dew,RENAME,NC->NCI: NC6400-DG-696-002-01-BD -> NCI6400-DG-696-002-01-BD,OK
NCI6400SECT-DG-696-053-01-RHA-SPT696,6400 - DG,Relate Harbor,RENAME,NC->NCI: NC6400SECT-DG-696-053-01-RHA-SPT696 -> NCI6400SECT-DG-696-053-01-RHA-SPT696,OK
NCI6400SECT-DG-696-053-01-BD-SPT696,6400 - DG,Bliss Dew,RENAME,NC->NCI: NC6400SECT-DG-696-053-01-BD-SPT696 -> NCI6400SECT-DG-696-053-01-BD-SPT696,OK
NCI6400-DG-696-260-01-BD,6400 - DG,Bliss Dew,RENAME,NC->NCI: NC6400-DG-696-260-01-BD -> NCI6400-DG-696-260-01-BD,OK
NCI6400-DG-696-260-01-CW-SPT696,6400 - DG,Canvas White,RENAME,NC->NCI: NC6400-DG-696-260-01-CW-SPT696 -> NCI6400-DG-696-260-01-CW-SPT696,OK
NCI6400-DG-739-1C1SR1LS13S1CT2CET1OT-CW,6400 - DG,Canvas White,RENAME,NC->NCI: NC6400-DG-739-1C1SR1LS13S1CT2CET1OT-CW -> NCI6400-DG-739-1C1SR1LS13S1CT2CET1OT-CW,OK
NCI6400-DG-739-1C1SR1LS13S1CT2CET1OT-BD-SPT739,6400 - DG,Bliss Dew,RENAME,NC->NCI: NC6400-DG-739-1C1SR1LS13S1CT2CET1OT-BD-SPT739 -> NCI6400-DG-739-1C1SR1LS13S1CT2CET1OT-BD-SPT739,OK
NCI6400-DG-739-1C1SR1LS13S1CT2CET1OT-SC,6400 - DG,Spectrum Cilantro,RENAME,NC->NCI: NC6400-DG-739-1C1SR1LS13S1CT2CET1OT-SC -> NCI6400-DG-739-1C1SR1LS13S1CT2CET1OT-SC,OK
NCI6400-DG-739-1C1SR1LS13S1CT2CET1OT-DD-SPT739,6400 - DG,Direction Dew,RENAME,NC->NCI: NC6400-DG-739-1C1SR1LS13S1CT2CET1OT-DD-SPT739 -> NCI6400-DG-739-1C1SR1LS13S1CT2CET1OT-DD-SPT739,OK
NCI6400-DG-739-1C1SR1LS13S1CT2CET1OT-BD,6400 - DG,Bliss Dew,RENAME,NC->NCI: NC6400-DG-739-1C1SR1LS13S1CT2CET1OT-BD -> NCI6400-DG-739-1C1SR1LS13S1CT2CET1OT-BD,OK
NCI6400-DG-696-260-01-RHA-SPT696,6400 - DG,Relate Harbor,RENAME,NC->NCI: NC6400-DG-696-260-01-RHA-SPT696 -> NCI6400-DG-696-260-01-RHA-SPT696,OK
NCI6400-DG-739-1C1SR1LS13S1CT2CET1OT-SC-SPT739,6400 - DG,Spectrum Cilantro,RENAME,NC->NCI: NC6400-DG-739-1C1SR1LS13S1CT2CET1OT-SC-SPT739 -> NCI6400-DG-739-1C1SR1LS13S1CT2CET1OT-SC-SPT739,OK
NCI6400-DG-739-1LLS1RLS1CET-SC,6400 - DG,Spectrum Cilantro,RENAME,NC->NCI: NC6400-DG-739-1LLS1RLS1CET-SC -> NCI6400-DG-739-1LLS1RLS1CET-SC,OK
NCI6400-DG-739-1C1SR1LS13S1CT2CET1OT-DD,6400 - DG,Direction Dew,RENAME,NC->NCI: NC6400-DG-739-1C1SR1LS13S1CT2CET1OT-DD -> NCI6400-DG-739-1C1SR1LS13S1CT2CET1OT-DD,OK
NCI6400-DG-739-1LLS1RLS1MC1CET-DD,6400 - DG,Direction Dew,RENAME,NC->NCI: NC6400-DG-739-1LLS1RLS1MC1CET-DD -> NCI6400-DG-739-1LLS1RLS1MC1CET-DD,OK
NCI6400-DG-696-260-01-SD,6400 - DG,Spectrum Dove,RENAME,NC->NCI: NC6400-DG-696-260-01-SD -> NCI6400-DG-696-260-01-SD,OK
NCI6400-DG-696-260-01-RHA,6400 - DG,Relate Harbor,RENAME,NC->NCI: NC6400-DG-696-260-01-RHA -> NCI6400-DG-696-260-01-RHA,OK
NCI6400-DG-739-1C1SR1LS13S1CT2CET1OT-CV-SPT739,6400 - DG,Canvas Navy,RENAME,NC->NCI: NC6400-DG-739-1C1SR1LS13S1CT2CET1OT-CV-SPT739 -> NCI6400-DG-739-1C1SR1LS13S1CT2CET1OT-CV-SPT739,OK
NCI6400-DG-739-1LLS1RLS1MC1CET-SD,6400 - DG,Spectrum Dove,RENAME,NC->NCI: NC6400-DG-739-1LLS1RLS1MC1CET-SD -> NCI6400-DG-739-1LLS1RLS1MC1CET-SD,OK
NCI6400-DG-739-1LLS1RLS1MC1CET-SD-SPT739,6400 - DG,Spectrum Dove,RENAME,NC->NCI: NC6400-DG-739-1LLS1RLS1MC1CET-SD-SPT739 -> NCI6400-DG-739-1LLS1RLS1MC1CET-SD-SPT739,OK
NCI6400-DG-739-1LLS1RLS1SCC1CT-BD,6400 - DG,Bliss Dew,RENAME,NC->NCI: NC6400-DG-739-1LLS1RLS1SCC1CT-BD -> NCI6400-DG-739-1LLS1RLS1SCC1CT-BD,OK
NCI6400-DG-739-1LLS1RLS1SCC1CT-CW,6400 - DG,Canvas White,RENAME,NC->NCI: NC6400-DG-739-1LLS1RLS1SCC1CT-CW -> NCI6400-DG-739-1LLS1RLS1SCC1CT-CW,OK
NCI6400-DG-739-1LLS1RLS1MC1CET-SC,6400 - DG,Spectrum Cilantro,RENAME,NC->NCI: NC6400-DG-739-1LLS1RLS1MC1CET-SC -> NCI6400-DG-739-1LLS1RLS1MC1CET-SC,OK
NCI6400-DG-739-1C1SR1LS13S1CT2CET1OT-CV,6400 - DG,Canvas Navy,RENAME,NC->NCI: NC6400-DG-739-1C1SR1LS13S1CT2CET1OT-CV -> NCI6400-DG-739-1C1SR1LS13S1CT2CET1OT-CV,OK
NCI6400-DG-739-1C1SR1LS13S1CT2CET1OT-SD,6400 - DG,Spectrum Dove,RENAME,NC->NCI: NC6400-DG-739-1C1SR1LS13S1CT2CET1OT-SD -> NCI6400-DG-739-1C1SR1LS13S1CT2CET1OT-SD,OK
NCI6400-DG-739-1LLS1RLS1MC1CET-DD-SPT739,6400 - DG,Direction Dew,RENAME,NC->NCI: NC6400-DG-739-1LLS1RLS1MC1CET-DD-SPT739 -> NCI6400-DG-739-1LLS1RLS1MC1CET-DD-SPT739,OK
NCI6400-DG-739-1LLS1RLS1MC1CET-BD-SPT739,6400 - DG,Bliss Dew,RENAME,NC->NCI: NC6400-DG-739-1LLS1RLS1MC1CET-BD-SPT739 -> NCI6400-DG-739-1LLS1RLS1MC1CET-BD-SPT739,OK
NCI6400-DG-739-1C1SR1LS13S1CT2CET1OT-RHA,6400 - DG,Relate Harbor,RENAME,NC->NCI: NC6400-DG-739-1C1SR1LS13S1CT2CET1OT-RHA -> NCI6400-DG-739-1C1SR1LS13S1CT2CET1OT-RHA,OK
NCI6400-DG-739-1LLS1RLS1MC1CET-BD,6400 - DG,Bliss Dew,RENAME,NC->NCI: NC6400-DG-739-1LLS1RLS1MC1CET-BD -> NCI6400-DG-739-1LLS1RLS1MC1CET-BD,OK
NCI6400-DG-739-1LLS1RLS1SCC1CT-CW-SPT739,6400 - DG,Canvas White,RENAME,NC->NCI: NC6400-DG-739-1LLS1RLS1SCC1CT-CW-SPT739 -> NCI6400-DG-739-1LLS1RLS1SCC1CT-CW-SPT739,OK
NCI6400-DG-739-006-01-BD,6400 - DG,Bliss Dew,RENAME,NC->NCI: NC6400-DG-739-006-01-BD -> NCI6400-DG-739-006-01-BD,OK
NCI6400-DG-739-1LLS1RLS1MC1CET-SC-SPT739,6400 - DG,Spectrum Cilantro,RENAME,NC->NCI: NC6400-DG-739-1LLS1RLS1MC1CET-SC-SPT739 -> NCI6400-DG-739-1LLS1RLS1MC1CET-SC-SPT739,OK
NCI6400-DG-739-1LLS1RLS1SCC1CT-SC-SPT739,6400 - DG,Spectrum Cilantro,RENAME,NC->NCI: NC6400-DG-739-1LLS1RLS1SCC1CT-SC-SPT739 -> NCI6400-DG-739-1LLS1RLS1SCC1CT-SC-SPT739,OK
NCI6400-DG-739-1LLS1RLS1SCC1CT-CV-SPT739,6400 - DG,Canvas Navy,RENAME,NC->NCI: NC6400-DG-739-1LLS1RLS1SCC1CT-CV-SPT739 -> NCI6400-DG-739-1LLS1RLS1SCC1CT-CV-SPT739,OK
NCI6400-DG-739-1LLS1RLS1SCC1CT-SC,6400 - DG,Spectrum Cilantro,RENAME,NC->NCI: NC6400-DG-739-1LLS1RLS1SCC1CT-SC -> NCI6400-DG-739-1LLS1RLS1SCC1CT-SC,OK
NCI6400-DG-739-1LLS1RLS1CET-CW-SPT739,6400 - DG,Canvas White,RENAME,NC->NCI: NC6400-DG-739-1LLS1RLS1CET-CW-SPT739 -> NCI6400-DG-739-1LLS1RLS1CET-CW-SPT739,OK
NCI6400-DG-739-1LLS1RLS1CET-BD,6400 - DG,Bliss Dew,RENAME,NC->NCI: NC6400-DG-739-1LLS1RLS1CET-BD -> NCI6400-DG-739-1LLS1RLS1CET-BD,OK
NCI6400-DG-696-260-01-DD-SPT696,6400 - DG,Direction Dew,RENAME,NC->NCI: NC6400-DG-696-260-01-DD-SPT696 -> NCI6400-DG-696-260-01-DD-SPT696,OK
NCI6400-DG-739-1C1SR1LS13S1CT2CET1OT-SD-SPT739,6400 - DG,Spectrum Dove,RENAME,NC->NCI: NC6400-DG-739-1C1SR1LS13S1CT2CET1OT-SD-SPT739 -> NCI6400-DG-739-1C1SR1LS13S1CT2CET1OT-SD-SPT739,OK
NCI6400-DG-739-006-01-DD,6400 - DG,Direction Dew,RENAME,NC->NCI: NC6400-DG-739-006-01-DD -> NCI6400-DG-739-006-01-DD,OK
NCI6400-DG-739-1LLS1RLS1SCC1CT-CV,6400 - DG,Canvas Navy,RENAME,NC->NCI: NC6400-DG-739-1LLS1RLS1SCC1CT-CV -> NCI6400-DG-739-1LLS1RLS1SCC1CT-CV,OK
NCI6400-DG-739-006-01-BD-SPT739,6400 - DG,Bliss Dew,RENAME,NC->NCI: NC6400-DG-739-006-01-BD-SPT739 -> NCI6400-DG-739-006-01-BD-SPT739,OK
NCI6400-DG-739-006-01-RHA,6400 - DG,Relate Harbor,RENAME,NC->NCI: NC6400-DG-739-006-01-RHA -> NCI6400-DG-739-006-01-RHA,OK
NCI6400-DG-739-006-01-SC,6400 - DG,Spectrum Cilantro,RENAME,NC->NCI: NC6400-DG-739-006-01-SC -> NCI6400-DG-739-006-01-SC,OK
NCI6400-DG-696-260-01-CV-SPT696,6400 - DG,Canvas Navy,RENAME,NC->NCI: NC6400-DG-696-260-01-CV-SPT696 -> NCI6400-DG-696-260-01-CV-SPT696,OK
NCI6400-DG-739-006-01-SD,6400 - DG,Spectrum Dove,RENAME,NC->NCI: NC6400-DG-739-006-01-SD -> NCI6400-DG-739-006-01-SD,OK
NCI6400-DG-739-1LLS1RLS1CET-SC-SPT739,6400 - DG,Spectrum Cilantro,RENAME,NC->NCI: NC6400-DG-739-1LLS1RLS1CET-SC-SPT739 -> NCI6400-DG-739-1LLS1RLS1CET-SC-SPT739,OK
NCI6400-DG-739-1C1SR1LS13S1CT2CET1OT-CW-SPT739,6400 - DG,Canvas White,RENAME,NC->NCI: NC6400-DG-739-1C1SR1LS13S1CT2CET1OT-CW-SPT739 -> NCI6400-DG-739-1C1SR1LS13S1CT2CET1OT-CW-SPT739,OK
NCI6400-DG-696-260-01-SC-SPT696,6400 - DG,Spectrum Cilantro,RENAME,NC->NCI: NC6400-DG-696-260-01-SC-SPT696 -> NCI6400-DG-696-260-01-SC-SPT696,OK
NCI6400-DG-739-1LLS1RLS1CET-CV-SPT739,6400 - DG,Canvas Navy,RENAME,NC->NCI: NC6400-DG-739-1LLS1RLS1CET-CV-SPT739 -> NCI6400-DG-739-1LLS1RLS1CET-CV-SPT739,OK
NCI6400-DG-739-1LLS1RLS1CET-RHA-SPT739,6400 - DG,Relate Harbor,RENAME,NC->NCI: NC6400-DG-739-1LLS1RLS1CET-RHA-SPT739 -> NCI6400-DG-739-1LLS1RLS1CET-RHA-SPT739,OK
NCI6400-DG-739-1C1SR1LS13S1CT2CET1OT-RHA-SPT739,6400 - DG,Relate Harbor,RENAME,NC->NCI: NC6400-DG-739-1C1SR1LS13S1CT2CET1OT-RHA-SPT739 -> NCI6400-DG-739-1C1SR1LS13S1CT2CET1OT-RHA-SPT739,OK
NCI6400-DG-696-260-01-SD-SPT696,6400 - DG,Spectrum Dove,RENAME,NC->NCI: NC6400-DG-696-260-01-SD-SPT696 -> NCI6400-DG-696-260-01-SD-SPT696,OK
NCI6400-DG-696-260-01-SC,6400 - DG,Spectrum Cilantro,RENAME,NC->NCI: NC6400-DG-696-260-01-SC -> NCI6400-DG-696-260-01-SC,OK
NCI6400-DG-739-1LLS1RLS1MC1CET-RHA-SPT739,6400 - DG,Relate Harbor,RENAME,NC->NCI: NC6400-DG-739-1LLS1RLS1MC1CET-RHA-SPT739 -> NCI6400-DG-739-1LLS1RLS1MC1CET-RHA-SPT739,OK
NCI6400-DG-739-1LLS1RLS1CET-SD,6400 - DG,Spectrum Dove,RENAME,NC->NCI: NC6400-DG-739-1LLS1RLS1CET-SD -> NCI6400-DG-739-1LLS1RLS1CET-SD,OK
NCI6400-DG-739-1LLS1RLS1SCC1CT-SD,6400 - DG,Spectrum Dove,RENAME,NC->NCI: NC6400-DG-739-1LLS1RLS1SCC1CT-SD -> NCI6400-DG-739-1LLS1RLS1SCC1CT-SD,OK
NCI6400-DG-739-1LLS1RLS1SCC1CT-BD-SPT739,6400 - DG,Bliss Dew,RENAME,NC->NCI: NC6400-DG-739-1LLS1RLS1SCC1CT-BD-SPT739 -> NCI6400-DG-739-1LLS1RLS1SCC1CT-BD-SPT739,OK
NCI6400-DG-739-1LLS1RLS1SCC1MC1CT-SC,6400 - DG,Spectrum Cilantro,RENAME,NC->NCI: NC6400-DG-739-1LLS1RLS1SCC1MC1CT-SC -> NCI6400-DG-739-1LLS1RLS1SCC1MC1CT-SC,OK
NCI6400-DG-739-1LLS1RLS1MC1CET-RHA,6400 - DG,Relate Harbor,RENAME,NC->NCI: NC6400-DG-739-1LLS1RLS1MC1CET-RHA -> NCI6400-DG-739-1LLS1RLS1MC1CET-RHA,OK
NCI6400-DG-739-1LLS1RLS1SCC1MC1CT-CW-SPT739,6400 - DG,Canvas White,RENAME,NC->NCI: NC6400-DG-739-1LLS1RLS1SCC1MC1CT-CW-SPT739 -> NCI6400-DG-739-1LLS1RLS1SCC1MC1CT-CW-SPT739,OK
NCI6400-DG-739-1LLS1RLS1SCC1MC1CT-BD,6400 - DG,Bliss Dew,RENAME,NC->NCI: NC6400-DG-739-1LLS1RLS1SCC1MC1CT-BD -> NCI6400-DG-739-1LLS1RLS1SCC1MC1CT-BD,OK
NCI6400-DG-739-1LLS1RLS1CET-DD,6400 - DG,Direction Dew,RENAME,NC->NCI: NC6400-DG-739-1LLS1RLS1CET-DD -> NCI6400-DG-739-1LLS1RLS1CET-DD,OK
NCI6400-DG-739-1LLS1RLS1SCC1CT-DD-SPT739,6400 - DG,Direction Dew,RENAME,NC->NCI: NC6400-DG-739-1LLS1RLS1SCC1CT-DD-SPT739 -> NCI6400-DG-739-1LLS1RLS1SCC1CT-DD-SPT739,OK
NCI6400-DG-739-1LLS1RLS1SCC1MC1CT-CW,6400 - DG,Canvas White,RENAME,NC->NCI: NC6400-DG-739-1LLS1RLS1SCC1MC1CT-CW -> NCI6400-DG-739-1LLS1RLS1SCC1MC1CT-CW,OK
NCI6400-DG-739-2C13S1CT2ET-CW,6400 - DG,Canvas White,RENAME,NC->NCI: NC6400-DG-739-2C13S1CT2ET-CW -> NCI6400-DG-739-2C13S1CT2ET-CW,OK
NCI6400-DG-739-1LLS1RLS1CET-SD-SPT739,6400 - DG,Spectrum Dove,RENAME,NC->NCI: NC6400-DG-739-1LLS1RLS1CET-SD-SPT739 -> NCI6400-DG-739-1LLS1RLS1CET-SD-SPT739,OK
NCI6400-DG-739-1LLS1RLS1SCC1CT-DD,6400 - DG,Direction Dew,RENAME,NC->NCI: NC6400-DG-739-1LLS1RLS1SCC1CT-DD -> NCI6400-DG-739-1LLS1RLS1SCC1CT-DD,OK
NCI6400-DG-739-1LLS1RLS1SCC1MC1CT-BD-SPT739,6400 - DG,Bliss Dew,RENAME,NC->NCI: NC6400-DG-739-1LLS1RLS1SCC1MC1CT-BD-SPT739 -> NCI6400-DG-739-1LLS1RLS1SCC1MC1CT-BD-SPT739,OK
NCI6400-DG-739-2C13S1CT2ET-SD,6400 - DG,Spectrum Dove,RENAME,NC->NCI: NC6400-DG-739-2C13S1CT2ET-SD -> NCI6400-DG-739-2C13S1CT2ET-SD,OK
NCI6400-DG-739-2C13S1CT2ET-BD-SPT739,6400 - DG,Bliss Dew,RENAME,NC->NCI: NC6400-DG-739-2C13S1CT2ET-BD-SPT739 -> NCI6400-DG-739-2C13S1CT2ET-BD-SPT739,OK
NCI6400-DG-739-1LLS1RLS1SCC1MC1CT-RHA,6400 - DG,Relate Harbor,RENAME,NC->NCI: NC6400-DG-739-1LLS1RLS1SCC1MC1CT-RHA -> NCI6400-DG-739-1LLS1RLS1SCC1MC1CT-RHA,OK
NCI6400-DG-739-1LLS1RLS1SCC1MC1CT-RHA-SPT739,6400 - DG,Relate Harbor,RENAME,NC->NCI: NC6400-DG-739-1LLS1RLS1SCC1MC1CT-RHA-SPT739 -> NCI6400-DG-739-1LLS1RLS1SCC1MC1CT-RHA-SPT739,OK
NCI6400-DG-739-1LLS1RLS1SCC1MC1CT-CV-SPT739,6400 - DG,Canvas Navy,RENAME,NC->NCI: NC6400-DG-739-1LLS1RLS1SCC1MC1CT-CV-SPT739 -> NCI6400-DG-739-1LLS1RLS1SCC1MC1CT-CV-SPT739,OK
NCI6400-DG-739-1LLS1RLS1SCC1MC1CT-SD,6400 - DG,Spectrum Dove,RENAME,NC->NCI: NC6400-DG-739-1LLS1RLS1SCC1MC1CT-SD -> NCI6400-DG-739-1LLS1RLS1SCC1MC1CT-SD,OK
NCI6400-DG-739-1LLS1RLS1SCC1CT-RHA,6400 - DG,Relate Harbor,RENAME,NC->NCI: NC6400-DG-739-1LLS1RLS1SCC1CT-RHA -> NCI6400-DG-739-1LLS1RLS1SCC1CT-RHA,OK
NCI6400-DG-739-1LLS1RLS1SCC1MC1CT-DD-SPT739,6400 - DG,Direction Dew,RENAME,NC->NCI: NC6400-DG-739-1LLS1RLS1SCC1MC1CT-DD-SPT739 -> NCI6400-DG-739-1LLS1RLS1SCC1MC1CT-DD-SPT739,OK
NCI6400-DG-739-1LLS1RLS1SCC1MC1CT-CV,6400 - DG,Canvas Navy,RENAME,NC->NCI: NC6400-DG-739-1LLS1RLS1SCC1MC1CT-CV -> NCI6400-DG-739-1LLS1RLS1SCC1MC1CT-CV,OK
NCI6400-DG-739-2C13S1CT2ET-CW-SPT739,6400 - DG,Canvas White,RENAME,NC->NCI: NC6400-DG-739-2C13S1CT2ET-CW-SPT739 -> NCI6400-DG-739-2C13S1CT2ET-CW-SPT739,OK
NCI6400-DG-739-2C13S1CT2ET-RHA-SPT739,6400 - DG,Relate Harbor,RENAME,NC->NCI: NC6400-DG-739-2C13S1CT2ET-RHA-SPT739 -> NCI6400-DG-739-2C13S1CT2ET-RHA-SPT739,OK
NCI6400-DG-739-2C1CT1LS-BD-SPT739,6400 - DG,Bliss Dew,RENAME,NC->NCI: NC6400-DG-739-2C1CT1LS-BD-SPT739 -> NCI6400-DG-739-2C1CT1LS-BD-SPT739,OK
NCI6400-DG-739-1LLS1RLS1CET-DD-SPT739,6400 - DG,Direction Dew,RENAME,NC->NCI: NC6400-DG-739-1LLS1RLS1CET-DD-SPT739 -> NCI6400-DG-739-1LLS1RLS1CET-DD-SPT739,OK
NCI6400-DG-739-2C13S1CT2ET-SD-SPT739,6400 - DG,Spectrum Dove,RENAME,NC->NCI: NC6400-DG-739-2C13S1CT2ET-SD-SPT739 -> NCI6400-DG-739-2C13S1CT2ET-SD-SPT739,OK
NCI6400-DG-739-2C13S1CT2ET-DD-SPT739,6400 - DG,Direction Dew,RENAME,NC->NCI: NC6400-DG-739-2C13S1CT2ET-DD-SPT739 -> NCI6400-DG-739-2C13S1CT2ET-DD-SPT739,OK
NCI6400-DG-739-2C1CT1LS-RHA-SPT739,6400 - DG,Relate Harbor,RENAME,NC->NCI: NC6400-DG-739-2C1CT1LS-RHA-SPT739 -> NCI6400-DG-739-2C1CT1LS-RHA-SPT739,OK
NCI6400-DG-739-2C1CT1LS-DD,6400 - DG,Direction Dew,RENAME,NC->NCI: NC6400-DG-739-2C1CT1LS-DD -> NCI6400-DG-739-2C1CT1LS-DD,OK
NCI6400-DG-739-2C13S1CT2ET-CV-SPT739,6400 - DG,Canvas Navy,RENAME,NC->NCI: NC6400-DG-739-2C13S1CT2ET-CV-SPT739 -> NCI6400-DG-739-2C13S1CT2ET-CV-SPT739,OK
NCI6400-DG-739-2C13S1CT2ET-RHA,6400 - DG,Relate Harbor,RENAME,NC->NCI: NC6400-DG-739-2C13S1CT2ET-RHA -> NCI6400-DG-739-2C13S1CT2ET-RHA,OK
NCI6400-DG-739-2C1CT1LS-SD,6400 - DG,Spectrum Dove,RENAME,NC->NCI: NC6400-DG-739-2C1CT1LS-SD -> NCI6400-DG-739-2C1CT1LS-SD,OK
NCI6400-DG-739-2C1CT1LS-DD-SPT739,6400 - DG,Direction Dew,RENAME,NC->NCI: NC6400-DG-739-2C1CT1LS-DD-SPT739 -> NCI6400-DG-739-2C1CT1LS-DD-SPT739,OK
NCI6400-DG-739-2C1CT1LS-SC-SPT739,6400 - DG,Spectrum Cilantro,RENAME,NC->NCI: NC6400-DG-739-2C1CT1LS-SC-SPT739 -> NCI6400-DG-739-2C1CT1LS-SC-SPT739,OK
NCI6400-DG-739-2C1CT1LS-SC,6400 - DG,Spectrum Cilantro,RENAME,NC->NCI: NC6400-DG-739-2C1CT1LS-SC -> NCI6400-DG-739-2C1CT1LS-SC,OK
NCI6400-DG-739-2C13S1CT2ET-SC-SPT739,6400 - DG,Spectrum Cilantro,RENAME,NC->NCI: NC6400-DG-739-2C13S1CT2ET-SC-SPT739 -> NCI6400-DG-739-2C13S1CT2ET-SC-SPT739,OK
NCI6400-DG-739-1LLS1RLS1CET-BD-SPT739,6400 - DG,Bliss Dew,RENAME,NC->NCI: NC6400-DG-739-1LLS1RLS1CET-BD-SPT739 -> NCI6400-DG-739-1LLS1RLS1CET-BD-SPT739,OK
NCI6400-DG-696-260-01-BD-SPT696,6400 - DG,Bliss Dew,RENAME,NC->NCI: NC6400-DG-696-260-01-BD-SPT696 -> NCI6400-DG-696-260-01-BD-SPT696,OK
NCI6400-DG-739-2C1CT1LS-RHA,6400 - DG,Relate Harbor,RENAME,NC->NCI: NC6400-DG-739-2C1CT1LS-RHA -> NCI6400-DG-739-2C1CT1LS-RHA,OK
NCI6400-DG-739-2C13S1CT2ET-CV,6400 - DG,Canvas Navy,RENAME,NC->NCI: NC6400-DG-739-2C13S1CT2ET-CV -> NCI6400-DG-739-2C13S1CT2ET-CV,OK
NCI6400-DG-739-1LLS1RLS1SCC1MC1CT-DD,6400 - DG,Direction Dew,RENAME,NC->NCI: NC6400-DG-739-1LLS1RLS1SCC1MC1CT-DD -> NCI6400-DG-739-1LLS1RLS1SCC1MC1CT-DD,OK
NCI6400-DG-739-1LLS1RLS1CET-RHA,6400 - DG,Relate Harbor,RENAME,NC->NCI: NC6400-DG-739-1LLS1RLS1CET-RHA -> NCI6400-DG-739-1LLS1RLS1CET-RHA,OK
NCI6400-DG-739-1LLS1RLS1SCC1MC1CT-SD-SPT739,6400 - DG,Spectrum Dove,RENAME,NC->NCI: NC6400-DG-739-1LLS1RLS1SCC1MC1CT-SD-SPT739 -> NCI6400-DG-739-1LLS1RLS1SCC1MC1CT-SD-SPT739,OK
NCI6400-DG-739-2C13S1CT2ET-DD,6400 - DG,Direction Dew,RENAME,NC->NCI: NC6400-DG-739-2C13S1CT2ET-DD -> NCI6400-DG-739-2C13S1CT2ET-DD,OK
NCI6400-DG-739-1LLS1RLS1SCC1CT-SD-SPT739,6400 - DG,Spectrum Dove,RENAME,NC->NCI: NC6400-DG-739-1LLS1RLS1SCC1CT-SD-SPT739 -> NCI6400-DG-739-1LLS1RLS1SCC1CT-SD-SPT739,OK
NCI6400-DG-739-2C1CT1LS-SD-SPT739,6400 - DG,Spectrum Dove,RENAME,NC->NCI: NC6400-DG-739-2C1CT1LS-SD-SPT739 -> NCI6400-DG-739-2C1CT1LS-SD-SPT739,OK
NCI6400-DG-739-1LLS1RLS1SCC1CT-RHA-SPT739,6400 - DG,Relate Harbor,RENAME,NC->NCI: NC6400-DG-739-1LLS1RLS1SCC1CT-RHA-SPT739 -> NCI6400-DG-739-1LLS1RLS1SCC1CT-RHA-SPT739,OK
NCI6400-DG-739-2C13S1CT2ET-SC,6400 - DG,Spectrum Cilantro,RENAME,NC->NCI: NC6400-DG-739-2C13S1CT2ET-SC -> NCI6400-DG-739-2C13S1CT2ET-SC,OK
NCI6400-DG-739-2C13S1CT2ET-BD,6400 - DG,Bliss Dew,RENAME,NC->NCI: NC6400-DG-739-2C13S1CT2ET-BD -> NCI6400-DG-739-2C13S1CT2ET-BD,OK
NCI6400-DG-739-2C1CT1LS-BD,6400 - DG,Bliss Dew,RENAME,NC->NCI: NC6400-DG-739-2C1CT1LS-BD -> NCI6400-DG-739-2C1CT1LS-BD,OK
NCI6400-DG-739-006-01-DD-SPT739,6400 - DG,Direction Dew,RENAME,NC->NCI: NC6400-DG-739-006-01-DD-SPT739 -> NCI6400-DG-739-006-01-DD-SPT739,OK
NCI6400-DG-739-1LLS1RLS1SCC1MC1CT-SC-SPT739,6400 - DG,Spectrum Cilantro,RENAME,NC->NCI: NC6400-DG-739-1LLS1RLS1SCC1MC1CT-SC-SPT739 -> NCI6400-DG-739-1LLS1RLS1SCC1MC1CT-SC-SPT739,OK
NCI6400-DG-739-4SR-BD,6400 - DG,Bliss Dew,RENAME,NC->NCI: NC6400-DG-739-4SR-BD -> NCI6400-DG-739-4SR-BD,OK
NCI6400-DG-739-006-01-RHA-SPT739,6400 - DG,Relate Harbor,RENAME,NC->NCI: NC6400-DG-739-006-01-RHA-SPT739 -> NCI6400-DG-739-006-01-RHA-SPT739,OK
NCI6400-DG-739-006-01-SC-SPT739,6400 - DG,Spectrum Cilantro,RENAME,NC->NCI: NC6400-DG-739-006-01-SC-SPT739 -> NCI6400-DG-739-006-01-SC-SPT739,OK
NCI6400-DG-739-4SR-SD,6400 - DG,Spectrum Dove,RENAME,NC->NCI: NC6400-DG-739-4SR-SD -> NCI6400-DG-739-4SR-SD,OK
NCI6400-DG-739-006-01-SD-SPT739,6400 - DG,Spectrum Dove,RENAME,NC->NCI: NC6400-DG-739-006-01-SD-SPT739 -> NCI6400-DG-739-006-01-SD-SPT739,OK
NCI6400-DG-739-4SR-RHA,6400 - DG,Relate Harbor,RENAME,NC->NCI: NC6400-DG-739-4SR-RHA -> NCI6400-DG-739-4SR-RHA,OK
NCI6400-DG-739-4SR-SC,6400 - DG,Spectrum Cilantro,RENAME,NC->NCI: NC6400-DG-739-4SR-SC -> NCI6400-DG-739-4SR-SC,OK
NCI6400-DG-739-4SR-DD-SPT739,6400 - DG,Direction Dew,RENAME,NC->NCI: NC6400-DG-739-4SR-DD-SPT739 -> NCI6400-DG-739-4SR-DD-SPT739,OK
NCI6400-DG-739-001-01-CW,6400 - DG,Canvas White,RENAME,NC->NCI: NC6400-DG-739-001-01-CW -> NCI6400-DG-739-001-01-CW,OK
NCI6400-DG-739-001-01-BD,6400 - DG,Bliss Dew,RENAME,NC->NCI: NC6400-DG-739-001-01-BD -> NCI6400-DG-739-001-01-BD,OK
NCI6400-DG-739-001-01-CV,6400 - DG,Canvas Navy,RENAME,NC->NCI: NC6400-DG-739-001-01-CV -> NCI6400-DG-739-001-01-CV,OK
NCI6400-DG-739-4SR-SC-SPT739,6400 - DG,Spectrum Cilantro,RENAME,NC->NCI: NC6400-DG-739-4SR-SC-SPT739 -> NCI6400-DG-739-4SR-SC-SPT739,OK
NCI6400-DG-739-4SR-RHA-SPT739,6400 - DG,Relate Harbor,RENAME,NC->NCI: NC6400-DG-739-4SR-RHA-SPT739 -> NCI6400-DG-739-4SR-RHA-SPT739,OK
NCI6400-DG-739-001-01-RHA,6400 - DG,Relate Harbor,RENAME,NC->NCI: NC6400-DG-739-001-01-RHA -> NCI6400-DG-739-001-01-RHA,OK
NCI6400-DG-739-4SR-CW-SPT739,6400 - DG,Canvas White,RENAME,NC->NCI: NC6400-DG-739-4SR-CW-SPT739 -> NCI6400-DG-739-4SR-CW-SPT739,OK
NCI6400-DG-739-4SR-SD-SPT739,6400 - DG,Spectrum Dove,RENAME,NC->NCI: NC6400-DG-739-4SR-SD-SPT739 -> NCI6400-DG-739-4SR-SD-SPT739,OK
NCI6400-DG-739-4SR-BD-SPT739,6400 - DG,Bliss Dew,RENAME,NC->NCI: NC6400-DG-739-4SR-BD-SPT739 -> NCI6400-DG-739-4SR-BD-SPT739,OK
NCI6400-DG-739-001-01-DD,6400 - DG,Direction Dew,RENAME,NC->NCI: NC6400-DG-739-001-01-DD -> NCI6400-DG-739-001-01-DD,OK
NCI6400-DG-739-4SR-DD,6400 - DG,Direction Dew,RENAME,NC->NCI: NC6400-DG-739-4SR-DD -> NCI6400-DG-739-4SR-DD,OK
NCI6400-DG-739-001-01-CV-SPT739,6400 - DG,Canvas Navy,RENAME,NC->NCI: NC6400-DG-739-001-01-CV-SPT739 -> NCI6400-DG-739-001-01-CV-SPT739,OK
NCI6400-DG-739-4SR-CW,6400 - DG,Canvas White,RENAME,NC->NCI: NC6400-DG-739-4SR-CW -> NCI6400-DG-739-4SR-CW,OK
NCI6400-DG-739-4SR-CV-SPT739,6400 - DG,Canvas Navy,RENAME,NC->NCI: NC6400-DG-739-4SR-CV-SPT739 -> NCI6400-DG-739-4SR-CV-SPT739,OK
NCI6400-DG-739-4SR-CV,6400 - DG,Canvas Navy,RENAME,NC->NCI: NC6400-DG-739-4SR-CV -> NCI6400-DG-739-4SR-CV,OK
NCI6400-DG-739-001-01-SC,6400 - DG,Spectrum Cilantro,RENAME,NC->NCI: NC6400-DG-739-001-01-SC -> NCI6400-DG-739-001-01-SC,OK
NCI6400-DG-739-001-01-SD,6400 - DG,Spectrum Dove,RENAME,NC->NCI: NC6400-DG-739-001-01-SD -> NCI6400-DG-739-001-01-SD,OK
NCI6400SECT-DG-739-052-01-BD,6400 - DG,Bliss Dew,RENAME,NC->NCI: NC6400SECT-DG-739-052-01-BD -> NCI6400SECT-DG-739-052-01-BD,OK
NCI6400SECT-DG-739-052-01-CV,6400 - DG,Canvas Navy,RENAME,NC->NCI: NC6400SECT-DG-739-052-01-CV -> NCI6400SECT-DG-739-052-01-CV,OK
NCI6400-DG-739-001-01-SC-SPT739,6400 - DG,Spectrum Cilantro,RENAME,NC->NCI: NC6400-DG-739-001-01-SC-SPT739 -> NCI6400-DG-739-001-01-SC-SPT739,OK
NCI6400-DG-739-001-01-CW-SPT739,6400 - DG,Canvas White,RENAME,NC->NCI: NC6400-DG-739-001-01-CW-SPT739 -> NCI6400-DG-739-001-01-CW-SPT739,OK
NCI6400-DG-739-001-01-DD-SPT739,6400 - DG,Direction Dew,RENAME,NC->NCI: NC6400-DG-739-001-01-DD-SPT739 -> NCI6400-DG-739-001-01-DD-SPT739,OK
NCI6400-DG-739-001-01-RHA-SPT739,6400 - DG,Relate Harbor,RENAME,NC->NCI: NC6400-DG-739-001-01-RHA-SPT739 -> NCI6400-DG-739-001-01-RHA-SPT739,OK
NCI6400-DG-739-001-01-BD-SPT739,6400 - DG,Bliss Dew,RENAME,NC->NCI: NC6400-DG-739-001-01-BD-SPT739 -> NCI6400-DG-739-001-01-BD-SPT739,OK
NCI6400-DG-739-001-01-SD-SPT739,6400 - DG,Spectrum Dove,RENAME,NC->NCI: NC6400-DG-739-001-01-SD-SPT739 -> NCI6400-DG-739-001-01-SD-SPT739,OK
NCI6400SECT-DG-739-052-01-SC,6400 - DG,Spectrum Cilantro,RENAME,NC->NCI: NC6400SECT-DG-739-052-01-SC -> NCI6400SECT-DG-739-052-01-SC,OK
NCI6400SECT-DG-739-052-01-RHA,6400 - DG,Relate Harbor,RENAME,NC->NCI: NC6400SECT-DG-739-052-01-RHA -> NCI6400SECT-DG-739-052-01-RHA,OK
NCI6400SECT-DG-739-052-01-DD,6400 - DG,Direction Dew,RENAME,NC->NCI: NC6400SECT-DG-739-052-01-DD -> NCI6400SECT-DG-739-052-01-DD,OK
NCI6400SECT-DG-739-052-01-CW,6400 - DG,Canvas White,RENAME,NC->NCI: NC6400SECT-DG-739-052-01-CW -> NCI6400SECT-DG-739-052-01-CW,OK
NCI6400SECT-DG-739-052-01-SD,6400 - DG,Spectrum Dove,RENAME,NC->NCI: NC6400SECT-DG-739-052-01-SD -> NCI6400SECT-DG-739-052-01-SD,OK
NCI6400SECT-DG-739-052-01-CW-SPT73,6400 - DG,Canvas White,RENAME,NC->NCI: NC6400SECT-DG-739-052-01-CW-SPT73 -> NCI6400SECT-DG-739-052-01-CW-SPT73,OK
NCI6400SECT-DG-739-052-01-BD-SPT73,6400 - DG,Bliss Dew,RENAME,NC->NCI: NC6400SECT-DG-739-052-01-BD-SPT73 -> NCI6400SECT-DG-739-052-01-BD-SPT73,OK
NCI6400SECT-DG-739-052-01-DD-SPT73,6400 - DG,Direction Dew,RENAME,NC->NCI: NC6400SECT-DG-739-052-01-DD-SPT73 -> NCI6400SECT-DG-739-052-01-DD-SPT73,OK
NCI6400SECT-DG-739-052-01-CV-SPT73,6400 - DG,Canvas Navy,RENAME,NC->NCI: NC6400SECT-DG-739-052-01-CV-SPT73 -> NCI6400SECT-DG-739-052-01-CV-SPT73,OK
NCI6400SECT-DG-739-052-01-RHA-SPT73,6400 - DG,Relate Harbor,RENAME,NC->NCI: NC6400SECT-DG-739-052-01-RHA-SPT73 -> NCI6400SECT-DG-739-052-01-RHA-SPT73,OK
NCI6400SECT-DG-739-052-01-SC-SPT73,6400 - DG,Spectrum Cilantro,RENAME,NC->NCI: NC6400SECT-DG-739-052-01-SC-SPT73 -> NCI6400SECT-DG-739-052-01-SC-SPT73,OK
NCI6400SECT-DG-739-052-01-SD-SPT73,6400 - DG,Spectrum Dove,RENAME,NC->NCI: NC6400SECT-DG-739-052-01-SD-SPT73 -> NCI6400SECT-DG-739-052-01-SD-SPT73,OK
NCI6400-DG-739-002-01-RHA,6400 - DG,Relate Harbor,RENAME,NC->NCI: NC6400-DG-739-002-01-RHA -> NCI6400-DG-739-002-01-RHA,OK
NCI6400-DG-739-002-01-SD,6400 - DG,Spectrum Dove,RENAME,NC->NCI: NC6400-DG-739-002-01-SD -> NCI6400-DG-739-002-01-SD,OK
NCI6400-DG-739-002-01-DD-SPT739,6400 - DG,Direction Dew,RENAME,NC->NCI: NC6400-DG-739-002-01-DD-SPT739 -> NCI6400-DG-739-002-01-DD-SPT739,OK
NCI6400-DG-739-068-01-BD,6400 - DG,Bliss Dew,RENAME,NC->NCI: NC6400-DG-739-068-01-BD -> NCI6400-DG-739-068-01-BD,OK
NCI6400-DG-739-002-01-BD,6400 - DG,Bliss Dew,RENAME,NC->NCI: NC6400-DG-739-002-01-BD -> NCI6400-DG-739-002-01-BD,OK
NCI6400-DG-739-068-01-CV,6400 - DG,Canvas Navy,RENAME,NC->NCI: NC6400-DG-739-068-01-CV -> NCI6400-DG-739-068-01-CV,OK
NCI6400-DG-739-002-01-DD,6400 - DG,Direction Dew,RENAME,NC->NCI: NC6400-DG-739-002-01-DD -> NCI6400-DG-739-002-01-DD,OK
NCI6400-DG-739-002-01-BD-SPT739,6400 - DG,Bliss Dew,RENAME,NC->NCI: NC6400-DG-739-002-01-BD-SPT739 -> NCI6400-DG-739-002-01-BD-SPT739,OK
NCI6400-DG-739-068-01-CW,6400 - DG,Canvas White,RENAME,NC->NCI: NC6400-DG-739-068-01-CW -> NCI6400-DG-739-068-01-CW,OK
NCI6400-DG-739-068-01-RHA,6400 - DG,Relate Harbor,RENAME,NC->NCI: NC6400-DG-739-068-01-RHA -> NCI6400-DG-739-068-01-RHA,OK
NCI6400-DG-739-002-01-SC,6400 - DG,Spectrum Cilantro,RENAME,NC->NCI: NC6400-DG-739-002-01-SC -> NCI6400-DG-739-002-01-SC,OK
NCI6400-DG-739-068-01-SC,6400 - DG,Spectrum Cilantro,RENAME,NC->NCI: NC6400-DG-739-068-01-SC -> NCI6400-DG-739-068-01-SC,OK
NCI6400-DG-739-068-01-DD,6400 - DG,Direction Dew,RENAME,NC->NCI: NC6400-DG-739-068-01-DD -> NCI6400-DG-739-068-01-DD,OK
NCI6400SECT-DG-739-053-01-CW,6400 - DG,Canvas White,RENAME,NC->NCI: NC6400SECT-DG-739-053-01-CW -> NCI6400SECT-DG-739-053-01-CW,OK
NCI6400-DG-739-002-01-RHA-SPT739,6400 - DG,Relate Harbor,RENAME,NC->NCI: NC6400-DG-739-002-01-RHA-SPT739 -> NCI6400-DG-739-002-01-RHA-SPT739,OK
NCI6400SECT-DG-739-053-01-SD,6400 - DG,Spectrum Dove,RENAME,NC->NCI: NC6400SECT-DG-739-053-01-SD -> NCI6400SECT-DG-739-053-01-SD,OK
NCI6400SECT-DG-739-053-01-CV,6400 - DG,Canvas Navy,RENAME,NC->NCI: NC6400SECT-DG-739-053-01-CV -> NCI6400SECT-DG-739-053-01-CV,OK
NCI6400-DG-739-002-01-SC-SPT739,6400 - DG,Spectrum Cilantro,RENAME,NC->NCI: NC6400-DG-739-002-01-SC-SPT739 -> NCI6400-DG-739-002-01-SC-SPT739,OK
NCI6400-DG-739-002-01-SD-SPT739,6400 - DG,Spectrum Dove,RENAME,NC->NCI: NC6400-DG-739-002-01-SD-SPT739 -> NCI6400-DG-739-002-01-SD-SPT739,OK
NCI6400SECT-DG-739-053-01-DD,6400 - DG,Direction Dew,RENAME,NC->NCI: NC6400SECT-DG-739-053-01-DD -> NCI6400SECT-DG-739-053-01-DD,OK
NCI6400SECT-DG-739-053-01-SC,6400 - DG,Spectrum Cilantro,RENAME,NC->NCI: NC6400SECT-DG-739-053-01-SC -> NCI6400SECT-DG-739-053-01-SC,OK
NCI6400SECT-DG-739-053-01-CV-SPT739,6400 - DG,Canvas Navy,RENAME,NC->NCI: NC6400SECT-DG-739-053-01-CV-SPT739 -> NCI6400SECT-DG-739-053-01-CV-SPT739,OK
NCI6400SECT-DG-739-053-01-BD,6400 - DG,Bliss Dew,RENAME,NC->NCI: NC6400SECT-DG-739-053-01-BD -> NCI6400SECT-DG-739-053-01-BD,OK
NCI6400-DG-739-068-01-SD,6400 - DG,Spectrum Dove,RENAME,NC->NCI: NC6400-DG-739-068-01-SD -> NCI6400-DG-739-068-01-SD,OK
NCI6400SECT-DG-739-053-01-DD-SPT739,6400 - DG,Direction Dew,RENAME,NC->NCI: NC6400SECT-DG-739-053-01-DD-SPT739 -> NCI6400SECT-DG-739-053-01-DD-SPT739,OK
NCI6400SECT-DG-739-053-01-CW-SPT739,6400 - DG,Canvas White,RENAME,NC->NCI: NC6400SECT-DG-739-053-01-CW-SPT739 -> NCI6400SECT-DG-739-053-01-CW-SPT739,OK
NCI6400SECT-DG-739-053-01-RHA-SPT739,6400 - DG,Relate Harbor,RENAME,NC->NCI: NC6400SECT-DG-739-053-01-RHA-SPT739 -> NCI6400SECT-DG-739-053-01-RHA-SPT739,OK
NCI6400SECT-DG-739-053-01-BD-SPT739,6400 - DG,Bliss Dew,RENAME,NC->NCI: NC6400SECT-DG-739-053-01-BD-SPT739 -> NCI6400SECT-DG-739-053-01-BD-SPT739,OK
NCI6400SECT-DG-739-053-01-RHA,6400 - DG,Relate Harbor,RENAME,NC->NCI: NC6400SECT-DG-739-053-01-RHA -> NCI6400SECT-DG-739-053-01-RHA,OK
NCI6400SECT-DG-739-053-01-SC-SPT739,6400 - DG,Spectrum Cilantro,RENAME,NC->NCI: NC6400SECT-DG-739-053-01-SC-SPT739 -> NCI6400SECT-DG-739-053-01-SC-SPT739,OK
NCI6400SECT-DG-739-053-01-SD-SPT739,6400 - DG,Spectrum Dove,RENAME,NC->NCI: NC6400SECT-DG-739-053-01-SD-SPT739 -> NCI6400SECT-DG-739-053-01-SD-SPT739,OK
NCI6400-DG-739-260-01-BD,6400 - DG,Bliss Dew,RENAME,NC->NCI: NC6400-DG-739-260-01-BD -> NCI6400-DG-739-260-01-BD,OK
NCI6400-DG-739-260-01-CW,6400 - DG,Canvas White,RENAME,NC->NCI: NC6400-DG-739-260-01-CW -> NCI6400-DG-739-260-01-CW,OK
NCI6400-DG-739-260-01-CV,6400 - DG,Canvas Navy,RENAME,NC->NCI: NC6400-DG-739-260-01-CV -> NCI6400-DG-739-260-01-CV,OK
NCI6400-DG-739-260-01-DD,6400 - DG,Direction Dew,RENAME,NC->NCI: NC6400-DG-739-260-01-DD -> NCI6400-DG-739-260-01-DD,OK
NCI6400-DG-739-260-01-SC-SPT739,6400 - DG,Spectrum Cilantro,RENAME,NC->NCI: NC6400-DG-739-260-01-SC-SPT739 -> NCI6400-DG-739-260-01-SC-SPT739,OK
NCI6400-DG-739-260-01-SC,6400 - DG,Spectrum Cilantro,RENAME,NC->NCI: NC6400-DG-739-260-01-SC -> NCI6400-DG-739-260-01-SC,OK
NCI6400-DG-739-260-01-RHA,6400 - DG,Relate Harbor,RENAME,NC->NCI: NC6400-DG-739-260-01-RHA -> NCI6400-DG-739-260-01-RHA,OK
NCI6400-DG-739-260-01-SD,6400 - DG,Spectrum Dove,RENAME,NC->NCI: NC6400-DG-739-260-01-SD -> NCI6400-DG-739-260-01-SD,OK
NCI6400-DG-739-260-01-BD-SPT739,6400 - DG,Bliss Dew,RENAME,NC->NCI: NC6400-DG-739-260-01-BD-SPT739 -> NCI6400-DG-739-260-01-BD-SPT739,OK
NCI6400-DG-739-260-01-CW-SPT739,6400 - DG,Canvas White,RENAME,NC->NCI: NC6400-DG-739-260-01-CW-SPT739 -> NCI6400-DG-739-260-01-CW-SPT739,OK
NCI6400-DG-739-260-01-CV-SPT739,6400 - DG,Canvas Navy,RENAME,NC->NCI: NC6400-DG-739-260-01-CV-SPT739 -> NCI6400-DG-739-260-01-CV-SPT739,OK
NCI6400-DG-739-260-01-DD-SPT739,6400 - DG,Direction Dew,RENAME,NC->NCI: NC6400-DG-739-260-01-DD-SPT739 -> NCI6400-DG-739-260-01-DD-SPT739,OK
NCI6400-DG-739-260-01-SD-SPT739,6400 - DG,Spectrum Dove,RENAME,NC->NCI: NC6400-DG-739-260-01-SD-SPT739 -> NCI6400-DG-739-260-01-SD-SPT739,OK
NCI6400SECT-DG-032-01-CV,6400 - DG,Canvas Navy,RENAME,NC->NCI: NC6400SECT-DG-032-01-CV -> NCI6400SECT-DG-032-01-CV,OK
NCI6400-DG-739-260-01-RHA-SPT739,6400 - DG,Relate Harbor,RENAME,NC->NCI: NC6400-DG-739-260-01-RHA-SPT739 -> NCI6400-DG-739-260-01-RHA-SPT739,OK
NCI6400SECT-DG-032-01-DD,6400 - DG,Direction Dew,RENAME,NC->NCI: NC6400SECT-DG-032-01-DD -> NCI6400SECT-DG-032-01-DD,OK
NCI6400SECT-DG-032-01-RHA,6400 - DG,Relate Harbor,RENAME,NC->NCI: NC6400SECT-DG-032-01-RHA -> NCI6400SECT-DG-032-01-RHA,OK
NCI6400SECT-DG-304-034-01-RHA,6400 - DG,Relate Harbor,RENAME,NC->NCI: NC6400SECT-DG-304-034-01-RHA -> NCI6400SECT-DG-304-034-01-RHA,OK
NCI6400SECT-DG-304-034-01-SC,6400 - DG,Spectrum Cilantro,RENAME,NC->NCI: NC6400SECT-DG-304-034-01-SC -> NCI6400SECT-DG-304-034-01-SC,OK
NCI6400SECT-DG-032-01-CW,6400 - DG,Canvas White,RENAME,NC->NCI: NC6400SECT-DG-032-01-CW -> NCI6400SECT-DG-032-01-CW,OK
NCI6400SECT-DG-304-034-01-CW,6400 - DG,Canvas White,RENAME,NC->NCI: NC6400SECT-DG-304-034-01-CW -> NCI6400SECT-DG-304-034-01-CW,OK
NCI6400SECT-DG-304-034-01-CV,6400 - DG,Canvas Navy,RENAME,NC->NCI: NC6400SECT-DG-304-034-01-CV -> NCI6400SECT-DG-304-034-01-CV,OK
NCI6400SECT-DG-304-034-01-DD,6400 - DG,Direction Dew,RENAME,NC->NCI: NC6400SECT-DG-304-034-01-DD -> NCI6400SECT-DG-304-034-01-DD,OK
NCI6400SECT-DG-304-034-01-BD,6400 - DG,Bliss Dew,RENAME,NC->NCI: NC6400SECT-DG-304-034-01-BD -> NCI6400SECT-DG-304-034-01-BD,OK
NCI6400SECT-DG-032-01-SD,6400 - DG,Spectrum Dove,RENAME,NC->NCI: NC6400SECT-DG-032-01-SD -> NCI6400SECT-DG-032-01-SD,OK
NCI6400SECT-DG-032-01-SC,6400 - DG,Spectrum Cilantro,RENAME,NC->NCI: NC6400SECT-DG-032-01-SC -> NCI6400SECT-DG-032-01-SC,OK
NCI6400SECT-DG-304-034-01-SD,6400 - DG,Spectrum Dove,RENAME,NC->NCI: NC6400SECT-DG-304-034-01-SD -> NCI6400SECT-DG-304-034-01-SD,OK
NCI6400-DG-713-436-01,6400 - DG,Corner End Table,RENAME,NC->NCI: NC6400-DG-713-436-01 -> NCI6400-DG-713-436-01,OK
NCI6400SECT-DG-032-01-BD,6400 - DG,Bliss Dew,RENAME,NC->NCI: NC6400SECT-DG-032-01-BD -> NCI6400SECT-DG-032-01-BD,OK
NCI6400-DG-713-463-01,6400 - DG,End Table (Nesting Table),RENAME,NC->NCI: NC6400-DG-713-463-01 -> NCI6400-DG-713-463-01,OK
NCI6400-DG-696-436-01,6400 - DG,Corner End Table,RENAME,NC->NCI: NC6400-DG-696-436-01 -> NCI6400-DG-696-436-01,OK
NCI6400-DG-696-003-01,6400 - DG,Coffee Table,RENAME,NC->NCI: NC6400-DG-696-003-01 -> NCI6400-DG-696-003-01,OK
NCI6400-DG-739-436-01,6400 - DG,Corner End Table,RENAME,NC->NCI: NC6400-DG-739-436-01 -> NCI6400-DG-739-436-01,OK
NCI6400-DG-696-463-01,6400 - DG,End Table (Nesting Table),RENAME,NC->NCI: NC6400-DG-696-463-01 -> NCI6400-DG-696-463-01,OK
NCI6400-DG-739-003-01,6400 - DG,Coffee Table,RENAME,NC->NCI: NC6400-DG-739-003-01 -> NCI6400-DG-739-003-01,OK
NCI6400-WT-304-1LLS1RLS1CET-SC,6400 - WT,Spectrum Cilantro,RENAME,NC->NCI: NC6400-WT-304-1LLS1RLS1CET-SC -> NCI6400-WT-304-1LLS1RLS1CET-SC,OK
NCI6400-DG-739-463-01,6400 - DG,End Table (Nesting Table),RENAME,NC->NCI: NC6400-DG-739-463-01 -> NCI6400-DG-739-463-01,OK
NCI6400-WT-304-1C1SR1LS13S1CT2CET1OT-CV,6400 - WT,Canvas Navy,RENAME,NC->NCI: NC6400-WT-304-1C1SR1LS13S1CT2CET1OT-CV -> NCI6400-WT-304-1C1SR1LS13S1CT2CET1OT-CV,OK
NCI6400-DG-713-003-01,6400 - DG,Coffee Table,RENAME,NC->NCI: NC6400-DG-713-003-01 -> NCI6400-DG-713-003-01,OK
NCI6400-WT-304-1LLS1RLS1MC1CET-BD,6400 - WT,Bliss Dew,RENAME,NC->NCI: NC6400-WT-304-1LLS1RLS1MC1CET-BD -> NCI6400-WT-304-1LLS1RLS1MC1CET-BD,OK
NCI6400-WT-304-1LLS1RLS1SCC1CT-CW,6400 - WT,Canvas White,RENAME,NC->NCI: NC6400-WT-304-1LLS1RLS1SCC1CT-CW -> NCI6400-WT-304-1LLS1RLS1SCC1CT-CW,OK
NCI6400-WT-304-1LLS1RLS1CET-BD,6400 - WT,Bliss Dew,RENAME,NC->NCI: NC6400-WT-304-1LLS1RLS1CET-BD -> NCI6400-WT-304-1LLS1RLS1CET-BD,OK
NCI6400-WT-304-1C1SR1LS13S1CT2CET1OT-BD,6400 - WT,Bliss Dew,RENAME,NC->NCI: NC6400-WT-304-1C1SR1LS13S1CT2CET1OT-BD -> NCI6400-WT-304-1C1SR1LS13S1CT2CET1OT-BD,OK
NCI6400-WT-304-1LLS1RLS1SCC1CT-SC,6400 - WT,Spectrum Cilantro,RENAME,NC->NCI: NC6400-WT-304-1LLS1RLS1SCC1CT-SC -> NCI6400-WT-304-1LLS1RLS1SCC1CT-SC,OK
NCI6400-WT-304-1LLS1RLS1SCC1MC1CT-CV,6400 - WT,Canvas Navy,RENAME,NC->NCI: NC6400-WT-304-1LLS1RLS1SCC1MC1CT-CV -> NCI6400-WT-304-1LLS1RLS1SCC1MC1CT-CV,OK
NCI6400-WT-304-1LLS1RLS1CET-DD,6400 - WT,Direction Dew,RENAME,NC->NCI: NC6400-WT-304-1LLS1RLS1CET-DD -> NCI6400-WT-304-1LLS1RLS1CET-DD,OK
NCI6400-WT-304-1LLS1RLS1MC1CET-SD,6400 - WT,Spectrum Dove,RENAME,NC->NCI: NC6400-WT-304-1LLS1RLS1MC1CET-SD -> NCI6400-WT-304-1LLS1RLS1MC1CET-SD,OK
NCI6400-WT-304-1LLS1RLS1SCC1CT-CV,6400 - WT,Canvas Navy,RENAME,NC->NCI: NC6400-WT-304-1LLS1RLS1SCC1CT-CV -> NCI6400-WT-304-1LLS1RLS1SCC1CT-CV,OK
NCI6400-WT-304-1C1SR1LS13S1CT2CET1OT-CW,6400 - WT,Canvas White,RENAME,NC->NCI: NC6400-WT-304-1C1SR1LS13S1CT2CET1OT-CW -> NCI6400-WT-304-1C1SR1LS13S1CT2CET1OT-CW,OK
NCI6400-WT-304-1LLS1RLS1SCC1MC1CT-BD,6400 - WT,Bliss Dew,RENAME,NC->NCI: NC6400-WT-304-1LLS1RLS1SCC1MC1CT-BD -> NCI6400-WT-304-1LLS1RLS1SCC1MC1CT-BD,OK
NCI6400-WT-304-1C1SR1LS13S1CT2CET1OT-RHA,6400 - WT,Relate Harbor,RENAME,NC->NCI: NC6400-WT-304-1C1SR1LS13S1CT2CET1OT-RHA -> NCI6400-WT-304-1C1SR1LS13S1CT2CET1OT-RHA,OK
NCI6400-WT-304-1C1SR1LS13S1CT2CET1OT-DD,6400 - WT,Direction Dew,RENAME,NC->NCI: NC6400-WT-304-1C1SR1LS13S1CT2CET1OT-DD -> NCI6400-WT-304-1C1SR1LS13S1CT2CET1OT-DD,OK
NCI6400-WT-304-1LLS1RLS1CET-CW,6400 - WT,Canvas White,RENAME,NC->NCI: NC6400-WT-304-1LLS1RLS1CET-CW -> NCI6400-WT-304-1LLS1RLS1CET-CW,OK
NCI6400-WT-304-1LLS1RLS1MC1CET-CW,6400 - WT,Canvas White,RENAME,NC->NCI: NC6400-WT-304-1LLS1RLS1MC1CET-CW -> NCI6400-WT-304-1LLS1RLS1MC1CET-CW,OK
NCI6400-WT-304-1LLS1RLS1SCC1MC1CT-SD,6400 - WT,Spectrum Dove,RENAME,NC->NCI: NC6400-WT-304-1LLS1RLS1SCC1MC1CT-SD -> NCI6400-WT-304-1LLS1RLS1SCC1MC1CT-SD,OK
NCI6400-WT-304-1LLS1RLS1CET-CV,6400 - WT,Canvas Navy,RENAME,NC->NCI: NC6400-WT-304-1LLS1RLS1CET-CV -> NCI6400-WT-304-1LLS1RLS1CET-CV,OK
NCI6400-WT-304-1LLS1RLS1CET-RHA,6400 - WT,Relate Harbor,RENAME,NC->NCI: NC6400-WT-304-1LLS1RLS1CET-RHA -> NCI6400-WT-304-1LLS1RLS1CET-RHA,OK
NCI6400-WT-304-2C1CT1LS-RHA,6400 - WT,Relate Harbor,RENAME,NC->NCI: NC6400-WT-304-2C1CT1LS-RHA -> NCI6400-WT-304-2C1CT1LS-RHA,OK
NCI6400-WT-304-1C1SR1LS13S1CT2CET1OT-SC,6400 - WT,Spectrum Cilantro,RENAME,NC->NCI: NC6400-WT-304-1C1SR1LS13S1CT2CET1OT-SC -> NCI6400-WT-304-1C1SR1LS13S1CT2CET1OT-SC,OK
NCI6400-WT-304-1LLS1RLS1CET-SD,6400 - WT,Spectrum Dove,RENAME,NC->NCI: NC6400-WT-304-1LLS1RLS1CET-SD -> NCI6400-WT-304-1LLS1RLS1CET-SD,OK
NCI6400-WT-304-2C1CT1LS-CV,6400 - WT,Canvas Navy,RENAME,NC->NCI: NC6400-WT-304-2C1CT1LS-CV -> NCI6400-WT-304-2C1CT1LS-CV,OK
NCI6400-WT-304-2C13S1CT2ET-SD,6400 - WT,Spectrum Dove,RENAME,NC->NCI: NC6400-WT-304-2C13S1CT2ET-SD -> NCI6400-WT-304-2C13S1CT2ET-SD,OK
NCI6400-WT-304-2C13S1CT2ET-DD,6400 - WT,Direction Dew,RENAME,NC->NCI: NC6400-WT-304-2C13S1CT2ET-DD -> NCI6400-WT-304-2C13S1CT2ET-DD,OK
NCI6400-WT-304-2C1CT1LS-BD,6400 - WT,Bliss Dew,RENAME,NC->NCI: NC6400-WT-304-2C1CT1LS-BD -> NCI6400-WT-304-2C1CT1LS-BD,OK
NCI6400-WT-304-2C13S1CT2ET-CV,6400 - WT,Canvas Navy,RENAME,NC->NCI: NC6400-WT-304-2C13S1CT2ET-CV -> NCI6400-WT-304-2C13S1CT2ET-CV,OK
NCI6400-WT-304-1C1SR1LS13S1CT2CET1OT-SD,6400 - WT,Spectrum Dove,RENAME,NC->NCI: NC6400-WT-304-1C1SR1LS13S1CT2CET1OT-SD -> NCI6400-WT-304-1C1SR1LS13S1CT2CET1OT-SD,OK
NCI6400-WT-304-1LLS1RLS1SCC1MC1CT-SC,6400 - WT,Spectrum Cilantro,RENAME,NC->NCI: NC6400-WT-304-1LLS1RLS1SCC1MC1CT-SC -> NCI6400-WT-304-1LLS1RLS1SCC1MC1CT-SC,OK
NCI6400-WT-304-1LLS1RLS1SCC1MC1CT-RHA,6400 - WT,Relate Harbor,RENAME,NC->NCI: NC6400-WT-304-1LLS1RLS1SCC1MC1CT-RHA -> NCI6400-WT-304-1LLS1RLS1SCC1MC1CT-RHA,OK
NCI6400-WT-304-1LLS1RLS1SCC1CT-DD,6400 - WT,Direction Dew,RENAME,NC->NCI: NC6400-WT-304-1LLS1RLS1SCC1CT-DD -> NCI6400-WT-304-1LLS1RLS1SCC1CT-DD,OK
NCI6400-WT-304-1LLS1RLS1SCC1CT-RHA,6400 - WT,Relate Harbor,RENAME,NC->NCI: NC6400-WT-304-1LLS1RLS1SCC1CT-RHA -> NCI6400-WT-304-1LLS1RLS1SCC1CT-RHA,OK
NCI6400-WT-304-2C1CT1LS-SD,6400 - WT,Spectrum Dove,RENAME,NC->NCI: NC6400-WT-304-2C1CT1LS-SD -> NCI6400-WT-304-2C1CT1LS-SD,OK
NCI6400-WT-304-1LLS1RLS1MC1CET-CV,6400 - WT,Canvas Navy,RENAME,NC->NCI: NC6400-WT-304-1LLS1RLS1MC1CET-CV -> NCI6400-WT-304-1LLS1RLS1MC1CET-CV,OK
NCI6400-WT-304-1LLS1RLS1MC1CET-SC,6400 - WT,Spectrum Cilantro,RENAME,NC->NCI: NC6400-WT-304-1LLS1RLS1MC1CET-SC -> NCI6400-WT-304-1LLS1RLS1MC1CET-SC,OK
NCI6400-WT-304-2C13S1CT2ET-BD,6400 - WT,Bliss Dew,RENAME,NC->NCI: NC6400-WT-304-2C13S1CT2ET-BD -> NCI6400-WT-304-2C13S1CT2ET-BD,OK
NCI6400-WT-304-1LLS1RLS1SCC1MC1CT-CW,6400 - WT,Canvas White,RENAME,NC->NCI: NC6400-WT-304-1LLS1RLS1SCC1MC1CT-CW -> NCI6400-WT-304-1LLS1RLS1SCC1MC1CT-CW,OK
NCI6400-WT-304-006-01-DD,6400 - WT,Direction Dew,RENAME,NC->NCI: NC6400-WT-304-006-01-DD -> NCI6400-WT-304-006-01-DD,OK
NCI6400-WT-304-1LLS1RLS1SCC1CT-SD,6400 - WT,Spectrum Dove,RENAME,NC->NCI: NC6400-WT-304-1LLS1RLS1SCC1CT-SD -> NCI6400-WT-304-1LLS1RLS1SCC1CT-SD,OK
NCI6400-WT-304-2C13S1CT2ET-SC,6400 - WT,Spectrum Cilantro,RENAME,NC->NCI: NC6400-WT-304-2C13S1CT2ET-SC -> NCI6400-WT-304-2C13S1CT2ET-SC,OK
NCI6400-WT-304-4SR-BD,6400 - WT,Bliss Dew,RENAME,NC->NCI: NC6400-WT-304-4SR-BD -> NCI6400-WT-304-4SR-BD,OK
NCI6400-WT-304-4SR-SC,6400 - WT,Spectrum Cilantro,RENAME,NC->NCI: NC6400-WT-304-4SR-SC -> NCI6400-WT-304-4SR-SC,OK
NCI6400-WT-304-001-01-CW,6400 - WT,Canvas White,RENAME,NC->NCI: NC6400-WT-304-001-01-CW -> NCI6400-WT-304-001-01-CW,OK
NCI6400-WT-304-4SR-RHA,6400 - WT,Relate Harbor,RENAME,NC->NCI: NC6400-WT-304-4SR-RHA -> NCI6400-WT-304-4SR-RHA,OK
NCI6400-WT-304-4SR-DD,6400 - WT,Direction Dew,RENAME,NC->NCI: NC6400-WT-304-4SR-DD -> NCI6400-WT-304-4SR-DD,OK
NCI6400-WT-304-001-01-DD,6400 - WT,Direction Dew,RENAME,NC->NCI: NC6400-WT-304-001-01-DD -> NCI6400-WT-304-001-01-DD,OK
NCI6400-WT-304-1LLS1RLS1MC1CET-RHA,6400 - WT,Relate Harbor,RENAME,NC->NCI: NC6400-WT-304-1LLS1RLS1MC1CET-RHA -> NCI6400-WT-304-1LLS1RLS1MC1CET-RHA,OK
NCI6400-WT-304-2C1CT1LS-DD,6400 - WT,Direction Dew,RENAME,NC->NCI: NC6400-WT-304-2C1CT1LS-DD -> NCI6400-WT-304-2C1CT1LS-DD,OK
NCI6400-WT-304-4SR-CV,6400 - WT,Canvas Navy,RENAME,NC->NCI: NC6400-WT-304-4SR-CV -> NCI6400-WT-304-4SR-CV,OK
NCI6400-WT-304-4SR-CW,6400 - WT,Canvas White,RENAME,NC->NCI: NC6400-WT-304-4SR-CW -> NCI6400-WT-304-4SR-CW,OK
NCI6400-WT-304-1LLS1RLS1SCC1MC1CT-DD,6400 - WT,Direction Dew,RENAME,NC->NCI: NC6400-WT-304-1LLS1RLS1SCC1MC1CT-DD -> NCI6400-WT-304-1LLS1RLS1SCC1MC1CT-DD,OK
NCI6400-WT-304-2C1CT1LS-CW,6400 - WT,Canvas White,RENAME,NC->NCI: NC6400-WT-304-2C1CT1LS-CW -> NCI6400-WT-304-2C1CT1LS-CW,OK
NCI6400-WT-304-001-01-RHA,6400 - WT,Relate Harbor,RENAME,NC->NCI: NC6400-WT-304-001-01-RHA -> NCI6400-WT-304-001-01-RHA,OK
NCI6400SECT-WT-304-052-01-CV,6400 - WT,Canvas Navy,RENAME,NC->NCI: NC6400SECT-WT-304-052-01-CV -> NCI6400SECT-WT-304-052-01-CV,OK
NCI6400-WT-304-2C1CT1LS-SC,6400 - WT,Spectrum Cilantro,RENAME,NC->NCI: NC6400-WT-304-2C1CT1LS-SC -> NCI6400-WT-304-2C1CT1LS-SC,OK
NCI6400-WT-304-1LLS1RLS1SCC1CT-BD,6400 - WT,Bliss Dew,RENAME,NC->NCI: NC6400-WT-304-1LLS1RLS1SCC1CT-BD -> NCI6400-WT-304-1LLS1RLS1SCC1CT-BD,OK
NCI6400-WT-304-1LLS1RLS1MC1CET-DD,6400 - WT,Direction Dew,RENAME,NC->NCI: NC6400-WT-304-1LLS1RLS1MC1CET-DD -> NCI6400-WT-304-1LLS1RLS1MC1CET-DD,OK
NCI6400-WT-304-4SR-SD,6400 - WT,Spectrum Dove,RENAME,NC->NCI: NC6400-WT-304-4SR-SD -> NCI6400-WT-304-4SR-SD,OK
NCI6400-WT-304-2C13S1CT2ET-RHA,6400 - WT,Relate Harbor,RENAME,NC->NCI: NC6400-WT-304-2C13S1CT2ET-RHA -> NCI6400-WT-304-2C13S1CT2ET-RHA,OK
NCI6400-WT-304-2C13S1CT2ET-CW,6400 - WT,Canvas White,RENAME,NC->NCI: NC6400-WT-304-2C13S1CT2ET-CW -> NCI6400-WT-304-2C13S1CT2ET-CW,OK
NCI6400SECT-WT-304-052-01-CW,6400 - WT,Canvas White,RENAME,NC->NCI: NC6400SECT-WT-304-052-01-CW -> NCI6400SECT-WT-304-052-01-CW,OK
NCI6400-WT-304-002-01-DD,6400 - WT,Direction Dew,RENAME,NC->NCI: NC6400-WT-304-002-01-DD -> NCI6400-WT-304-002-01-DD,OK
NCI6400SECT-WT-304-052-01-RHA,6400 - WT,Relate Harbor,RENAME,NC->NCI: NC6400SECT-WT-304-052-01-RHA -> NCI6400SECT-WT-304-052-01-RHA,OK
NCI6400-WT-304-001-01-SC,6400 - WT,Spectrum Cilantro,RENAME,NC->NCI: NC6400-WT-304-001-01-SC -> NCI6400-WT-304-001-01-SC,OK
NCI6400SECT-WT-304-052-01-BD,6400 - WT,Bliss Dew,RENAME,NC->NCI: NC6400SECT-WT-304-052-01-BD -> NCI6400SECT-WT-304-052-01-BD,OK
NCI6400SECT-WT-304-052-01-DD,6400 - WT,Direction Dew,RENAME,NC->NCI: NC6400SECT-WT-304-052-01-DD -> NCI6400SECT-WT-304-052-01-DD,OK
NCI6400-WT-304-068-01-CV,6400 - WT,Canvas Navy,RENAME,NC->NCI: NC6400-WT-304-068-01-CV -> NCI6400-WT-304-068-01-CV,OK
NCI6400SECT-WT-304-052-01-SD,6400 - WT,Spectrum Dove,RENAME,NC->NCI: NC6400SECT-WT-304-052-01-SD -> NCI6400SECT-WT-304-052-01-SD,OK
NCI6400SECT-WT-304-053-01-CV,6400 - WT,Canvas Navy,RENAME,NC->NCI: NC6400SECT-WT-304-053-01-CV -> NCI6400SECT-WT-304-053-01-CV,OK
NCI6400-WT-304-068-01-RHA,6400 - WT,Relate Harbor,RENAME,NC->NCI: NC6400-WT-304-068-01-RHA -> NCI6400-WT-304-068-01-RHA,OK
NCI6400SECT-WT-304-053-01-CW,6400 - WT,Canvas White,RENAME,NC->NCI: NC6400SECT-WT-304-053-01-CW -> NCI6400SECT-WT-304-053-01-CW,OK
NCI6400SECT-WT-304-053-01-RHA,6400 - WT,Relate Harbor,RENAME,NC->NCI: NC6400SECT-WT-304-053-01-RHA -> NCI6400SECT-WT-304-053-01-RHA,OK
NCI6400SECT-WT-304-053-01-DD,6400 - WT,Direction Dew,RENAME,NC->NCI: NC6400SECT-WT-304-053-01-DD -> NCI6400SECT-WT-304-053-01-DD,OK
NCI6400-WT-304-068-01-SC,6400 - WT,Spectrum Cilantro,RENAME,NC->NCI: NC6400-WT-304-068-01-SC -> NCI6400-WT-304-068-01-SC,OK
NCI6400-WT-304-068-01-DD,6400 - WT,Direction Dew,RENAME,NC->NCI: NC6400-WT-304-068-01-DD -> NCI6400-WT-304-068-01-DD,OK
NCI6400SECT-WT-304-053-01-BD,6400 - WT,Bliss Dew,RENAME,NC->NCI: NC6400SECT-WT-304-053-01-BD -> NCI6400SECT-WT-304-053-01-BD,OK
NCI6400-WT-304-260-01-RHA,6400 - WT,Relate Harbor,RENAME,NC->NCI: NC6400-WT-304-260-01-RHA -> NCI6400-WT-304-260-01-RHA,OK
NCI6400SECT-WT-304-053-01-SC,6400 - WT,Spectrum Cilantro,RENAME,NC->NCI: NC6400SECT-WT-304-053-01-SC -> NCI6400SECT-WT-304-053-01-SC,OK
NCI6400-WT-713-1C1SR1LS13S1CT2CET1OT-SD,6400 - WT,Spectrum Dove,RENAME,NC->NCI: NC6400-WT-713-1C1SR1LS13S1CT2CET1OT-SD -> NCI6400-WT-713-1C1SR1LS13S1CT2CET1OT-SD,OK
NCI6400-WT-304-260-01-DD,6400 - WT,Direction Dew,RENAME,NC->NCI: NC6400-WT-304-260-01-DD -> NCI6400-WT-304-260-01-DD,OK
NCI6400-WT-713-1C1SR1LS13S1CT2CET1OT-SC-SPT713,6400 - WT,Spectrum Cilantro,RENAME,NC->NCI: NC6400-WT-713-1C1SR1LS13S1CT2CET1OT-SC-SPT713 -> NCI6400-WT-713-1C1SR1LS13S1CT2CET1OT-SC-SPT713,OK
NCI6400SECT-WT-304-053-01-SD,6400 - WT,Spectrum Dove,RENAME,NC->NCI: NC6400SECT-WT-304-053-01-SD -> NCI6400SECT-WT-304-053-01-SD,OK
NCI6400-WT-713-1C1SR1LS13S1CT2CET1OT-CW,6400 - WT,Canvas White,RENAME,NC->NCI: NC6400-WT-713-1C1SR1LS13S1CT2CET1OT-CW -> NCI6400-WT-713-1C1SR1LS13S1CT2CET1OT-CW,OK
NCI6400-WT-304-260-01-SD,6400 - WT,Spectrum Dove,RENAME,NC->NCI: NC6400-WT-304-260-01-SD -> NCI6400-WT-304-260-01-SD,OK
NCI6400-WT-304-260-01-CW,6400 - WT,Canvas White,RENAME,NC->NCI: NC6400-WT-304-260-01-CW -> NCI6400-WT-304-260-01-CW,OK
NCI6400-WT-713-1LLS1RLS1CET-CW,6400 - WT,Canvas White,RENAME,NC->NCI: NC6400-WT-713-1LLS1RLS1CET-CW -> NCI6400-WT-713-1LLS1RLS1CET-CW,OK
NCI6400-WT-713-1C1SR1LS13S1CT2CET1OT-CV,6400 - WT,Canvas Navy,RENAME,NC->NCI: NC6400-WT-713-1C1SR1LS13S1CT2CET1OT-CV -> NCI6400-WT-713-1C1SR1LS13S1CT2CET1OT-CV,OK
NCI6400-WT-713-1LLS1RLS1CET-SD,6400 - WT,Spectrum Dove,RENAME,NC->NCI: NC6400-WT-713-1LLS1RLS1CET-SD -> NCI6400-WT-713-1LLS1RLS1CET-SD,OK
NCI6400-WT-304-001-01-SD,6400 - WT,Spectrum Dove,RENAME,NC->NCI: NC6400-WT-304-001-01-SD -> NCI6400-WT-304-001-01-SD,OK
NCI6400-WT-304-068-01-CW,6400 - WT,Canvas White,RENAME,NC->NCI: NC6400-WT-304-068-01-CW -> NCI6400-WT-304-068-01-CW,OK
NCI6400SECT-WT-304-052-01-SC,6400 - WT,Spectrum Cilantro,RENAME,NC->NCI: NC6400SECT-WT-304-052-01-SC -> NCI6400SECT-WT-304-052-01-SC,OK
NCI6400-WT-713-1LLS1RLS1MC1CET-CV,6400 - WT,Canvas Navy,RENAME,NC->NCI: NC6400-WT-713-1LLS1RLS1MC1CET-CV -> NCI6400-WT-713-1LLS1RLS1MC1CET-CV,OK
NCI6400-WT-713-1LLS1RLS1MC1CET-CW,6400 - WT,Canvas White,RENAME,NC->NCI: NC6400-WT-713-1LLS1RLS1MC1CET-CW -> NCI6400-WT-713-1LLS1RLS1MC1CET-CW,OK
NCI6400-WT-713-1LLS1RLS1CET-BD-SPT713,6400 - WT,Bliss Dew,RENAME,NC->NCI: NC6400-WT-713-1LLS1RLS1CET-BD-SPT713 -> NCI6400-WT-713-1LLS1RLS1CET-BD-SPT713,OK
NCI6400-WT-713-1LLS1RLS1CET-DD,6400 - WT,Direction Dew,RENAME,NC->NCI: NC6400-WT-713-1LLS1RLS1CET-DD -> NCI6400-WT-713-1LLS1RLS1CET-DD,OK
NCI6400-WT-713-1LLS1RLS1CET-SC-SPT713,6400 - WT,Spectrum Cilantro,RENAME,NC->NCI: NC6400-WT-713-1LLS1RLS1CET-SC-SPT713 -> NCI6400-WT-713-1LLS1RLS1CET-SC-SPT713,OK
NCI6400-WT-713-1LLS1RLS1CET-CV,6400 - WT,Canvas Navy,RENAME,NC->NCI: NC6400-WT-713-1LLS1RLS1CET-CV -> NCI6400-WT-713-1LLS1RLS1CET-CV,OK
NCI6400-WT-713-1C1SR1LS13S1CT2CET1OT-DD,6400 - WT,Direction Dew,RENAME,NC->NCI: NC6400-WT-713-1C1SR1LS13S1CT2CET1OT-DD -> NCI6400-WT-713-1C1SR1LS13S1CT2CET1OT-DD,OK
NCI6400-WT-713-1LLS1RLS1CET-DD-SPT713,6400 - WT,Direction Dew,RENAME,NC->NCI: NC6400-WT-713-1LLS1RLS1CET-DD-SPT713 -> NCI6400-WT-713-1LLS1RLS1CET-DD-SPT713,OK
NCI6400-WT-713-1LLS1RLS1CET-RHA,6400 - WT,Relate Harbor,RENAME,NC->NCI: NC6400-WT-713-1LLS1RLS1CET-RHA -> NCI6400-WT-713-1LLS1RLS1CET-RHA,OK
NCI6400-WT-713-1C1SR1LS13S1CT2CET1OT-SC,6400 - WT,Spectrum Cilantro,RENAME,NC->NCI: NC6400-WT-713-1C1SR1LS13S1CT2CET1OT-SC -> NCI6400-WT-713-1C1SR1LS13S1CT2CET1OT-SC,OK
NCI6400-WT-713-1C1SR1LS13S1CT2CET1OT-BD,6400 - WT,Bliss Dew,RENAME,NC->NCI: NC6400-WT-713-1C1SR1LS13S1CT2CET1OT-BD -> NCI6400-WT-713-1C1SR1LS13S1CT2CET1OT-BD,OK
NCI6400-WT-713-1LLS1RLS1CET-BD,6400 - WT,Bliss Dew,RENAME,NC->NCI: NC6400-WT-713-1LLS1RLS1CET-BD -> NCI6400-WT-713-1LLS1RLS1CET-BD,OK
NCI6400-WT-713-1C1SR1LS13S1CT2CET1OT-CV-SPT713,6400 - WT,Canvas Navy,RENAME,NC->NCI: NC6400-WT-713-1C1SR1LS13S1CT2CET1OT-CV-SPT713 -> NCI6400-WT-713-1C1SR1LS13S1CT2CET1OT-CV-SPT713,OK
NCI6400-WT-304-260-01-SC,6400 - WT,Spectrum Cilantro,RENAME,NC->NCI: NC6400-WT-304-260-01-SC -> NCI6400-WT-304-260-01-SC,OK
NCI6400-WT-304-068-01-BD,6400 - WT,Bliss Dew,RENAME,NC->NCI: NC6400-WT-304-068-01-BD -> NCI6400-WT-304-068-01-BD,OK
NCI6400-WT-713-1LLS1RLS1CET-CV-SPT713,6400 - WT,Canvas Navy,RENAME,NC->NCI: NC6400-WT-713-1LLS1RLS1CET-CV-SPT713 -> NCI6400-WT-713-1LLS1RLS1CET-CV-SPT713,OK
NCI6400-WT-304-068-01-SD,6400 - WT,Spectrum Dove,RENAME,NC->NCI: NC6400-WT-304-068-01-SD -> NCI6400-WT-304-068-01-SD,OK
NCI6400-WT-713-1LLS1RLS1CET-SC,6400 - WT,Spectrum Cilantro,RENAME,NC->NCI: NC6400-WT-713-1LLS1RLS1CET-SC -> NCI6400-WT-713-1LLS1RLS1CET-SC,OK
NCI6400-WT-713-1C1SR1LS13S1CT2CET1OT-BD-SPT713,6400 - WT,Bliss Dew,RENAME,NC->NCI: NC6400-WT-713-1C1SR1LS13S1CT2CET1OT-BD-SPT713 -> NCI6400-WT-713-1C1SR1LS13S1CT2CET1OT-BD-SPT713,OK
NCI6400-WT-713-1LLS1RLS1CET-RHA-SPT713,6400 - WT,Relate Harbor,RENAME,NC->NCI: NC6400-WT-713-1LLS1RLS1CET-RHA-SPT713 -> NCI6400-WT-713-1LLS1RLS1CET-RHA-SPT713,OK
NCI6400-WT-713-1LLS1RLS1CET-CW-SPT713,6400 - WT,Canvas White,RENAME,NC->NCI: NC6400-WT-713-1LLS1RLS1CET-CW-SPT713 -> NCI6400-WT-713-1LLS1RLS1CET-CW-SPT713,OK
NCI6400-WT-713-1C1SR1LS13S1CT2CET1OT-RHA,6400 - WT,Relate Harbor,RENAME,NC->NCI: NC6400-WT-713-1C1SR1LS13S1CT2CET1OT-RHA -> NCI6400-WT-713-1C1SR1LS13S1CT2CET1OT-RHA,OK
NCI6400-WT-713-1LLS1RLS1CET-SD-SPT713,6400 - WT,Spectrum Dove,RENAME,NC->NCI: NC6400-WT-713-1LLS1RLS1CET-SD-SPT713 -> NCI6400-WT-713-1LLS1RLS1CET-SD-SPT713,OK
NCI6400-WT-713-1LLS1RLS1MC1CET-BD,6400 - WT,Bliss Dew,RENAME,NC->NCI: NC6400-WT-713-1LLS1RLS1MC1CET-BD -> NCI6400-WT-713-1LLS1RLS1MC1CET-BD,OK
NCI6400-WT-713-1C1SR1LS13S1CT2CET1OT-RHA-SPT713,6400 - WT,Relate Harbor,RENAME,NC->NCI: NC6400-WT-713-1C1SR1LS13S1CT2CET1OT-RHA-SPT713 -> NCI6400-WT-713-1C1SR1LS13S1CT2CET1OT-RHA-SPT713,OK
NCI6400-WT-713-1LLS1RLS1MC1CET-RHA,6400 - WT,Relate Harbor,RENAME,NC->NCI: NC6400-WT-713-1LLS1RLS1MC1CET-RHA -> NCI6400-WT-713-1LLS1RLS1MC1CET-RHA,OK
NCI6400-WT-713-1LLS1RLS1MC1CET-DD,6400 - WT,Direction Dew,RENAME,NC->NCI: NC6400-WT-713-1LLS1RLS1MC1CET-DD -> NCI6400-WT-713-1LLS1RLS1MC1CET-DD,OK
NCI6400-WT-713-1C1SR1LS13S1CT2CET1OT-SD-SPT713,6400 - WT,Spectrum Dove,RENAME,NC->NCI: NC6400-WT-713-1C1SR1LS13S1CT2CET1OT-SD-SPT713 -> NCI6400-WT-713-1C1SR1LS13S1CT2CET1OT-SD-SPT713,OK
NCI6400-WT-713-1C1SR1LS13S1CT2CET1OT-DD-SPT713,6400 - WT,Direction Dew,RENAME,NC->NCI: NC6400-WT-713-1C1SR1LS13S1CT2CET1OT-DD-SPT713 -> NCI6400-WT-713-1C1SR1LS13S1CT2CET1OT-DD-SPT713,OK
NCI6400-WT-713-1C1SR1LS13S1CT2CET1OT-CW-SPT713,6400 - WT,Canvas White,RENAME,NC->NCI: NC6400-WT-713-1C1SR1LS13S1CT2CET1OT-CW-SPT713 -> NCI6400-WT-713-1C1SR1LS13S1CT2CET1OT-CW-SPT713,OK
NCI6400-WT-713-1LLS1RLS1MC1CET-SD,6400 - WT,Spectrum Dove,RENAME,NC->NCI: NC6400-WT-713-1LLS1RLS1MC1CET-SD -> NCI6400-WT-713-1LLS1RLS1MC1CET-SD,OK
NCI6400-WT-713-1LLS1RLS1MC1CET-SC,6400 - WT,Spectrum Cilantro,RENAME,NC->NCI: NC6400-WT-713-1LLS1RLS1MC1CET-SC -> NCI6400-WT-713-1LLS1RLS1MC1CET-SC,OK
NCI6400-WT-713-1LLS1RLS1MC1CET-BD-SPT713,6400 - WT,Bliss Dew,RENAME,NC->NCI: NC6400-WT-713-1LLS1RLS1MC1CET-BD-SPT713 -> NCI6400-WT-713-1LLS1RLS1MC1CET-BD-SPT713,OK
NCI6400-WT-713-1LLS1RLS1MC1CET-RHA-SPT713,6400 - WT,Relate Harbor,RENAME,NC->NCI: NC6400-WT-713-1LLS1RLS1MC1CET-RHA-SPT713 -> NCI6400-WT-713-1LLS1RLS1MC1CET-RHA-SPT713,OK
NCI6400-WT-713-1LLS1RLS1MC1CET-CV-SPT713,6400 - WT,Canvas Navy,RENAME,NC->NCI: NC6400-WT-713-1LLS1RLS1MC1CET-CV-SPT713 -> NCI6400-WT-713-1LLS1RLS1MC1CET-CV-SPT713,OK
NCI6400-WT-713-1LLS1RLS1MC1CET-CW-SPT713,6400 - WT,Canvas White,RENAME,NC->NCI: NC6400-WT-713-1LLS1RLS1MC1CET-CW-SPT713 -> NCI6400-WT-713-1LLS1RLS1MC1CET-CW-SPT713,OK
NCI6400-WT-713-1LLS1RLS1MC1CET-SC-SPT713,6400 - WT,Spectrum Cilantro,RENAME,NC->NCI: NC6400-WT-713-1LLS1RLS1MC1CET-SC-SPT713 -> NCI6400-WT-713-1LLS1RLS1MC1CET-SC-SPT713,OK
NCI6400-WT-713-1LLS1RLS1MC1CET-DD-SPT713,6400 - WT,Direction Dew,RENAME,NC->NCI: NC6400-WT-713-1LLS1RLS1MC1CET-DD-SPT713 -> NCI6400-WT-713-1LLS1RLS1MC1CET-DD-SPT713,OK
NCI6400-WT-713-1LLS1RLS1MC1SCC-BD,6400 - WT,Bliss Dew,RENAME,NC->NCI: NC6400-WT-713-1LLS1RLS1MC1SCC-BD -> NCI6400-WT-713-1LLS1RLS1MC1SCC-BD,OK
NCI6400-WT-713-1LLS1RLS1MC1SCC-CV,6400 - WT,Canvas Navy,RENAME,NC->NCI: NC6400-WT-713-1LLS1RLS1MC1SCC-CV -> NCI6400-WT-713-1LLS1RLS1MC1SCC-CV,OK
NCI6400-WT-713-1LLS1RLS1MC1CET-SD-SPT713,6400 - WT,Spectrum Dove,RENAME,NC->NCI: NC6400-WT-713-1LLS1RLS1MC1CET-SD-SPT713 -> NCI6400-WT-713-1LLS1RLS1MC1CET-SD-SPT713,OK
NCI6400-WT-713-1LLS1RLS1MC1SCC-DD,6400 - WT,Direction Dew,RENAME,NC->NCI: NC6400-WT-713-1LLS1RLS1MC1SCC-DD -> NCI6400-WT-713-1LLS1RLS1MC1SCC-DD,OK
NCI6400-WT-713-1LLS1RLS1MC1SCC-SD,6400 - WT,Spectrum Dove,RENAME,NC->NCI: NC6400-WT-713-1LLS1RLS1MC1SCC-SD -> NCI6400-WT-713-1LLS1RLS1MC1SCC-SD,OK
NCI6400-WT-713-1LLS1RLS1MC1SCC-CW,6400 - WT,Canvas White,RENAME,NC->NCI: NC6400-WT-713-1LLS1RLS1MC1SCC-CW -> NCI6400-WT-713-1LLS1RLS1MC1SCC-CW,OK
NCI6400-WT-713-1LLS1RLS1MC1SCC-RHA,6400 - WT,Relate Harbor,RENAME,NC->NCI: NC6400-WT-713-1LLS1RLS1MC1SCC-RHA -> NCI6400-WT-713-1LLS1RLS1MC1SCC-RHA,OK
NCI6400-WT-713-1LLS1RLS1MC1SCC-SC,6400 - WT,Spectrum Cilantro,RENAME,NC->NCI: NC6400-WT-713-1LLS1RLS1MC1SCC-SC -> NCI6400-WT-713-1LLS1RLS1MC1SCC-SC,OK
NCI6400-WT-713-1LLS1RLS1MC1SCC-BD-SPT713,6400 - WT,Bliss Dew,RENAME,NC->NCI: NC6400-WT-713-1LLS1RLS1MC1SCC-BD-SPT713 -> NCI6400-WT-713-1LLS1RLS1MC1SCC-BD-SPT713,OK
NCI6400-WT-713-1LLS1RLS1MC1SCC-CW-SPT713,6400 - WT,Canvas White,RENAME,NC->NCI: NC6400-WT-713-1LLS1RLS1MC1SCC-CW-SPT713 -> NCI6400-WT-713-1LLS1RLS1MC1SCC-CW-SPT713,OK
NCI6400-WT-713-1LLS1RLS1SCC-CV,6400 - WT,Canvas Navy,RENAME,NC->NCI: NC6400-WT-713-1LLS1RLS1SCC-CV -> NCI6400-WT-713-1LLS1RLS1SCC-CV,OK
NCI6400-WT-713-1LLS1RLS1MC1SCC-DD-SPT713,6400 - WT,Direction Dew,RENAME,NC->NCI: NC6400-WT-713-1LLS1RLS1MC1SCC-DD-SPT713 -> NCI6400-WT-713-1LLS1RLS1MC1SCC-DD-SPT713,OK
NCI6400-WT-713-1LLS1RLS1MC1SCC-SC-SPT713,6400 - WT,Spectrum Cilantro,RENAME,NC->NCI: NC6400-WT-713-1LLS1RLS1MC1SCC-SC-SPT713 -> NCI6400-WT-713-1LLS1RLS1MC1SCC-SC-SPT713,OK
NCI6400-WT-713-1LLS1RLS1SCC-SC,6400 - WT,Spectrum Cilantro,RENAME,NC->NCI: NC6400-WT-713-1LLS1RLS1SCC-SC -> NCI6400-WT-713-1LLS1RLS1SCC-SC,OK
NCI6400-WT-713-1LLS1RLS1MC1SCC-SD-SPT713,6400 - WT,Spectrum Dove,RENAME,NC->NCI: NC6400-WT-713-1LLS1RLS1MC1SCC-SD-SPT713 -> NCI6400-WT-713-1LLS1RLS1MC1SCC-SD-SPT713,OK
NCI6400-WT-713-1LLS1RLS1MC1SCC-CV-SPT713,6400 - WT,Canvas Navy,RENAME,NC->NCI: NC6400-WT-713-1LLS1RLS1MC1SCC-CV-SPT713 -> NCI6400-WT-713-1LLS1RLS1MC1SCC-CV-SPT713,OK
NCI6400-WT-713-1LLS1RLS1SCC-BD,6400 - WT,Bliss Dew,RENAME,NC->NCI: NC6400-WT-713-1LLS1RLS1SCC-BD -> NCI6400-WT-713-1LLS1RLS1SCC-BD,OK
NCI6400-WT-713-1LLS1RLS1MC1SCC-RHA-SPT713,6400 - WT,Relate Harbor,RENAME,NC->NCI: NC6400-WT-713-1LLS1RLS1MC1SCC-RHA-SPT713 -> NCI6400-WT-713-1LLS1RLS1MC1SCC-RHA-SPT713,OK
NCI6400-WT-713-1LLS1RLS1SCC-CW,6400 - WT,Canvas White,RENAME,NC->NCI: NC6400-WT-713-1LLS1RLS1SCC-CW -> NCI6400-WT-713-1LLS1RLS1SCC-CW,OK
NCI6400-WT-713-1LLS1RLS1SCC-CW-SPT713,6400 - WT,Canvas White,RENAME,NC->NCI: NC6400-WT-713-1LLS1RLS1SCC-CW-SPT713 -> NCI6400-WT-713-1LLS1RLS1SCC-CW-SPT713,OK
NCI6400-WT-713-1LLS1RLS1SCC-RHA,6400 - WT,Relate Harbor,RENAME,NC->NCI: NC6400-WT-713-1LLS1RLS1SCC-RHA -> NCI6400-WT-713-1LLS1RLS1SCC-RHA,OK
NCI6400-WT-713-1LLS1RLS1SCC-DD-SPT713,6400 - WT,Direction Dew,RENAME,NC->NCI: NC6400-WT-713-1LLS1RLS1SCC-DD-SPT713 -> NCI6400-WT-713-1LLS1RLS1SCC-DD-SPT713,OK
NCI6400-WT-713-1LLS1RLS1SCC-BD-SPT713,6400 - WT,Bliss Dew,RENAME,NC->NCI: NC6400-WT-713-1LLS1RLS1SCC-BD-SPT713 -> NCI6400-WT-713-1LLS1RLS1SCC-BD-SPT713,OK
NCI6400-WT-713-1LLS1RLS1SCC-CV-SPT713,6400 - WT,Canvas Navy,RENAME,NC->NCI: NC6400-WT-713-1LLS1RLS1SCC-CV-SPT713 -> NCI6400-WT-713-1LLS1RLS1SCC-CV-SPT713,OK
NCI6400-WT-713-1LLS1RLS1SCC-SD-SPT713,6400 - WT,Spectrum Dove,RENAME,NC->NCI: NC6400-WT-713-1LLS1RLS1SCC-SD-SPT713 -> NCI6400-WT-713-1LLS1RLS1SCC-SD-SPT713,OK
NCI6400-WT-713-1LLS1RLS1SCC-RHA-SPT713,6400 - WT,Relate Harbor,RENAME,NC->NCI: NC6400-WT-713-1LLS1RLS1SCC-RHA-SPT713 -> NCI6400-WT-713-1LLS1RLS1SCC-RHA-SPT713,OK
NCI6400-WT-713-1LLS1RLS1SCC-SC-SPT713,6400 - WT,Spectrum Cilantro,RENAME,NC->NCI: NC6400-WT-713-1LLS1RLS1SCC-SC-SPT713 -> NCI6400-WT-713-1LLS1RLS1SCC-SC-SPT713,OK
NCI6400-WT-713-1LLS1RLS1SCC1CT-RHA-SPT713,6400 - WT,Relate Harbor,RENAME,NC->NCI: NC6400-WT-713-1LLS1RLS1SCC1CT-RHA-SPT713 -> NCI6400-WT-713-1LLS1RLS1SCC1CT-RHA-SPT713,OK
NCI6400-WT-713-1LLS1RLS1SCC1CT-BD-SPT713,6400 - WT,Bliss Dew,RENAME,NC->NCI: NC6400-WT-713-1LLS1RLS1SCC1CT-BD-SPT713 -> NCI6400-WT-713-1LLS1RLS1SCC1CT-BD-SPT713,OK
NCI6400-WT-713-1LLS1RLS1SCC1CT-CV,6400 - WT,Canvas Navy,RENAME,NC->NCI: NC6400-WT-713-1LLS1RLS1SCC1CT-CV -> NCI6400-WT-713-1LLS1RLS1SCC1CT-CV,OK
NCI6400-WT-713-1LLS1RLS1SCC-SD,6400 - WT,Spectrum Dove,RENAME,NC->NCI: NC6400-WT-713-1LLS1RLS1SCC-SD -> NCI6400-WT-713-1LLS1RLS1SCC-SD,OK
NCI6400-WT-713-1LLS1RLS1SCC-DD,6400 - WT,Direction Dew,RENAME,NC->NCI: NC6400-WT-713-1LLS1RLS1SCC-DD -> NCI6400-WT-713-1LLS1RLS1SCC-DD,OK
NCI6400-WT-713-4SR-BD,6400 - WT,Bliss Dew,RENAME,NC->NCI: NC6400-WT-713-4SR-BD -> NCI6400-WT-713-4SR-BD,OK
NCI6400-WT-713-1LLS1RLS1SCC1CT-CW-SPT713,6400 - WT,Canvas White,RENAME,NC->NCI: NC6400-WT-713-1LLS1RLS1SCC1CT-CW-SPT713 -> NCI6400-WT-713-1LLS1RLS1SCC1CT-CW-SPT713,OK
NCI6400-WT-713-4SR-DD-SPT713,6400 - WT,Direction Dew,RENAME,NC->NCI: NC6400-WT-713-4SR-DD-SPT713 -> NCI6400-WT-713-4SR-DD-SPT713,OK
NCI6400-WT-713-1LLS1RLS1SCC1CT-DD-SPT713,6400 - WT,Direction Dew,RENAME,NC->NCI: NC6400-WT-713-1LLS1RLS1SCC1CT-DD-SPT713 -> NCI6400-WT-713-1LLS1RLS1SCC1CT-DD-SPT713,OK
NCI6400-WT-713-1LLS1RLS1SCC1CT-DD,6400 - WT,Direction Dew,RENAME,NC->NCI: NC6400-WT-713-1LLS1RLS1SCC1CT-DD -> NCI6400-WT-713-1LLS1RLS1SCC1CT-DD,OK
NCI6400-WT-713-001-01-CW,6400 - WT,Canvas White,RENAME,NC->NCI: NC6400-WT-713-001-01-CW -> NCI6400-WT-713-001-01-CW,OK
NCI6400-WT-713-1LLS1RLS1SCC1CT-SC,6400 - WT,Spectrum Cilantro,RENAME,NC->NCI: NC6400-WT-713-1LLS1RLS1SCC1CT-SC -> NCI6400-WT-713-1LLS1RLS1SCC1CT-SC,OK
NCI6400-WT-713-1LLS1RLS1SCC1CT-SD,6400 - WT,Spectrum Dove,RENAME,NC->NCI: NC6400-WT-713-1LLS1RLS1SCC1CT-SD -> NCI6400-WT-713-1LLS1RLS1SCC1CT-SD,OK
NCI6400-WT-713-4SR-BD-SPT713,6400 - WT,Bliss Dew,RENAME,NC->NCI: NC6400-WT-713-4SR-BD-SPT713 -> NCI6400-WT-713-4SR-BD-SPT713,OK
NCI6400-WT-713-1LLS1RLS1SCC1CT-CW,6400 - WT,Canvas White,RENAME,NC->NCI: NC6400-WT-713-1LLS1RLS1SCC1CT-CW -> NCI6400-WT-713-1LLS1RLS1SCC1CT-CW,OK
NCI6400-WT-713-1LLS1RLS1SCC1CT-CV-SPT713,6400 - WT,Canvas Navy,RENAME,NC->NCI: NC6400-WT-713-1LLS1RLS1SCC1CT-CV-SPT713 -> NCI6400-WT-713-1LLS1RLS1SCC1CT-CV-SPT713,OK
NCI6400-WT-713-1LLS1RLS1SCC1CT-BD,6400 - WT,Bliss Dew,RENAME,NC->NCI: NC6400-WT-713-1LLS1RLS1SCC1CT-BD -> NCI6400-WT-713-1LLS1RLS1SCC1CT-BD,OK
NCI6400-WT-713-4SR-SC-SPT713,6400 - WT,Spectrum Cilantro,RENAME,NC->NCI: NC6400-WT-713-4SR-SC-SPT713 -> NCI6400-WT-713-4SR-SC-SPT713,OK
NCI6400-WT-713-1LLS1RLS1SCC1CT-RHA,6400 - WT,Relate Harbor,RENAME,NC->NCI: NC6400-WT-713-1LLS1RLS1SCC1CT-RHA -> NCI6400-WT-713-1LLS1RLS1SCC1CT-RHA,OK
NCI6400-WT-713-1LLS1RLS1SCC1CT-SD-SPT713,6400 - WT,Spectrum Dove,RENAME,NC->NCI: NC6400-WT-713-1LLS1RLS1SCC1CT-SD-SPT713 -> NCI6400-WT-713-1LLS1RLS1SCC1CT-SD-SPT713,OK
NCI6400-WT-713-006-01-DD,6400 - WT,Direction Dew,RENAME,NC->NCI: NC6400-WT-713-006-01-DD -> NCI6400-WT-713-006-01-DD,OK
NCI6400-WT-713-1LLS1RLS1SCC1MC1CT-CW,6400 - WT,Canvas White,RENAME,NC->NCI: NC6400-WT-713-1LLS1RLS1SCC1MC1CT-CW -> NCI6400-WT-713-1LLS1RLS1SCC1MC1CT-CW,OK
NCI6400-WT-713-1LLS1RLS1SCC1MC1CT-CV,6400 - WT,Canvas Navy,RENAME,NC->NCI: NC6400-WT-713-1LLS1RLS1SCC1MC1CT-CV -> NCI6400-WT-713-1LLS1RLS1SCC1MC1CT-CV,OK
NCI6400-WT-713-1LLS1RLS1SCC1MC1CT-DD-SPT713,6400 - WT,Direction Dew,RENAME,NC->NCI: NC6400-WT-713-1LLS1RLS1SCC1MC1CT-DD-SPT713 -> NCI6400-WT-713-1LLS1RLS1SCC1MC1CT-DD-SPT713,OK
NCI6400-WT-713-2C13S1CT2ET-SC,6400 - WT,Spectrum Cilantro,RENAME,NC->NCI: NC6400-WT-713-2C13S1CT2ET-SC -> NCI6400-WT-713-2C13S1CT2ET-SC,OK
NCI6400-WT-713-1LLS1RLS1SCC1MC1CT-SD-SPT713,6400 - WT,Spectrum Dove,RENAME,NC->NCI: NC6400-WT-713-1LLS1RLS1SCC1MC1CT-SD-SPT713 -> NCI6400-WT-713-1LLS1RLS1SCC1MC1CT-SD-SPT713,OK
NCI6400-WT-713-1LLS1RLS1SCC1CT-SC-SPT713,6400 - WT,Spectrum Cilantro,RENAME,NC->NCI: NC6400-WT-713-1LLS1RLS1SCC1CT-SC-SPT713 -> NCI6400-WT-713-1LLS1RLS1SCC1CT-SC-SPT713,OK
NCI6400-WT-713-1LLS1RLS1SCC1MC1CT-CW-SPT713,6400 - WT,Canvas White,RENAME,NC->NCI: NC6400-WT-713-1LLS1RLS1SCC1MC1CT-CW-SPT713 -> NCI6400-WT-713-1LLS1RLS1SCC1MC1CT-CW-SPT713,OK
NCI6400-WT-713-2C13S1CT2ET-DD-SPT713,6400 - WT,Direction Dew,RENAME,NC->NCI: NC6400-WT-713-2C13S1CT2ET-DD-SPT713 -> NCI6400-WT-713-2C13S1CT2ET-DD-SPT713,OK
NCI6400-WT-713-006-01-DD-SPT713,6400 - WT,Direction Dew,RENAME,NC->NCI: NC6400-WT-713-006-01-DD-SPT713 -> NCI6400-WT-713-006-01-DD-SPT713,OK
NCI6400-WT-713-1LLS1RLS1SCC1MC1CT-SD,6400 - WT,Spectrum Dove,RENAME,NC->NCI: NC6400-WT-713-1LLS1RLS1SCC1MC1CT-SD -> NCI6400-WT-713-1LLS1RLS1SCC1MC1CT-SD,OK
NCI6400-WT-713-2C13S1CT2ET-CV,6400 - WT,Canvas Navy,RENAME,NC->NCI: NC6400-WT-713-2C13S1CT2ET-CV -> NCI6400-WT-713-2C13S1CT2ET-CV,OK
NCI6400-WT-713-2C13S1CT2ET-SC-SPT713,6400 - WT,Spectrum Cilantro,RENAME,NC->NCI: NC6400-WT-713-2C13S1CT2ET-SC-SPT713 -> NCI6400-WT-713-2C13S1CT2ET-SC-SPT713,OK
NCI6400-WT-713-1LLS1RLS1SCC1MC1CT-BD-SPT713,6400 - WT,Bliss Dew,RENAME,NC->NCI: NC6400-WT-713-1LLS1RLS1SCC1MC1CT-BD-SPT713 -> NCI6400-WT-713-1LLS1RLS1SCC1MC1CT-BD-SPT713,OK
NCI6400-WT-713-1LLS1RLS1SCC1MC1CT-RHA-SPT713,6400 - WT,Relate Harbor,RENAME,NC->NCI: NC6400-WT-713-1LLS1RLS1SCC1MC1CT-RHA-SPT713 -> NCI6400-WT-713-1LLS1RLS1SCC1MC1CT-RHA-SPT713,OK
NCI6400-WT-713-4SR-RHA,6400 - WT,Relate Harbor,RENAME,NC->NCI: NC6400-WT-713-4SR-RHA -> NCI6400-WT-713-4SR-RHA,OK
NCI6400-WT-713-4SR-CW,6400 - WT,Canvas White,RENAME,NC->NCI: NC6400-WT-713-4SR-CW -> NCI6400-WT-713-4SR-CW,OK
NCI6400-WT-713-2C13S1CT2ET-CW,6400 - WT,Canvas White,RENAME,NC->NCI: NC6400-WT-713-2C13S1CT2ET-CW -> NCI6400-WT-713-2C13S1CT2ET-CW,OK
NCI6400-WT-713-2C13S1CT2ET-CW-SPT713,6400 - WT,Canvas White,RENAME,NC->NCI: NC6400-WT-713-2C13S1CT2ET-CW-SPT713 -> NCI6400-WT-713-2C13S1CT2ET-CW-SPT713,OK
NCI6400-WT-713-4SR-RHA-SPT713,6400 - WT,Relate Harbor,RENAME,NC->NCI: NC6400-WT-713-4SR-RHA-SPT713 -> NCI6400-WT-713-4SR-RHA-SPT713,OK
NCI6400-WT-713-1LLS1RLS1SCC1MC1CT-SC-SPT713,6400 - WT,Spectrum Cilantro,RENAME,NC->NCI: NC6400-WT-713-1LLS1RLS1SCC1MC1CT-SC-SPT713 -> NCI6400-WT-713-1LLS1RLS1SCC1MC1CT-SC-SPT713,OK
NCI6400-WT-713-001-01-RHA,6400 - WT,Relate Harbor,RENAME,NC->NCI: NC6400-WT-713-001-01-RHA -> NCI6400-WT-713-001-01-RHA,OK
NCI6400-WT-713-4SR-DD,6400 - WT,Direction Dew,RENAME,NC->NCI: NC6400-WT-713-4SR-DD -> NCI6400-WT-713-4SR-DD,OK
NCI6400-WT-713-1LLS1RLS1SCC1MC1CT-SC,6400 - WT,Spectrum Cilantro,RENAME,NC->NCI: NC6400-WT-713-1LLS1RLS1SCC1MC1CT-SC -> NCI6400-WT-713-1LLS1RLS1SCC1MC1CT-SC,OK
NCI6400-WT-713-2C13S1CT2ET-BD,6400 - WT,Bliss Dew,RENAME,NC->NCI: NC6400-WT-713-2C13S1CT2ET-BD -> NCI6400-WT-713-2C13S1CT2ET-BD,OK
NCI6400-WT-713-4SR-CV-SPT713,6400 - WT,Canvas Navy,RENAME,NC->NCI: NC6400-WT-713-4SR-CV-SPT713 -> NCI6400-WT-713-4SR-CV-SPT713,OK
NCI6400-WT-713-4SR-CW-SPT713,6400 - WT,Canvas White,RENAME,NC->NCI: NC6400-WT-713-4SR-CW-SPT713 -> NCI6400-WT-713-4SR-CW-SPT713,OK
NCI6400-WT-713-4SR-SD,6400 - WT,Spectrum Dove,RENAME,NC->NCI: NC6400-WT-713-4SR-SD -> NCI6400-WT-713-4SR-SD,OK
NCI6400-WT-713-001-01-CV,6400 - WT,Canvas Navy,RENAME,NC->NCI: NC6400-WT-713-001-01-CV -> NCI6400-WT-713-001-01-CV,OK
NCI6400-WT-713-001-01-DD,6400 - WT,Direction Dew,RENAME,NC->NCI: NC6400-WT-713-001-01-DD -> NCI6400-WT-713-001-01-DD,OK
NCI6400-WT-713-4SR-SC,6400 - WT,Spectrum Cilantro,RENAME,NC->NCI: NC6400-WT-713-4SR-SC -> NCI6400-WT-713-4SR-SC,OK
NCI6400-WT-713-001-01-BD,6400 - WT,Bliss Dew,RENAME,NC->NCI: NC6400-WT-713-001-01-BD -> NCI6400-WT-713-001-01-BD,OK
NCI6400-WT-713-4SR-SD-SPT713,6400 - WT,Spectrum Dove,RENAME,NC->NCI: NC6400-WT-713-4SR-SD-SPT713 -> NCI6400-WT-713-4SR-SD-SPT713,OK
NCI6400-WT-713-1LLS1RLS1SCC1MC1CT-CV-SPT713,6400 - WT,Canvas Navy,RENAME,NC->NCI: NC6400-WT-713-1LLS1RLS1SCC1MC1CT-CV-SPT713 -> NCI6400-WT-713-1LLS1RLS1SCC1MC1CT-CV-SPT713,OK
NCI6400-WT-713-1LLS1RLS1SCC1MC1CT-BD,6400 - WT,Bliss Dew,RENAME,NC->NCI: NC6400-WT-713-1LLS1RLS1SCC1MC1CT-BD -> NCI6400-WT-713-1LLS1RLS1SCC1MC1CT-BD,OK
NCI6400-WT-713-4SR-CV,6400 - WT,Canvas Navy,RENAME,NC->NCI: NC6400-WT-713-4SR-CV -> NCI6400-WT-713-4SR-CV,OK
NCI6400-WT-713-2C13S1CT2ET-SD-SPT713,6400 - WT,Spectrum Dove,RENAME,NC->NCI: NC6400-WT-713-2C13S1CT2ET-SD-SPT713 -> NCI6400-WT-713-2C13S1CT2ET-SD-SPT713,OK
NCI6400-WT-713-2C13S1CT2ET-BD-SPT713,6400 - WT,Bliss Dew,RENAME,NC->NCI: NC6400-WT-713-2C13S1CT2ET-BD-SPT713 -> NCI6400-WT-713-2C13S1CT2ET-BD-SPT713,OK
NCI6400-WT-713-1LLS1RLS1SCC1MC1CT-RHA,6400 - WT,Relate Harbor,RENAME,NC->NCI: NC6400-WT-713-1LLS1RLS1SCC1MC1CT-RHA -> NCI6400-WT-713-1LLS1RLS1SCC1MC1CT-RHA,OK
NCI6400-WT-713-2C13S1CT2ET-CV-SPT713,6400 - WT,Canvas Navy,RENAME,NC->NCI: NC6400-WT-713-2C13S1CT2ET-CV-SPT713 -> NCI6400-WT-713-2C13S1CT2ET-CV-SPT713,OK
NCI6400-WT-713-2C13S1CT2ET-RHA,6400 - WT,Relate Harbor,RENAME,NC->NCI: NC6400-WT-713-2C13S1CT2ET-RHA -> NCI6400-WT-713-2C13S1CT2ET-RHA,OK
NCI6400-WT-713-2C13S1CT2ET-DD,6400 - WT,Direction Dew,RENAME,NC->NCI: NC6400-WT-713-2C13S1CT2ET-DD -> NCI6400-WT-713-2C13S1CT2ET-DD,OK
NCI6400-WT-713-2C13S1CT2ET-RHA-SPT713,6400 - WT,Relate Harbor,RENAME,NC->NCI: NC6400-WT-713-2C13S1CT2ET-RHA-SPT713 -> NCI6400-WT-713-2C13S1CT2ET-RHA-SPT713,OK
NCI6400SECT-WT-713-052-01-CW-SPT713,6400 - WT,Canvas White,RENAME,NC->NCI: NC6400SECT-WT-713-052-01-CW-SPT713 -> NCI6400SECT-WT-713-052-01-CW-SPT713,OK
NCI6400-WT-713-2C1CT1LS-DD-SPT713,6400 - WT,Direction Dew,RENAME,NC->NCI: NC6400-WT-713-2C1CT1LS-DD-SPT713 -> NCI6400-WT-713-2C1CT1LS-DD-SPT713,OK
NCI6400-WT-713-1LLS1RLS1SCC1MC1CT-DD,6400 - WT,Direction Dew,RENAME,NC->NCI: NC6400-WT-713-1LLS1RLS1SCC1MC1CT-DD -> NCI6400-WT-713-1LLS1RLS1SCC1MC1CT-DD,OK
NCI6400SECT-WT-713-052-01-RHA,6400 - WT,Relate Harbor,RENAME,NC->NCI: NC6400SECT-WT-713-052-01-RHA -> NCI6400SECT-WT-713-052-01-RHA,OK
NCI6400-WT-713-001-01-CV-SPT713,6400 - WT,Canvas Navy,RENAME,NC->NCI: NC6400-WT-713-001-01-CV-SPT713 -> NCI6400-WT-713-001-01-CV-SPT713,OK
NCI6400-WT-713-2C1CT1LS-DD,6400 - WT,Direction Dew,RENAME,NC->NCI: NC6400-WT-713-2C1CT1LS-DD -> NCI6400-WT-713-2C1CT1LS-DD,OK
NCI6400SECT-WT-713-052-01-CS,6400 - WT,Spectrum Cilantro,RENAME,NC->NCI: NC6400SECT-WT-713-052-01-CS -> NCI6400SECT-WT-713-052-01-CS,OK
NCI6400SECT-WT-713-052-01-SD,6400 - WT,Spectrum Dove,RENAME,NC->NCI: NC6400SECT-WT-713-052-01-SD -> NCI6400SECT-WT-713-052-01-SD,OK
NCI6400SECT-WT-713-052-01-CV-SPT713,6400 - WT,Canvas Navy,RENAME,NC->NCI: NC6400SECT-WT-713-052-01-CV-SPT713 -> NCI6400SECT-WT-713-052-01-CV-SPT713,OK
NCI6400-WT-713-2C13S1CT2ET-SD,6400 - WT,Spectrum Dove,RENAME,NC->NCI: NC6400-WT-713-2C13S1CT2ET-SD -> NCI6400-WT-713-2C13S1CT2ET-SD,OK
NCI6400SECT-WT-713-052-01-DD,6400 - WT,Direction Dew,RENAME,NC->NCI: NC6400SECT-WT-713-052-01-DD -> NCI6400SECT-WT-713-052-01-DD,OK
NCI6400-WT-713-001-01-SC-SPT713,6400 - WT,Spectrum Cilantro,RENAME,NC->NCI: NC6400-WT-713-001-01-SC-SPT713 -> NCI6400-WT-713-001-01-SC-SPT713,OK
NCI6400-WT-713-001-01-DD-SPT713,6400 - WT,Direction Dew,RENAME,NC->NCI: NC6400-WT-713-001-01-DD-SPT713 -> NCI6400-WT-713-001-01-DD-SPT713,OK
NCI6400-WT-713-001-01-SC,6400 - WT,Spectrum Cilantro,RENAME,NC->NCI: NC6400-WT-713-001-01-SC -> NCI6400-WT-713-001-01-SC,OK
NCI6400DC-WT-713-01,6400 - WT,Dining Chair,RENAME,NC->NCI: NC6400DC-WT-713-01 -> NCI6400DC-WT-713-01,OK
NCI6400-WT-713-001-01-SD,6400 - WT,Spectrum Dove,RENAME,NC->NCI: NC6400-WT-713-001-01-SD -> NCI6400-WT-713-001-01-SD,OK
NCI6400-WT-713-001-01-RHA-SPT713,6400 - WT,Relate Harbor,RENAME,NC->NCI: NC6400-WT-713-001-01-RHA-SPT713 -> NCI6400-WT-713-001-01-RHA-SPT713,OK
NCI6400SECT-WT-713-052-01-CV,6400 - WT,Canvas Navy,RENAME,NC->NCI: NC6400SECT-WT-713-052-01-CV -> NCI6400SECT-WT-713-052-01-CV,OK
NCI6400-WT-713-001-01-CW-SPT713,6400 - WT,Canvas White,RENAME,NC->NCI: NC6400-WT-713-001-01-CW-SPT713 -> NCI6400-WT-713-001-01-CW-SPT713,OK
NCI6400-WT-713-001-01-SD-SPT713,6400 - WT,Spectrum Dove,RENAME,NC->NCI: NC6400-WT-713-001-01-SD-SPT713 -> NCI6400-WT-713-001-01-SD-SPT713,OK
NCI6400SECT-WT-713-052-01-BD,6400 - WT,Bliss Dew,RENAME,NC->NCI: NC6400SECT-WT-713-052-01-BD -> NCI6400SECT-WT-713-052-01-BD,OK
NCI6400-WT-713-001-01-BD-SPT713,6400 - WT,Bliss Dew,RENAME,NC->NCI: NC6400-WT-713-001-01-BD-SPT713 -> NCI6400-WT-713-001-01-BD-SPT713,OK
NCI6400SECT-WT-713-052-01-CW,6400 - WT,Canvas White,RENAME,NC->NCI: NC6400SECT-WT-713-052-01-CW -> NCI6400SECT-WT-713-052-01-CW,OK
NCI6400SECT-WT-713-052-01-BD-SPT713,6400 - WT,Bliss Dew,RENAME,NC->NCI: NC6400SECT-WT-713-052-01-BD-SPT713 -> NCI6400SECT-WT-713-052-01-BD-SPT713,OK
NCI6400SECT-WT-713-052-01-RHA-SPT713,6400 - WT,Relate Harbor,RENAME,NC->NCI: NC6400SECT-WT-713-052-01-RHA-SPT713 -> NCI6400SECT-WT-713-052-01-RHA-SPT713,OK
NCI6400SECT-WT-713-052-01-DD-SPT713,6400 - WT,Direction Dew,RENAME,NC->NCI: NC6400SECT-WT-713-052-01-DD-SPT713 -> NCI6400SECT-WT-713-052-01-DD-SPT713,OK
NCI6400SECT-WT-713-052-01-CS-SPT713,6400 - WT,Spectrum Cilantro,RENAME,NC->NCI: NC6400SECT-WT-713-052-01-CS-SPT713 -> NCI6400SECT-WT-713-052-01-CS-SPT713,OK
NCI6400-WT-713-002-01-DD-SPT713,6400 - WT,Direction Dew,RENAME,NC->NCI: NC6400-WT-713-002-01-DD-SPT713 -> NCI6400-WT-713-002-01-DD-SPT713,OK
NCI6400-WT-713-068-01-SC,6400 - WT,Spectrum Cilantro,RENAME,NC->NCI: NC6400-WT-713-068-01-SC -> NCI6400-WT-713-068-01-SC,OK
NCI6400SECT-WT-713-052-01-SD-SPT713,6400 - WT,Spectrum Dove,RENAME,NC->NCI: NC6400SECT-WT-713-052-01-SD-SPT713 -> NCI6400SECT-WT-713-052-01-SD-SPT713,OK
NCI6400-WT-713-068-01-DD,6400 - WT,Direction Dew,RENAME,NC->NCI: NC6400-WT-713-068-01-DD -> NCI6400-WT-713-068-01-DD,OK
NCI6400-WT-713-002-01-DD,6400 - WT,Direction Dew,RENAME,NC->NCI: NC6400-WT-713-002-01-DD -> NCI6400-WT-713-002-01-DD,OK
NCI6400-WT-713-068-01-RHA,6400 - WT,Relate Harbor,RENAME,NC->NCI: NC6400-WT-713-068-01-RHA -> NCI6400-WT-713-068-01-RHA,OK
NCI6400-WT-713-068-01-BD,6400 - WT,Bliss Dew,RENAME,NC->NCI: NC6400-WT-713-068-01-BD -> NCI6400-WT-713-068-01-BD,OK
NCI6400-WT-713-068-01-CV,6400 - WT,Canvas Navy,RENAME,NC->NCI: NC6400-WT-713-068-01-CV -> NCI6400-WT-713-068-01-CV,OK
NCI6400-WT-713-068-01-CW,6400 - WT,Canvas White,RENAME,NC->NCI: NC6400-WT-713-068-01-CW -> NCI6400-WT-713-068-01-CW,OK
NCI6400SECT-WT-713-053-01-CV,6400 - WT,Canvas Navy,RENAME,NC->NCI: NC6400SECT-WT-713-053-01-CV -> NCI6400SECT-WT-713-053-01-CV,OK
NCI6400SECT-WT-713-053-01-BD,6400 - WT,Bliss Dew,RENAME,NC->NCI: NC6400SECT-WT-713-053-01-BD -> NCI6400SECT-WT-713-053-01-BD,OK
NCI6400SECT-WT-713-053-01-CW,6400 - WT,Canvas White,RENAME,NC->NCI: NC6400SECT-WT-713-053-01-CW -> NCI6400SECT-WT-713-053-01-CW,OK
NCI6400SECT-WT-713-053-01-RHA,6400 - WT,Relate Harbor,RENAME,NC->NCI: NC6400SECT-WT-713-053-01-RHA -> NCI6400SECT-WT-713-053-01-RHA,OK
NCI6400SECT-WT-713-053-01-BD-SPT713,6400 - WT,Bliss Dew,RENAME,NC->NCI: NC6400SECT-WT-713-053-01-BD-SPT713 -> NCI6400SECT-WT-713-053-01-BD-SPT713,OK
NCI6400SECT-WT-713-053-01-DD,6400 - WT,Direction Dew,RENAME,NC->NCI: NC6400SECT-WT-713-053-01-DD -> NCI6400SECT-WT-713-053-01-DD,OK
NCI6400-WT-713-068-01-SD,6400 - WT,Spectrum Dove,RENAME,NC->NCI: NC6400-WT-713-068-01-SD -> NCI6400-WT-713-068-01-SD,OK
NCI6400SECT-WT-713-053-01-SC,6400 - WT,Spectrum Cilantro,RENAME,NC->NCI: NC6400SECT-WT-713-053-01-SC -> NCI6400SECT-WT-713-053-01-SC,OK
NCI6400SECT-WT-713-053-01-SD,6400 - WT,Spectrum Dove,RENAME,NC->NCI: NC6400SECT-WT-713-053-01-SD -> NCI6400SECT-WT-713-053-01-SD,OK
NCI6400-WT-713-260-01-CV,6400 - WT,Canvas Navy,RENAME,NC->NCI: NC6400-WT-713-260-01-CV -> NCI6400-WT-713-260-01-CV,OK
NCI6400SECT-WT-713-053-01-RHA-SPT713,6400 - WT,Relate Harbor,RENAME,NC->NCI: NC6400SECT-WT-713-053-01-RHA-SPT713 -> NCI6400SECT-WT-713-053-01-RHA-SPT713,OK
NCI6400SECT-WT-713-053-01-DD-SPT713,6400 - WT,Direction Dew,RENAME,NC->NCI: NC6400SECT-WT-713-053-01-DD-SPT713 -> NCI6400SECT-WT-713-053-01-DD-SPT713,OK
NCI6400-WT-713-260-01-SD,6400 - WT,Spectrum Dove,RENAME,NC->NCI: NC6400-WT-713-260-01-SD -> NCI6400-WT-713-260-01-SD,OK
NCI6400SECT-WT-713-053-01-CV-SPT713,6400 - WT,Canvas Navy,RENAME,NC->NCI: NC6400SECT-WT-713-053-01-CV-SPT713 -> NCI6400SECT-WT-713-053-01-CV-SPT713,OK
NCI6400-WT-713-260-01-CW-SPT713,6400 - WT,Canvas White,RENAME,NC->NCI: NC6400-WT-713-260-01-CW-SPT713 -> NCI6400-WT-713-260-01-CW-SPT713,OK
NCI6400-WT-713-260-01-DD-SPT713,6400 - WT,Direction Dew,RENAME,NC->NCI: NC6400-WT-713-260-01-DD-SPT713 -> NCI6400-WT-713-260-01-DD-SPT713,OK
NCI6400SECT-WT-713-053-01-SC-SPT713,6400 - WT,Spectrum Cilantro,RENAME,NC->NCI: NC6400SECT-WT-713-053-01-SC-SPT713 -> NCI6400SECT-WT-713-053-01-SC-SPT713,OK
NCI6400-WT-713-260-01-DD,6400 - WT,Direction Dew,RENAME,NC->NCI: NC6400-WT-713-260-01-DD -> NCI6400-WT-713-260-01-DD,OK
NCI6400-WT-713-260-01-BD,6400 - WT,Bliss Dew,RENAME,NC->NCI: NC6400-WT-713-260-01-BD -> NCI6400-WT-713-260-01-BD,OK
NCI6400-WT-713-260-01-CW,6400 - WT,Canvas White,RENAME,NC->NCI: NC6400-WT-713-260-01-CW -> NCI6400-WT-713-260-01-CW,OK
NCI6400SECT-WT-713-053-01-CW-SPT713,6400 - WT,Canvas White,RENAME,NC->NCI: NC6400SECT-WT-713-053-01-CW-SPT713 -> NCI6400SECT-WT-713-053-01-CW-SPT713,OK
NCI6400-WT-713-260-01-RHA,6400 - WT,Relate Harbor,RENAME,NC->NCI: NC6400-WT-713-260-01-RHA -> NCI6400-WT-713-260-01-RHA,OK
NCI6400SECT-WT-713-053-01-SD-SPT713,6400 - WT,Spectrum Dove,RENAME,NC->NCI: NC6400SECT-WT-713-053-01-SD-SPT713 -> NCI6400SECT-WT-713-053-01-SD-SPT713,OK
NCI6400-WT-713-260-01-CV-SPT713,6400 - WT,Canvas Navy,RENAME,NC->NCI: NC6400-WT-713-260-01-CV-SPT713 -> NCI6400-WT-713-260-01-CV-SPT713,OK
NCI6400-WT-713-260-01-SC-SPT713,6400 - WT,Spectrum Cilantro,RENAME,NC->NCI: NC6400-WT-713-260-01-SC-SPT713 -> NCI6400-WT-713-260-01-SC-SPT713,OK
NCI6400-WT-713-260-01-RHA-SPT713,6400 - WT,Relate Harbor,RENAME,NC->NCI: NC6400-WT-713-260-01-RHA-SPT713 -> NCI6400-WT-713-260-01-RHA-SPT713,OK
NCI6400-WT-696-1C1SR1LS13S1CT2CET1OT-CV,6400 - WT,Canvas Navy,RENAME,NC->NCI: NC6400-WT-696-1C1SR1LS13S1CT2CET1OT-CV -> NCI6400-WT-696-1C1SR1LS13S1CT2CET1OT-CV,OK
NCI6400-WT-696-1C1SR1LS13S1CT2CET1OT-BD,6400 - WT,Bliss Dew,RENAME,NC->NCI: NC6400-WT-696-1C1SR1LS13S1CT2CET1OT-BD -> NCI6400-WT-696-1C1SR1LS13S1CT2CET1OT-BD,OK
NCI6400-WT-713-260-01-SD-SPT713,6400 - WT,Spectrum Dove,RENAME,NC->NCI: NC6400-WT-713-260-01-SD-SPT713 -> NCI6400-WT-713-260-01-SD-SPT713,OK
NCI6400-WT-696-1C1SR1LS13S1CT2CET1OT-CW,6400 - WT,Canvas White,RENAME,NC->NCI: NC6400-WT-696-1C1SR1LS13S1CT2CET1OT-CW -> NCI6400-WT-696-1C1SR1LS13S1CT2CET1OT-CW,OK
NCI6400-WT-713-260-01-BD-SPT713,6400 - WT,Bliss Dew,RENAME,NC->NCI: NC6400-WT-713-260-01-BD-SPT713 -> NCI6400-WT-713-260-01-BD-SPT713,OK
NCI6400-WT-713-260-01-SC,6400 - WT,Spectrum Cilantro,RENAME,NC->NCI: NC6400-WT-713-260-01-SC -> NCI6400-WT-713-260-01-SC,OK
NCI6400-WT-696-1LLS1RLS1MC1CET-BD,6400 - WT,Bliss Dew,RENAME,NC->NCI: NC6400-WT-696-1LLS1RLS1MC1CET-BD -> NCI6400-WT-696-1LLS1RLS1MC1CET-BD,OK
NCI6400-WT-696-1C1SR1LS13S1CT2CET1OT-RHA-SPT696,6400 - WT,Relate Harbor,RENAME,NC->NCI: NC6400-WT-696-1C1SR1LS13S1CT2CET1OT-RHA-SPT696 -> NCI6400-WT-696-1C1SR1LS13S1CT2CET1OT-RHA-SPT696,OK
NCI6400-WT-696-1LLS1RLS1CET-RHA,6400 - WT,Relate Harbor,RENAME,NC->NCI: NC6400-WT-696-1LLS1RLS1CET-RHA -> NCI6400-WT-696-1LLS1RLS1CET-RHA,OK
NCI6400-WT-696-1LLS1RLS1MC1CET-RHA-SPT696,6400 - WT,Relate Harbor,RENAME,NC->NCI: NC6400-WT-696-1LLS1RLS1MC1CET-RHA-SPT696 -> NCI6400-WT-696-1LLS1RLS1MC1CET-RHA-SPT696,OK
NCI6400-WT-696-1LLS1RLS1CET-DD,6400 - WT,Direction Dew,RENAME,NC->NCI: NC6400-WT-696-1LLS1RLS1CET-DD -> NCI6400-WT-696-1LLS1RLS1CET-DD,OK
NCI6400-WT-696-1C1SR1LS13S1CT2CET1OT-RHA,6400 - WT,Relate Harbor,RENAME,NC->NCI: NC6400-WT-696-1C1SR1LS13S1CT2CET1OT-RHA -> NCI6400-WT-696-1C1SR1LS13S1CT2CET1OT-RHA,OK
NCI6400-WT-696-1C1SR1LS13S1CT2CET1OT-DD,6400 - WT,Direction Dew,RENAME,NC->NCI: NC6400-WT-696-1C1SR1LS13S1CT2CET1OT-DD -> NCI6400-WT-696-1C1SR1LS13S1CT2CET1OT-DD,OK
NCI6400-WT-696-1LLS1RLS1MC1CET-RHA,6400 - WT,Relate Harbor,RENAME,NC->NCI: NC6400-WT-696-1LLS1RLS1MC1CET-RHA -> NCI6400-WT-696-1LLS1RLS1MC1CET-RHA,OK
NCI6400-WT-696-1LLS1RLS1MC1CET-CW-SPT696,6400 - WT,Canvas White,RENAME,NC->NCI: NC6400-WT-696-1LLS1RLS1MC1CET-CW-SPT696 -> NCI6400-WT-696-1LLS1RLS1MC1CET-CW-SPT696,OK
NCI6400-WT-696-1LLS1RLS1CET-CV-SPT696,6400 - WT,Canvas Navy,RENAME,NC->NCI: NC6400-WT-696-1LLS1RLS1CET-CV-SPT696 -> NCI6400-WT-696-1LLS1RLS1CET-CV-SPT696,OK
NCI6400-WT-696-1LLS1RLS1CET-CV,6400 - WT,Canvas Navy,RENAME,NC->NCI: NC6400-WT-696-1LLS1RLS1CET-CV -> NCI6400-WT-696-1LLS1RLS1CET-CV,OK
NCI6400-WT-696-1LLS1RLS1MC1CET-BD-SPT696,6400 - WT,Bliss Dew,RENAME,NC->NCI: NC6400-WT-696-1LLS1RLS1MC1CET-BD-SPT696 -> NCI6400-WT-696-1LLS1RLS1MC1CET-BD-SPT696,OK
NCI6400-WT-696-1LLS1RLS1CET-SC,6400 - WT,Spectrum Cilantro,RENAME,NC->NCI: NC6400-WT-696-1LLS1RLS1CET-SC -> NCI6400-WT-696-1LLS1RLS1CET-SC,OK
NCI6400-WT-696-1LLS1RLS1CET-CW-SPT696,6400 - WT,Canvas White,RENAME,NC->NCI: NC6400-WT-696-1LLS1RLS1CET-CW-SPT696 -> NCI6400-WT-696-1LLS1RLS1CET-CW-SPT696,OK
NCI6400-WT-696-1LLS1RLS1CET-BD,6400 - WT,Bliss Dew,RENAME,NC->NCI: NC6400-WT-696-1LLS1RLS1CET-BD -> NCI6400-WT-696-1LLS1RLS1CET-BD,OK
NCI6400-WT-696-1LLS1RLS1CET-DD-SPT696,6400 - WT,Direction Dew,RENAME,NC->NCI: NC6400-WT-696-1LLS1RLS1CET-DD-SPT696 -> NCI6400-WT-696-1LLS1RLS1CET-DD-SPT696,OK
NCI6400-WT-696-1LLS1RLS1CET-CW,6400 - WT,Canvas White,RENAME,NC->NCI: NC6400-WT-696-1LLS1RLS1CET-CW -> NCI6400-WT-696-1LLS1RLS1CET-CW,OK
NCI6400-WT-696-1C1SR1LS13S1CT2CET1OT-CV-SPT696,6400 - WT,Canvas Navy,RENAME,NC->NCI: NC6400-WT-696-1C1SR1LS13S1CT2CET1OT-CV-SPT696 -> NCI6400-WT-696-1C1SR1LS13S1CT2CET1OT-CV-SPT696,OK
NCI6400-WT-696-1C1SR1LS13S1CT2CET1OT-DD-SPT696,6400 - WT,Direction Dew,RENAME,NC->NCI: NC6400-WT-696-1C1SR1LS13S1CT2CET1OT-DD-SPT696 -> NCI6400-WT-696-1C1SR1LS13S1CT2CET1OT-DD-SPT696,OK
NCI6400-WT-696-1LLS1RLS1CET-SD,6400 - WT,Spectrum Dove,RENAME,NC->NCI: NC6400-WT-696-1LLS1RLS1CET-SD -> NCI6400-WT-696-1LLS1RLS1CET-SD,OK
NCI6400-WT-696-1C1SR1LS13S1CT2CET1OT-BD-SPT696,6400 - WT,Bliss Dew,RENAME,NC->NCI: NC6400-WT-696-1C1SR1LS13S1CT2CET1OT-BD-SPT696 -> NCI6400-WT-696-1C1SR1LS13S1CT2CET1OT-BD-SPT696,OK
NCI6400-WT-696-1LLS1RLS1CET-SC-SPT696,6400 - WT,Spectrum Cilantro,RENAME,NC->NCI: NC6400-WT-696-1LLS1RLS1CET-SC-SPT696 -> NCI6400-WT-696-1LLS1RLS1CET-SC-SPT696,OK
NCI6400-WT-696-1C1SR1LS13S1CT2CET1OT-SD,6400 - WT,Spectrum Dove,RENAME,NC->NCI: NC6400-WT-696-1C1SR1LS13S1CT2CET1OT-SD -> NCI6400-WT-696-1C1SR1LS13S1CT2CET1OT-SD,OK
NCI6400-WT-696-1LLS1RLS1MC1CET-CV,6400 - WT,Canvas Navy,RENAME,NC->NCI: NC6400-WT-696-1LLS1RLS1MC1CET-CV -> NCI6400-WT-696-1LLS1RLS1MC1CET-CV,OK
NCI6400-WT-696-1C1SR1LS13S1CT2CET1OT-CW-SPT696,6400 - WT,Canvas White,RENAME,NC->NCI: NC6400-WT-696-1C1SR1LS13S1CT2CET1OT-CW-SPT696 -> NCI6400-WT-696-1C1SR1LS13S1CT2CET1OT-CW-SPT696,OK
NCI6400-WT-696-1LLS1RLS1CET-RHA-SPT696,6400 - WT,Relate Harbor,RENAME,NC->NCI: NC6400-WT-696-1LLS1RLS1CET-RHA-SPT696 -> NCI6400-WT-696-1LLS1RLS1CET-RHA-SPT696,OK
NCI6400-WT-696-1C1SR1LS13S1CT2CET1OT-SC-SPT696,6400 - WT,Spectrum Cilantro,RENAME,NC->NCI: NC6400-WT-696-1C1SR1LS13S1CT2CET1OT-SC-SPT696 -> NCI6400-WT-696-1C1SR1LS13S1CT2CET1OT-SC-SPT696,OK
NCI6400-WT-696-1LLS1RLS1CET-SD-SPT696,6400 - WT,Spectrum Dove,RENAME,NC->NCI: NC6400-WT-696-1LLS1RLS1CET-SD-SPT696 -> NCI6400-WT-696-1LLS1RLS1CET-SD-SPT696,OK
NCI6400-WT-696-1LLS1RLS1MC1CET-DD,6400 - WT,Direction Dew,RENAME,NC->NCI: NC6400-WT-696-1LLS1RLS1MC1CET-DD -> NCI6400-WT-696-1LLS1RLS1MC1CET-DD,OK
NCI6400-WT-696-1LLS1RLS1MC1CET-SC,6400 - WT,Spectrum Cilantro,RENAME,NC->NCI: NC6400-WT-696-1LLS1RLS1MC1CET-SC -> NCI6400-WT-696-1LLS1RLS1MC1CET-SC,OK
NCI6400-WT-696-1LLS1RLS1CET-BD-SPT696,6400 - WT,Bliss Dew,RENAME,NC->NCI: NC6400-WT-696-1LLS1RLS1CET-BD-SPT696 -> NCI6400-WT-696-1LLS1RLS1CET-BD-SPT696,OK
NCI6400-WT-696-1LLS1RLS1MC1CET-SD,6400 - WT,Spectrum Dove,RENAME,NC->NCI: NC6400-WT-696-1LLS1RLS1MC1CET-SD -> NCI6400-WT-696-1LLS1RLS1MC1CET-SD,OK
NCI6400-WT-696-1C1SR1LS13S1CT2CET1OT-SC,6400 - WT,Spectrum Cilantro,RENAME,NC->NCI: NC6400-WT-696-1C1SR1LS13S1CT2CET1OT-SC -> NCI6400-WT-696-1C1SR1LS13S1CT2CET1OT-SC,OK
NCI6400-WT-696-1LLS1RLS1MC1CET-CW,6400 - WT,Canvas White,RENAME,NC->NCI: NC6400-WT-696-1LLS1RLS1MC1CET-CW -> NCI6400-WT-696-1LLS1RLS1MC1CET-CW,OK
NCI6400-WT-696-1LLS1RLS1MC1CET-DD-SPT696,6400 - WT,Direction Dew,RENAME,NC->NCI: NC6400-WT-696-1LLS1RLS1MC1CET-DD-SPT696 -> NCI6400-WT-696-1LLS1RLS1MC1CET-DD-SPT696,OK
NCI6400-WT-696-1LLS1RLS1MC1CET-CV-SPT696,6400 - WT,Canvas Navy,RENAME,NC->NCI: NC6400-WT-696-1LLS1RLS1MC1CET-CV-SPT696 -> NCI6400-WT-696-1LLS1RLS1MC1CET-CV-SPT696,OK
NCI6400-WT-696-1LLS1RLS1MC1CET-SC-SPT696,6400 - WT,Spectrum Cilantro,RENAME,NC->NCI: NC6400-WT-696-1LLS1RLS1MC1CET-SC-SPT696 -> NCI6400-WT-696-1LLS1RLS1MC1CET-SC-SPT696,OK
NCI6400-WT-696-1C1SR1LS13S1CT2CET1OT-SD-SPT696,6400 - WT,Spectrum Dove,RENAME,NC->NCI: NC6400-WT-696-1C1SR1LS13S1CT2CET1OT-SD-SPT696 -> NCI6400-WT-696-1C1SR1LS13S1CT2CET1OT-SD-SPT696,OK
NCI6400-WT-696-1LLS1RLS1MC1CET-SD-SPT696,6400 - WT,Spectrum Dove,RENAME,NC->NCI: NC6400-WT-696-1LLS1RLS1MC1CET-SD-SPT696 -> NCI6400-WT-696-1LLS1RLS1MC1CET-SD-SPT696,OK
NCI6400-WT-696-1LLS1RLS1MC1SCC-SC,6400 - WT,Spectrum Cilantro,RENAME,NC->NCI: NC6400-WT-696-1LLS1RLS1MC1SCC-SC -> NCI6400-WT-696-1LLS1RLS1MC1SCC-SC,OK
NCI6400-WT-696-1LLS1RLS1MC1SCC-RHA,6400 - WT,Relate Harbor,RENAME,NC->NCI: NC6400-WT-696-1LLS1RLS1MC1SCC-RHA -> NCI6400-WT-696-1LLS1RLS1MC1SCC-RHA,OK
NCI6400-WT-696-1LLS1RLS1MC1SCC-CV,6400 - WT,Canvas Navy,RENAME,NC->NCI: NC6400-WT-696-1LLS1RLS1MC1SCC-CV -> NCI6400-WT-696-1LLS1RLS1MC1SCC-CV,OK
NCI6400-WT-696-1LLS1RLS1MC1SCC-CW,6400 - WT,Canvas White,RENAME,NC->NCI: NC6400-WT-696-1LLS1RLS1MC1SCC-CW -> NCI6400-WT-696-1LLS1RLS1MC1SCC-CW,OK
NCI6400-WT-696-1LLS1RLS1MC1SCC-CV-SPT696,6400 - WT,Canvas Navy,RENAME,NC->NCI: NC6400-WT-696-1LLS1RLS1MC1SCC-CV-SPT696 -> NCI6400-WT-696-1LLS1RLS1MC1SCC-CV-SPT696,OK
NCI6400-WT-696-1LLS1RLS1MC1SCC-SD,6400 - WT,Spectrum Dove,RENAME,NC->NCI: NC6400-WT-696-1LLS1RLS1MC1SCC-SD -> NCI6400-WT-696-1LLS1RLS1MC1SCC-SD,OK
NCI6400-WT-696-1LLS1RLS1MC1SCC-DD,6400 - WT,Direction Dew,RENAME,NC->NCI: NC6400-WT-696-1LLS1RLS1MC1SCC-DD -> NCI6400-WT-696-1LLS1RLS1MC1SCC-DD,OK
NCI6400-WT-696-1LLS1RLS1MC1SCC-BD-SPT696,6400 - WT,Bliss Dew,RENAME,NC->NCI: NC6400-WT-696-1LLS1RLS1MC1SCC-BD-SPT696 -> NCI6400-WT-696-1LLS1RLS1MC1SCC-BD-SPT696,OK
NCI6400-WT-696-1LLS1RLS1MC1SCC-RHA-SPT696,6400 - WT,Relate Harbor,RENAME,NC->NCI: NC6400-WT-696-1LLS1RLS1MC1SCC-RHA-SPT696 -> NCI6400-WT-696-1LLS1RLS1MC1SCC-RHA-SPT696,OK
NCI6400-WT-696-1LLS1RLS1SCC-DD,6400 - WT,Direction Dew,RENAME,NC->NCI: NC6400-WT-696-1LLS1RLS1SCC-DD -> NCI6400-WT-696-1LLS1RLS1SCC-DD,OK
NCI6400-WT-696-1LLS1RLS1MC1SCC-SC-SPT696,6400 - WT,Spectrum Cilantro,RENAME,NC->NCI: NC6400-WT-696-1LLS1RLS1MC1SCC-SC-SPT696 -> NCI6400-WT-696-1LLS1RLS1MC1SCC-SC-SPT696,OK
NCI6400-WT-696-1LLS1RLS1MC1SCC-BD,6400 - WT,Bliss Dew,RENAME,NC->NCI: NC6400-WT-696-1LLS1RLS1MC1SCC-BD -> NCI6400-WT-696-1LLS1RLS1MC1SCC-BD,OK
NCI6400-WT-696-1LLS1RLS1MC1SCC-CW-SPT696,6400 - WT,Canvas White,RENAME,NC->NCI: NC6400-WT-696-1LLS1RLS1MC1SCC-CW-SPT696 -> NCI6400-WT-696-1LLS1RLS1MC1SCC-CW-SPT696,OK
NCI6400-WT-696-1LLS1RLS1SCC-CV-SPT696,6400 - WT,Canvas Navy,RENAME,NC->NCI: NC6400-WT-696-1LLS1RLS1SCC-CV-SPT696 -> NCI6400-WT-696-1LLS1RLS1SCC-CV-SPT696,OK
NCI6400-WT-696-1LLS1RLS1MC1SCC-DD-SPT696,6400 - WT,Direction Dew,RENAME,NC->NCI: NC6400-WT-696-1LLS1RLS1MC1SCC-DD-SPT696 -> NCI6400-WT-696-1LLS1RLS1MC1SCC-DD-SPT696,OK
NCI6400-WT-696-1LLS1RLS1SCC-BD-SPT696,6400 - WT,Bliss Dew,RENAME,NC->NCI: NC6400-WT-696-1LLS1RLS1SCC-BD-SPT696 -> NCI6400-WT-696-1LLS1RLS1SCC-BD-SPT696,OK
NCI6400-WT-696-1LLS1RLS1SCC-SD,6400 - WT,Spectrum Dove,RENAME,NC->NCI: NC6400-WT-696-1LLS1RLS1SCC-SD -> NCI6400-WT-696-1LLS1RLS1SCC-SD,OK
NCI6400-WT-696-1LLS1RLS1MC1SCC-SD-SPT696,6400 - WT,Spectrum Dove,RENAME,NC->NCI: NC6400-WT-696-1LLS1RLS1MC1SCC-SD-SPT696 -> NCI6400-WT-696-1LLS1RLS1MC1SCC-SD-SPT696,OK
NCI6400-WT-696-1LLS1RLS1SCC-CW,6400 - WT,Canvas White,RENAME,NC->NCI: NC6400-WT-696-1LLS1RLS1SCC-CW -> NCI6400-WT-696-1LLS1RLS1SCC-CW,OK
NCI6400-WT-696-1LLS1RLS1SCC-RHA-SPT696,6400 - WT,Relate Harbor,RENAME,NC->NCI: NC6400-WT-696-1LLS1RLS1SCC-RHA-SPT696 -> NCI6400-WT-696-1LLS1RLS1SCC-RHA-SPT696,OK
NCI6400-WT-696-1LLS1RLS1SCC-DD-SPT696,6400 - WT,Direction Dew,RENAME,NC->NCI: NC6400-WT-696-1LLS1RLS1SCC-DD-SPT696 -> NCI6400-WT-696-1LLS1RLS1SCC-DD-SPT696,OK
NCI6400-WT-696-1LLS1RLS1SCC-RHA,6400 - WT,Relate Harbor,RENAME,NC->NCI: NC6400-WT-696-1LLS1RLS1SCC-RHA -> NCI6400-WT-696-1LLS1RLS1SCC-RHA,OK
NCI6400-WT-696-4SR-CW-SPT696,6400 - WT,Canvas White,RENAME,NC->NCI: NC6400-WT-696-4SR-CW-SPT696 -> NCI6400-WT-696-4SR-CW-SPT696,OK
NCI6400-WT-696-006-01-DD,6400 - WT,Direction Dew,RENAME,NC->NCI: NC6400-WT-696-006-01-DD -> NCI6400-WT-696-006-01-DD,OK
NCI6400-WT-696-4SR-BD,6400 - WT,Bliss Dew,RENAME,NC->NCI: NC6400-WT-696-4SR-BD -> NCI6400-WT-696-4SR-BD,OK
NCI6400-WT-696-1LLS1RLS1SCC1CT-CW,6400 - WT,Canvas White,RENAME,NC->NCI: NC6400-WT-696-1LLS1RLS1SCC1CT-CW -> NCI6400-WT-696-1LLS1RLS1SCC1CT-CW,OK
NCI6400-WT-696-1LLS1RLS1SCC-CW-SPT696,6400 - WT,Canvas White,RENAME,NC->NCI: NC6400-WT-696-1LLS1RLS1SCC-CW-SPT696 -> NCI6400-WT-696-1LLS1RLS1SCC-CW-SPT696,OK
NCI6400-WT-696-1LLS1RLS1SCC-SC,6400 - WT,Spectrum Cilantro,RENAME,NC->NCI: NC6400-WT-696-1LLS1RLS1SCC-SC -> NCI6400-WT-696-1LLS1RLS1SCC-SC,OK
NCI6400-WT-696-006-01-DD-SPT696,6400 - WT,Direction Dew,RENAME,NC->NCI: NC6400-WT-696-006-01-DD-SPT696 -> NCI6400-WT-696-006-01-DD-SPT696,OK
NCI6400-WT-696-1LLS1RLS1SCC1CT-RHA-SPT696,6400 - WT,Relate Harbor,RENAME,NC->NCI: NC6400-WT-696-1LLS1RLS1SCC1CT-RHA-SPT696 -> NCI6400-WT-696-1LLS1RLS1SCC1CT-RHA-SPT696,OK
NCI6400-WT-696-1LLS1RLS1SCC1MC1CT-SC,6400 - WT,Spectrum Cilantro,RENAME,NC->NCI: NC6400-WT-696-1LLS1RLS1SCC1MC1CT-SC -> NCI6400-WT-696-1LLS1RLS1SCC1MC1CT-SC,OK
NCI6400-WT-696-1LLS1RLS1SCC-CV,6400 - WT,Canvas Navy,RENAME,NC->NCI: NC6400-WT-696-1LLS1RLS1SCC-CV -> NCI6400-WT-696-1LLS1RLS1SCC-CV,OK
NCI6400-WT-696-1LLS1RLS1SCC1MC1CT-DD-SPT696,6400 - WT,Direction Dew,RENAME,NC->NCI: NC6400-WT-696-1LLS1RLS1SCC1MC1CT-DD-SPT696 -> NCI6400-WT-696-1LLS1RLS1SCC1MC1CT-DD-SPT696,OK
NCI6400-WT-696-1LLS1RLS1SCC1CT-SC-SPT696,6400 - WT,Spectrum Cilantro,RENAME,NC->NCI: NC6400-WT-696-1LLS1RLS1SCC1CT-SC-SPT696 -> NCI6400-WT-696-1LLS1RLS1SCC1CT-SC-SPT696,OK
NCI6400-WT-696-1LLS1RLS1SCC1CT-BD-SPT696,6400 - WT,Bliss Dew,RENAME,NC->NCI: NC6400-WT-696-1LLS1RLS1SCC1CT-BD-SPT696 -> NCI6400-WT-696-1LLS1RLS1SCC1CT-BD-SPT696,OK
NCI6400-WT-696-1LLS1RLS1SCC1CT-CW-SPT696,6400 - WT,Canvas White,RENAME,NC->NCI: NC6400-WT-696-1LLS1RLS1SCC1CT-CW-SPT696 -> NCI6400-WT-696-1LLS1RLS1SCC1CT-CW-SPT696,OK
NCI6400-WT-696-1LLS1RLS1SCC1CT-BD,6400 - WT,Bliss Dew,RENAME,NC->NCI: NC6400-WT-696-1LLS1RLS1SCC1CT-BD -> NCI6400-WT-696-1LLS1RLS1SCC1CT-BD,OK
NCI6400-WT-696-1LLS1RLS1SCC1CT-DD-SPT696,6400 - WT,Direction Dew,RENAME,NC->NCI: NC6400-WT-696-1LLS1RLS1SCC1CT-DD-SPT696 -> NCI6400-WT-696-1LLS1RLS1SCC1CT-DD-SPT696,OK
NCI6400-WT-696-1LLS1RLS1SCC1MC1CT-SC-SPT696,6400 - WT,Spectrum Cilantro,RENAME,NC->NCI: NC6400-WT-696-1LLS1RLS1SCC1MC1CT-SC-SPT696 -> NCI6400-WT-696-1LLS1RLS1SCC1MC1CT-SC-SPT696,OK
NCI6400-WT-696-4SR-CV,6400 - WT,Canvas Navy,RENAME,NC->NCI: NC6400-WT-696-4SR-CV -> NCI6400-WT-696-4SR-CV,OK
NCI6400-WT-696-1LLS1RLS1SCC-SC-SPT696,6400 - WT,Spectrum Cilantro,RENAME,NC->NCI: NC6400-WT-696-1LLS1RLS1SCC-SC-SPT696 -> NCI6400-WT-696-1LLS1RLS1SCC-SC-SPT696,OK
NCI6400-WT-696-1LLS1RLS1SCC-SD-SPT696,6400 - WT,Spectrum Dove,RENAME,NC->NCI: NC6400-WT-696-1LLS1RLS1SCC-SD-SPT696 -> NCI6400-WT-696-1LLS1RLS1SCC-SD-SPT696,OK
NCI6400-WT-696-4SR-RHA,6400 - WT,Relate Harbor,RENAME,NC->NCI: NC6400-WT-696-4SR-RHA -> NCI6400-WT-696-4SR-RHA,OK
NCI6400-WT-696-1LLS1RLS1SCC1CT-SC,6400 - WT,Spectrum Cilantro,RENAME,NC->NCI: NC6400-WT-696-1LLS1RLS1SCC1CT-SC -> NCI6400-WT-696-1LLS1RLS1SCC1CT-SC,OK
NCI6400-WT-696-1LLS1RLS1SCC1MC1CT-RHA,6400 - WT,Relate Harbor,RENAME,NC->NCI: NC6400-WT-696-1LLS1RLS1SCC1MC1CT-RHA -> NCI6400-WT-696-1LLS1RLS1SCC1MC1CT-RHA,OK
NCI6400-WT-696-4SR-SD-SPT696,6400 - WT,Spectrum Dove,RENAME,NC->NCI: NC6400-WT-696-4SR-SD-SPT696 -> NCI6400-WT-696-4SR-SD-SPT696,OK
NCI6400-WT-696-1LLS1RLS1SCC1CT-SD-SPT696,6400 - WT,Spectrum Dove,RENAME,NC->NCI: NC6400-WT-696-1LLS1RLS1SCC1CT-SD-SPT696 -> NCI6400-WT-696-1LLS1RLS1SCC1CT-SD-SPT696,OK
NCI6400-WT-696-001-01-CV,6400 - WT,Canvas Navy,RENAME,NC->NCI: NC6400-WT-696-001-01-CV -> NCI6400-WT-696-001-01-CV,OK
NCI6400-WT-696-1LLS1RLS1SCC1CT-CV,6400 - WT,Canvas Navy,RENAME,NC->NCI: NC6400-WT-696-1LLS1RLS1SCC1CT-CV -> NCI6400-WT-696-1LLS1RLS1SCC1CT-CV,OK
NCI6400-WT-696-4SR-CV-SPT696,6400 - WT,Canvas Navy,RENAME,NC->NCI: NC6400-WT-696-4SR-CV-SPT696 -> NCI6400-WT-696-4SR-CV-SPT696,OK
NCI6400-WT-696-1LLS1RLS1SCC-BD,6400 - WT,Bliss Dew,RENAME,NC->NCI: NC6400-WT-696-1LLS1RLS1SCC-BD -> NCI6400-WT-696-1LLS1RLS1SCC-BD,OK
NCI6400-WT-696-4SR-RHA-SPT696,6400 - WT,Relate Harbor,RENAME,NC->NCI: NC6400-WT-696-4SR-RHA-SPT696 -> NCI6400-WT-696-4SR-RHA-SPT696,OK
NCI6400-WT-696-1LLS1RLS1SCC1MC1CT-CW,6400 - WT,Canvas White,RENAME,NC->NCI: NC6400-WT-696-1LLS1RLS1SCC1MC1CT-CW -> NCI6400-WT-696-1LLS1RLS1SCC1MC1CT-CW,OK
NCI6400-WT-696-4SR-CW,6400 - WT,Canvas White,RENAME,NC->NCI: NC6400-WT-696-4SR-CW -> NCI6400-WT-696-4SR-CW,OK
NCI6400-WT-696-001-01-RHA,6400 - WT,Relate Harbor,RENAME,NC->NCI: NC6400-WT-696-001-01-RHA -> NCI6400-WT-696-001-01-RHA,OK
NCI6400-WT-696-4SR-SC-SPT696,6400 - WT,Spectrum Cilantro,RENAME,NC->NCI: NC6400-WT-696-4SR-SC-SPT696 -> NCI6400-WT-696-4SR-SC-SPT696,OK
NCI6400-WT-696-001-01-CW,6400 - WT,Canvas White,RENAME,NC->NCI: NC6400-WT-696-001-01-CW -> NCI6400-WT-696-001-01-CW,OK
NCI6400-WT-696-001-01-DD,6400 - WT,Direction Dew,RENAME,NC->NCI: NC6400-WT-696-001-01-DD -> NCI6400-WT-696-001-01-DD,OK
NCI6400-WT-696-4SR-DD-SPT696,6400 - WT,Direction Dew,RENAME,NC->NCI: NC6400-WT-696-4SR-DD-SPT696 -> NCI6400-WT-696-4SR-DD-SPT696,OK
NCI6400-WT-696-4SR-BD-SPT696,6400 - WT,Bliss Dew,RENAME,NC->NCI: NC6400-WT-696-4SR-BD-SPT696 -> NCI6400-WT-696-4SR-BD-SPT696,OK
NCI6400-WT-696-1LLS1RLS1SCC1MC1CT-CW-SPT696,6400 - WT,Canvas White,RENAME,NC->NCI: NC6400-WT-696-1LLS1RLS1SCC1MC1CT-CW-SPT696 -> NCI6400-WT-696-1LLS1RLS1SCC1MC1CT-CW-SPT696,OK
NCI6400-WT-696-1LLS1RLS1SCC1MC1CT-SD-SPT696,6400 - WT,Spectrum Dove,RENAME,NC->NCI: NC6400-WT-696-1LLS1RLS1SCC1MC1CT-SD-SPT696 -> NCI6400-WT-696-1LLS1RLS1SCC1MC1CT-SD-SPT696,OK
NCI6400-WT-696-1LLS1RLS1SCC1CT-RHA,6400 - WT,Relate Harbor,RENAME,NC->NCI: NC6400-WT-696-1LLS1RLS1SCC1CT-RHA -> NCI6400-WT-696-1LLS1RLS1SCC1CT-RHA,OK
NCI6400-WT-696-4SR-SC,6400 - WT,Spectrum Cilantro,RENAME,NC->NCI: NC6400-WT-696-4SR-SC -> NCI6400-WT-696-4SR-SC,OK
NCI6400-WT-696-2C13S1CT2ET-SD,6400 - WT,Spectrum Dove,RENAME,NC->NCI: NC6400-WT-696-2C13S1CT2ET-SD -> NCI6400-WT-696-2C13S1CT2ET-SD,OK
NCI6400-WT-696-4SR-SD,6400 - WT,Spectrum Dove,RENAME,NC->NCI: NC6400-WT-696-4SR-SD -> NCI6400-WT-696-4SR-SD,OK
NCI6400-WT-696-2C13S1CT2ET-BD-SPT696,6400 - WT,Bliss Dew,RENAME,NC->NCI: NC6400-WT-696-2C13S1CT2ET-BD-SPT696 -> NCI6400-WT-696-2C13S1CT2ET-BD-SPT696,OK
NCI6400-WT-696-4SR-DD,6400 - WT,Direction Dew,RENAME,NC->NCI: NC6400-WT-696-4SR-DD -> NCI6400-WT-696-4SR-DD,OK
NCI6400-WT-696-1LLS1RLS1SCC1CT-SD,6400 - WT,Spectrum Dove,RENAME,NC->NCI: NC6400-WT-696-1LLS1RLS1SCC1CT-SD -> NCI6400-WT-696-1LLS1RLS1SCC1CT-SD,OK
NCI6400-WT-696-2C13S1CT2ET-CW,6400 - WT,Canvas White,RENAME,NC->NCI: NC6400-WT-696-2C13S1CT2ET-CW -> NCI6400-WT-696-2C13S1CT2ET-CW,OK
NCI6400-WT-696-1LLS1RLS1SCC1MC1CT-DD,6400 - WT,Direction Dew,RENAME,NC->NCI: NC6400-WT-696-1LLS1RLS1SCC1MC1CT-DD -> NCI6400-WT-696-1LLS1RLS1SCC1MC1CT-DD,OK
NCI6400-WT-696-1LLS1RLS1SCC1MC1CT-BD,6400 - WT,Bliss Dew,RENAME,NC->NCI: NC6400-WT-696-1LLS1RLS1SCC1MC1CT-BD -> NCI6400-WT-696-1LLS1RLS1SCC1MC1CT-BD,OK
NCI6400-WT-696-2C13S1CT2ET-BD,6400 - WT,Bliss Dew,RENAME,NC->NCI: NC6400-WT-696-2C13S1CT2ET-BD -> NCI6400-WT-696-2C13S1CT2ET-BD,OK
NCI6400-WT-696-1LLS1RLS1SCC1MC1CT-CV,6400 - WT,Canvas Navy,RENAME,NC->NCI: NC6400-WT-696-1LLS1RLS1SCC1MC1CT-CV -> NCI6400-WT-696-1LLS1RLS1SCC1MC1CT-CV,OK
NCI6400-WT-696-1LLS1RLS1SCC1MC1CT-SD,6400 - WT,Spectrum Dove,RENAME,NC->NCI: NC6400-WT-696-1LLS1RLS1SCC1MC1CT-SD -> NCI6400-WT-696-1LLS1RLS1SCC1MC1CT-SD,OK
NCI6400-WT-696-2C13S1CT2ET-CW-SPT696,6400 - WT,Canvas White,RENAME,NC->NCI: NC6400-WT-696-2C13S1CT2ET-CW-SPT696 -> NCI6400-WT-696-2C13S1CT2ET-CW-SPT696,OK
NCI6400-WT-696-2C13S1CT2ET-CV-SPT696,6400 - WT,Canvas Navy,RENAME,NC->NCI: NC6400-WT-696-2C13S1CT2ET-CV-SPT696 -> NCI6400-WT-696-2C13S1CT2ET-CV-SPT696,OK
NCI6400-WT-696-1LLS1RLS1SCC1CT-DD,6400 - WT,Direction Dew,RENAME,NC->NCI: NC6400-WT-696-1LLS1RLS1SCC1CT-DD -> NCI6400-WT-696-1LLS1RLS1SCC1CT-DD,OK
NCI6400-WT-696-2C13S1CT2ET-CV,6400 - WT,Canvas Navy,RENAME,NC->NCI: NC6400-WT-696-2C13S1CT2ET-CV -> NCI6400-WT-696-2C13S1CT2ET-CV,OK
NCI6400-WT-696-2C1CT1LS-DD,6400 - WT,Direction Dew,RENAME,NC->NCI: NC6400-WT-696-2C1CT1LS-DD -> NCI6400-WT-696-2C1CT1LS-DD,OK
NCI6400-WT-696-2C13S1CT2ET-SD-SPT696,6400 - WT,Spectrum Dove,RENAME,NC->NCI: NC6400-WT-696-2C13S1CT2ET-SD-SPT696 -> NCI6400-WT-696-2C13S1CT2ET-SD-SPT696,OK
NCI6400-WT-696-2C13S1CT2ET-RHA-SPT696,6400 - WT,Relate Harbor,RENAME,NC->NCI: NC6400-WT-696-2C13S1CT2ET-RHA-SPT696 -> NCI6400-WT-696-2C13S1CT2ET-RHA-SPT696,OK
NCI6400-WT-696-1LLS1RLS1SCC1MC1CT-RHA-SPT696,6400 - WT,Relate Harbor,RENAME,NC->NCI: NC6400-WT-696-1LLS1RLS1SCC1MC1CT-RHA-SPT696 -> NCI6400-WT-696-1LLS1RLS1SCC1MC1CT-RHA-SPT696,OK
NCI6400-WT-696-2C13S1CT2ET-DD,6400 - WT,Direction Dew,RENAME,NC->NCI: NC6400-WT-696-2C13S1CT2ET-DD -> NCI6400-WT-696-2C13S1CT2ET-DD,OK
NCI6400-WT-696-2C13S1CT2ET-SC-SPT696,6400 - WT,Spectrum Cilantro,RENAME,NC->NCI: NC6400-WT-696-2C13S1CT2ET-SC-SPT696 -> NCI6400-WT-696-2C13S1CT2ET-SC-SPT696,OK
NCI6400-WT-696-2C13S1CT2ET-RHA,6400 - WT,Relate Harbor,RENAME,NC->NCI: NC6400-WT-696-2C13S1CT2ET-RHA -> NCI6400-WT-696-2C13S1CT2ET-RHA,OK
NCI6400-WT-696-2C1CT1LS-DD-SPT696,6400 - WT,Direction Dew,RENAME,NC->NCI: NC6400-WT-696-2C1CT1LS-DD-SPT696 -> NCI6400-WT-696-2C1CT1LS-DD-SPT696,OK
NCI6400-WT-696-2C13S1CT2ET-DD-SPT696,6400 - WT,Direction Dew,RENAME,NC->NCI: NC6400-WT-696-2C13S1CT2ET-DD-SPT696 -> NCI6400-WT-696-2C13S1CT2ET-DD-SPT696,OK
NCI6400-WT-696-2C13S1CT2ET-SC,6400 - WT,Spectrum Cilantro,RENAME,NC->NCI: NC6400-WT-696-2C13S1CT2ET-SC -> NCI6400-WT-696-2C13S1CT2ET-SC,OK
NCI6400-WT-696-001-01-SD,6400 - WT,Spectrum Dove,RENAME,NC->NCI: NC6400-WT-696-001-01-SD -> NCI6400-WT-696-001-01-SD,OK
NCI6400-WT-696-001-01,6400 - WT,Bliss Dew,RENAME,NC->NCI: NC6400-WT-696-001-01 -> NCI6400-WT-696-001-01,OK
NCI6400-WT-696-1LLS1RLS1SCC1MC1CT-BD-SPT696,6400 - WT,Bliss Dew,RENAME,NC->NCI: NC6400-WT-696-1LLS1RLS1SCC1MC1CT-BD-SPT696 -> NCI6400-WT-696-1LLS1RLS1SCC1MC1CT-BD-SPT696,OK
NCI6400-WT-696-1LLS1RLS1SCC1CT-CV-SPT696,6400 - WT,Canvas Navy,RENAME,NC->NCI: NC6400-WT-696-1LLS1RLS1SCC1CT-CV-SPT696 -> NCI6400-WT-696-1LLS1RLS1SCC1CT-CV-SPT696,OK
NCI6400-WT-696-1LLS1RLS1SCC1MC1CT-CV-SPT696,6400 - WT,Canvas Navy,RENAME,NC->NCI: NC6400-WT-696-1LLS1RLS1SCC1MC1CT-CV-SPT696 -> NCI6400-WT-696-1LLS1RLS1SCC1MC1CT-CV-SPT696,OK
NCI6400DC-WT-696-01,6400 - WT,Dining Chair,RENAME,NC->NCI: NC6400DC-WT-696-01 -> NCI6400DC-WT-696-01,OK
NCI6400-WT-696-001-01-CV-SPT696,6400 - WT,Canvas Navy,RENAME,NC->NCI: NC6400-WT-696-001-01-CV-SPT696 -> NCI6400-WT-696-001-01-CV-SPT696,OK
NCI6400-WT-696-001-01-SC,6400 - WT,Spectrum Cilantro,RENAME,NC->NCI: NC6400-WT-696-001-01-SC -> NCI6400-WT-696-001-01-SC,OK
NCI6400SECT-WT-696-052-01-CW-SPT696,6400 - WT,Canvas White,RENAME,NC->NCI: NC6400SECT-WT-696-052-01-CW-SPT696 -> NCI6400SECT-WT-696-052-01-CW-SPT696,OK
NCI6400-WT-696-001-01-DD-SPT696,6400 - WT,Direction Dew,RENAME,NC->NCI: NC6400-WT-696-001-01-DD-SPT696 -> NCI6400-WT-696-001-01-DD-SPT696,OK
NCI6400-WT-696-001-01-CW-SPT696,6400 - WT,Canvas White,RENAME,NC->NCI: NC6400-WT-696-001-01-CW-SPT696 -> NCI6400-WT-696-001-01-CW-SPT696,OK
NCI6400-WT-696-001-01-SD-SPT696,6400 - WT,Spectrum Dove,RENAME,NC->NCI: NC6400-WT-696-001-01-SD-SPT696 -> NCI6400-WT-696-001-01-SD-SPT696,OK
NCI6400-WT-696-001-01-RHA-SPT696,6400 - WT,Relate Harbor,RENAME,NC->NCI: NC6400-WT-696-001-01-RHA-SPT696 -> NCI6400-WT-696-001-01-RHA-SPT696,OK
NCI6400SECT-WT-696-052-01-DD-SPT696,6400 - WT,Direction Dew,RENAME,NC->NCI: NC6400SECT-WT-696-052-01-DD-SPT696 -> NCI6400SECT-WT-696-052-01-DD-SPT696,OK
NCI6400-WT-696-001-01-SC-SPT696,6400 - WT,Spectrum Cilantro,RENAME,NC->NCI: NC6400-WT-696-001-01-SC-SPT696 -> NCI6400-WT-696-001-01-SC-SPT696,OK
NCI6400SECT-WT-696-052-01-CV-SPT696,6400 - WT,Canvas Navy,RENAME,NC->NCI: NC6400SECT-WT-696-052-01-CV-SPT696 -> NCI6400SECT-WT-696-052-01-CV-SPT696,OK
NCI6400SECT-WT-696-052-01-DD,6400 - WT,Direction Dew,RENAME,NC->NCI: NC6400SECT-WT-696-052-01-DD -> NCI6400SECT-WT-696-052-01-DD,OK
NCI6400SECT-WT-696-052-01-RHA-SPT696,6400 - WT,Relate Harbor,RENAME,NC->NCI: NC6400SECT-WT-696-052-01-RHA-SPT696 -> NCI6400SECT-WT-696-052-01-RHA-SPT696,OK
NCI6400SECT-WT-696-052-01-SC-SPT696,6400 - WT,Spectrum Cilantro,RENAME,NC->NCI: NC6400SECT-WT-696-052-01-SC-SPT696 -> NCI6400SECT-WT-696-052-01-SC-SPT696,OK
NCI6400SECT-WT-696-052-01-SD-SPT696,6400 - WT,Spectrum Dove,RENAME,NC->NCI: NC6400SECT-WT-696-052-01-SD-SPT696 -> NCI6400SECT-WT-696-052-01-SD-SPT696,OK
NCI6400-WT-696-002-01-DD,6400 - WT,Direction Dew,RENAME,NC->NCI: NC6400-WT-696-002-01-DD -> NCI6400-WT-696-002-01-DD,OK
NCI6400SECT-WT-696-052-01-BD-SPT696,6400 - WT,Bliss Dew,RENAME,NC->NCI: NC6400SECT-WT-696-052-01-BD-SPT696 -> NCI6400SECT-WT-696-052-01-BD-SPT696,OK
NCI6400-WT-696-068-01-DD,6400 - WT,Direction Dew,RENAME,NC->NCI: NC6400-WT-696-068-01-DD -> NCI6400-WT-696-068-01-DD,OK
NCI6400-WT-696-068-01-CV,6400 - WT,Canvas Navy,RENAME,NC->NCI: NC6400-WT-696-068-01-CV -> NCI6400-WT-696-068-01-CV,OK
NCI6400-WT-696-002-01-DD-SPT696,6400 - WT,Direction Dew,RENAME,NC->NCI: NC6400-WT-696-002-01-DD-SPT696 -> NCI6400-WT-696-002-01-DD-SPT696,OK
NCI6400-WT-696-068-01-BD,6400 - WT,Bliss Dew,RENAME,NC->NCI: NC6400-WT-696-068-01-BD -> NCI6400-WT-696-068-01-BD,OK
NCI6400-WT-696-068-01-CW,6400 - WT,Canvas White,RENAME,NC->NCI: NC6400-WT-696-068-01-CW -> NCI6400-WT-696-068-01-CW,OK
NCI6400-WT-696-068-01-RHA,6400 - WT,Relate Harbor,RENAME,NC->NCI: NC6400-WT-696-068-01-RHA -> NCI6400-WT-696-068-01-RHA,OK
NCI6400-WT-696-068-01-SD,6400 - WT,Spectrum Dove,RENAME,NC->NCI: NC6400-WT-696-068-01-SD -> NCI6400-WT-696-068-01-SD,OK
NCI6400-WT-696-001-01-SPT696,6400 - WT,Bliss Dew,RENAME,NC->NCI: NC6400-WT-696-001-01-SPT696 -> NCI6400-WT-696-001-01-SPT696,OK
NCI6400-WT-696-068-01-SC,6400 - WT,Spectrum Cilantro,RENAME,NC->NCI: NC6400-WT-696-068-01-SC -> NCI6400-WT-696-068-01-SC,OK
NCI6400SECT-WT-696-053-01-DD,6400 - WT,Direction Dew,RENAME,NC->NCI: NC6400SECT-WT-696-053-01-DD -> NCI6400SECT-WT-696-053-01-DD,OK
NCI6400SECT-WT-696-053-01-BD-SPT696,6400 - WT,Bliss Dew,RENAME,NC->NCI: NC6400SECT-WT-696-053-01-BD-SPT696 -> NCI6400SECT-WT-696-053-01-BD-SPT696,OK
NCI6400SECT-WT-696-053-01-DD-SPT696,6400 - WT,Direction Dew,RENAME,NC->NCI: NC6400SECT-WT-696-053-01-DD-SPT696 -> NCI6400SECT-WT-696-053-01-DD-SPT696,OK
NCI6400SECT-WT-696-053-01-RHA-SPT696,6400 - WT,Relate Harbor,RENAME,NC->NCI: NC6400SECT-WT-696-053-01-RHA-SPT696 -> NCI6400SECT-WT-696-053-01-RHA-SPT696,OK
NCI6400SECT-WT-696-053-01-SC-SPT696,6400 - WT,Spectrum Cilantro,RENAME,NC->NCI: NC6400SECT-WT-696-053-01-SC-SPT696 -> NCI6400SECT-WT-696-053-01-SC-SPT696,OK
NCI6400-WT-696-260-01-CV-SPT696,6400 - WT,Canvas Navy,RENAME,NC->NCI: NC6400-WT-696-260-01-CV-SPT696 -> NCI6400-WT-696-260-01-CV-SPT696,OK
NCI6400SECT-WT-696-053-01-CW-SPT696,6400 - WT,Canvas White,RENAME,NC->NCI: NC6400SECT-WT-696-053-01-CW-SPT696 -> NCI6400SECT-WT-696-053-01-CW-SPT696,OK
NCI6400SECT-WT-696-053-01-CV-SPT696,6400 - WT,Canvas Navy,RENAME,NC->NCI: NC6400SECT-WT-696-053-01-CV-SPT696 -> NCI6400SECT-WT-696-053-01-CV-SPT696,OK
NCI6400-WT-696-260-01-CW-SPT696,6400 - WT,Canvas White,RENAME,NC->NCI: NC6400-WT-696-260-01-CW-SPT696 -> NCI6400-WT-696-260-01-CW-SPT696,OK
NCI6400-WT-696-260-01-RHA,6400 - WT,Relate Harbor,RENAME,NC->NCI: NC6400-WT-696-260-01-RHA -> NCI6400-WT-696-260-01-RHA,OK
NCI6400-WT-696-260-01-DD-SPT696,6400 - WT,Direction Dew,RENAME,NC->NCI: NC6400-WT-696-260-01-DD-SPT696 -> NCI6400-WT-696-260-01-DD-SPT696,OK
NCI6400-WT-739-1C1SR1LS13S1CT2CET1OT-SC,6400 - WT,Spectrum Cilantro,RENAME,NC->NCI: NC6400-WT-739-1C1SR1LS13S1CT2CET1OT-SC -> NCI6400-WT-739-1C1SR1LS13S1CT2CET1OT-SC,OK
NCI6400-WT-696-260-01-RHA-SPT696,6400 - WT,Relate Harbor,RENAME,NC->NCI: NC6400-WT-696-260-01-RHA-SPT696 -> NCI6400-WT-696-260-01-RHA-SPT696,OK
NCI6400-WT-696-260-01-SD,6400 - WT,Spectrum Dove,RENAME,NC->NCI: NC6400-WT-696-260-01-SD -> NCI6400-WT-696-260-01-SD,OK
NCI6400-WT-696-260-01-CW,6400 - WT,Canvas White,RENAME,NC->NCI: NC6400-WT-696-260-01-CW -> NCI6400-WT-696-260-01-CW,OK
NCI6400-WT-696-260-01-DD,6400 - WT,Direction Dew,RENAME,NC->NCI: NC6400-WT-696-260-01-DD -> NCI6400-WT-696-260-01-DD,OK
NCI6400SECT-WT-696-053-01-SD-SPT696,6400 - WT,Spectrum Dove,RENAME,NC->NCI: NC6400SECT-WT-696-053-01-SD-SPT696 -> NCI6400SECT-WT-696-053-01-SD-SPT696,OK
NCI6400-WT-696-260-01-SC-SPT696,6400 - WT,Spectrum Cilantro,RENAME,NC->NCI: NC6400-WT-696-260-01-SC-SPT696 -> NCI6400-WT-696-260-01-SC-SPT696,OK
NCI6400-WT-739-1C1SR1LS13S1CT2CET1OT-SD,6400 - WT,Spectrum Dove,RENAME,NC->NCI: NC6400-WT-739-1C1SR1LS13S1CT2CET1OT-SD -> NCI6400-WT-739-1C1SR1LS13S1CT2CET1OT-SD,OK
NCI6400-WT-696-260-01-SC,6400 - WT,Spectrum Cilantro,RENAME,NC->NCI: NC6400-WT-696-260-01-SC -> NCI6400-WT-696-260-01-SC,OK
NCI6400-WT-739-1C1SR1LS13S1CT2CET1OT-BD,6400 - WT,Bliss Dew,RENAME,NC->NCI: NC6400-WT-739-1C1SR1LS13S1CT2CET1OT-BD -> NCI6400-WT-739-1C1SR1LS13S1CT2CET1OT-BD,OK
NCI6400-WT-696-260-01-SD-SPT696,6400 - WT,Spectrum Dove,RENAME,NC->NCI: NC6400-WT-696-260-01-SD-SPT696 -> NCI6400-WT-696-260-01-SD-SPT696,OK
NCI6400-WT-739-1C1SR1LS13S1CT2CET1OT-CV,6400 - WT,Canvas Navy,RENAME,NC->NCI: NC6400-WT-739-1C1SR1LS13S1CT2CET1OT-CV -> NCI6400-WT-739-1C1SR1LS13S1CT2CET1OT-CV,OK
NCI6400-WT-739-1C1SR1LS13S1CT2CET1OT-BD-SPT739,6400 - WT,Bliss Dew,RENAME,NC->NCI: NC6400-WT-739-1C1SR1LS13S1CT2CET1OT-BD-SPT739 -> NCI6400-WT-739-1C1SR1LS13S1CT2CET1OT-BD-SPT739,OK
NCI6400-WT-739-1LLS1RLS1CET-BD,6400 - WT,Bliss Dew,RENAME,NC->NCI: NC6400-WT-739-1LLS1RLS1CET-BD -> NCI6400-WT-739-1LLS1RLS1CET-BD,OK
NCI6400-WT-739-1LLS1RLS1CET-CV,6400 - WT,Canvas Navy,RENAME,NC->NCI: NC6400-WT-739-1LLS1RLS1CET-CV -> NCI6400-WT-739-1LLS1RLS1CET-CV,OK
NCI6400-WT-739-1C1SR1LS13S1CT2CET1OT-RHA-SPT739,6400 - WT,Relate Harbor,RENAME,NC->NCI: NC6400-WT-739-1C1SR1LS13S1CT2CET1OT-RHA-SPT739 -> NCI6400-WT-739-1C1SR1LS13S1CT2CET1OT-RHA-SPT739,OK
NCI6400-WT-739-1C1SR1LS13S1CT2CET1OT-RHA,6400 - WT,Relate Harbor,RENAME,NC->NCI: NC6400-WT-739-1C1SR1LS13S1CT2CET1OT-RHA -> NCI6400-WT-739-1C1SR1LS13S1CT2CET1OT-RHA,OK
NCI6400-WT-739-1LLS1RLS1CET-CW,6400 - WT,Canvas White,RENAME,NC->NCI: NC6400-WT-739-1LLS1RLS1CET-CW -> NCI6400-WT-739-1LLS1RLS1CET-CW,OK
NCI6400-WT-739-1C1SR1LS13S1CT2CET1OT-CW,6400 - WT,Canvas White,RENAME,NC->NCI: NC6400-WT-739-1C1SR1LS13S1CT2CET1OT-CW -> NCI6400-WT-739-1C1SR1LS13S1CT2CET1OT-CW,OK
NCI6400-WT-739-1LLS1RLS1CET-DD,6400 - WT,Direction Dew,RENAME,NC->NCI: NC6400-WT-739-1LLS1RLS1CET-DD -> NCI6400-WT-739-1LLS1RLS1CET-DD,OK
NCI6400-WT-739-1C1SR1LS13S1CT2CET1OT-DD,6400 - WT,Direction Dew,RENAME,NC->NCI: NC6400-WT-739-1C1SR1LS13S1CT2CET1OT-DD -> NCI6400-WT-739-1C1SR1LS13S1CT2CET1OT-DD,OK
NCI6400-WT-739-1C1SR1LS13S1CT2CET1OT-CW-SPT739,6400 - WT,Canvas White,RENAME,NC->NCI: NC6400-WT-739-1C1SR1LS13S1CT2CET1OT-CW-SPT739 -> NCI6400-WT-739-1C1SR1LS13S1CT2CET1OT-CW-SPT739,OK
NCI6400-WT-739-1LLS1RLS1CET-CV-SPT739,6400 - WT,Canvas Navy,RENAME,NC->NCI: NC6400-WT-739-1LLS1RLS1CET-CV-SPT739 -> NCI6400-WT-739-1LLS1RLS1CET-CV-SPT739,OK
NCI6400-WT-739-1LLS1RLS1CET-SC,6400 - WT,Spectrum Cilantro,RENAME,NC->NCI: NC6400-WT-739-1LLS1RLS1CET-SC -> NCI6400-WT-739-1LLS1RLS1CET-SC,OK
NCI6400-WT-739-1LLS1RLS1CET-RHA,6400 - WT,Relate Harbor,RENAME,NC->NCI: NC6400-WT-739-1LLS1RLS1CET-RHA -> NCI6400-WT-739-1LLS1RLS1CET-RHA,OK
NCI6400-WT-739-1LLS1RLS1CET-SD,6400 - WT,Spectrum Dove,RENAME,NC->NCI: NC6400-WT-739-1LLS1RLS1CET-SD -> NCI6400-WT-739-1LLS1RLS1CET-SD,OK
NCI6400-WT-739-1LLS1RLS1CET-CW-SPT739,6400 - WT,Canvas White,RENAME,NC->NCI: NC6400-WT-739-1LLS1RLS1CET-CW-SPT739 -> NCI6400-WT-739-1LLS1RLS1CET-CW-SPT739,OK
NCI6400-WT-739-1C1SR1LS13S1CT2CET1OT-SC-SPT739,6400 - WT,Spectrum Cilantro,RENAME,NC->NCI: NC6400-WT-739-1C1SR1LS13S1CT2CET1OT-SC-SPT739 -> NCI6400-WT-739-1C1SR1LS13S1CT2CET1OT-SC-SPT739,OK
NCI6400-WT-739-1C1SR1LS13S1CT2CET1OT-DD-SPT739,6400 - WT,Direction Dew,RENAME,NC->NCI: NC6400-WT-739-1C1SR1LS13S1CT2CET1OT-DD-SPT739 -> NCI6400-WT-739-1C1SR1LS13S1CT2CET1OT-DD-SPT739,OK
NCI6400-WT-739-1C1SR1LS13S1CT2CET1OT-SD-SPT739,6400 - WT,Spectrum Dove,RENAME,NC->NCI: NC6400-WT-739-1C1SR1LS13S1CT2CET1OT-SD-SPT739 -> NCI6400-WT-739-1C1SR1LS13S1CT2CET1OT-SD-SPT739,OK
NCI6400-WT-696-260-01-BD-SPT696,6400 - WT,Bliss Dew,RENAME,NC->NCI: NC6400-WT-696-260-01-BD-SPT696 -> NCI6400-WT-696-260-01-BD-SPT696,OK
NCI6400-WT-696-260-01-BD,6400 - WT,Bliss Dew,RENAME,NC->NCI: NC6400-WT-696-260-01-BD -> NCI6400-WT-696-260-01-BD,OK
NCI6400-WT-739-1LLS1RLS1CET-BD-SPT739,6400 - WT,Bliss Dew,RENAME,NC->NCI: NC6400-WT-739-1LLS1RLS1CET-BD-SPT739 -> NCI6400-WT-739-1LLS1RLS1CET-BD-SPT739,OK
NCI6400-WT-739-1LLS1RLS1CET-SC-SPT739,6400 - WT,Spectrum Cilantro,RENAME,NC->NCI: NC6400-WT-739-1LLS1RLS1CET-SC-SPT739 -> NCI6400-WT-739-1LLS1RLS1CET-SC-SPT739,OK
NCI6400-WT-739-1LLS1RLS1MC1CET-DD,6400 - WT,Direction Dew,RENAME,NC->NCI: NC6400-WT-739-1LLS1RLS1MC1CET-DD -> NCI6400-WT-739-1LLS1RLS1MC1CET-DD,OK
NCI6400-WT-739-1LLS1RLS1CET-SD-SPT739,6400 - WT,Spectrum Dove,RENAME,NC->NCI: NC6400-WT-739-1LLS1RLS1CET-SD-SPT739 -> NCI6400-WT-739-1LLS1RLS1CET-SD-SPT739,OK
NCI6400-WT-739-1LLS1RLS1MC1CET-BD,6400 - WT,Bliss Dew,RENAME,NC->NCI: NC6400-WT-739-1LLS1RLS1MC1CET-BD -> NCI6400-WT-739-1LLS1RLS1MC1CET-BD,OK
NCI6400-WT-739-1LLS1RLS1CET-RHA-SPT739,6400 - WT,Relate Harbor,RENAME,NC->NCI: NC6400-WT-739-1LLS1RLS1CET-RHA-SPT739 -> NCI6400-WT-739-1LLS1RLS1CET-RHA-SPT739,OK
NCI6400-WT-739-1LLS1RLS1MC1CET-CV,6400 - WT,Canvas Navy,RENAME,NC->NCI: NC6400-WT-739-1LLS1RLS1MC1CET-CV -> NCI6400-WT-739-1LLS1RLS1MC1CET-CV,OK
NCI6400-WT-739-1LLS1RLS1CET-DD-SPT739,6400 - WT,Direction Dew,RENAME,NC->NCI: NC6400-WT-739-1LLS1RLS1CET-DD-SPT739 -> NCI6400-WT-739-1LLS1RLS1CET-DD-SPT739,OK
NCI6400-WT-739-1LLS1RLS1MC1CET-CW,6400 - WT,Canvas White,RENAME,NC->NCI: NC6400-WT-739-1LLS1RLS1MC1CET-CW -> NCI6400-WT-739-1LLS1RLS1MC1CET-CW,OK
NCI6400-WT-739-1LLS1RLS1MC1CET-RHA,6400 - WT,Relate Harbor,RENAME,NC->NCI: NC6400-WT-739-1LLS1RLS1MC1CET-RHA -> NCI6400-WT-739-1LLS1RLS1MC1CET-RHA,OK
NCI6400-WT-739-1LLS1RLS1MC1CET-SC,6400 - WT,Spectrum Cilantro,RENAME,NC->NCI: NC6400-WT-739-1LLS1RLS1MC1CET-SC -> NCI6400-WT-739-1LLS1RLS1MC1CET-SC,OK
NCI6400-WT-739-1LLS1RLS1MC1CET-BD-SPT739,6400 - WT,Bliss Dew,RENAME,NC->NCI: NC6400-WT-739-1LLS1RLS1MC1CET-BD-SPT739 -> NCI6400-WT-739-1LLS1RLS1MC1CET-BD-SPT739,OK
NCI6400-WT-739-1LLS1RLS1MC1CET-SD,6400 - WT,Spectrum Dove,RENAME,NC->NCI: NC6400-WT-739-1LLS1RLS1MC1CET-SD -> NCI6400-WT-739-1LLS1RLS1MC1CET-SD,OK
NCI6400-WT-739-1LLS1RLS1MC1CET-CV-SPT739,6400 - WT,Canvas Navy,RENAME,NC->NCI: NC6400-WT-739-1LLS1RLS1MC1CET-CV-SPT739 -> NCI6400-WT-739-1LLS1RLS1MC1CET-CV-SPT739,OK
NCI6400-WT-739-1LLS1RLS1MC1CET-DD-SPT739,6400 - WT,Direction Dew,RENAME,NC->NCI: NC6400-WT-739-1LLS1RLS1MC1CET-DD-SPT739 -> NCI6400-WT-739-1LLS1RLS1MC1CET-DD-SPT739,OK
NCI6400-WT-739-1LLS1RLS1MC1CET-CW-SPT739,6400 - WT,Canvas White,RENAME,NC->NCI: NC6400-WT-739-1LLS1RLS1MC1CET-CW-SPT739 -> NCI6400-WT-739-1LLS1RLS1MC1CET-CW-SPT739,OK
NCI6400-WT-739-1LLS1RLS1MC1CET-RHA-SPT739,6400 - WT,Relate Harbor,RENAME,NC->NCI: NC6400-WT-739-1LLS1RLS1MC1CET-RHA-SPT739 -> NCI6400-WT-739-1LLS1RLS1MC1CET-RHA-SPT739,OK
NCI6400-WT-739-1LLS1RLS1MC1CET-SD-SPT739,6400 - WT,Spectrum Dove,RENAME,NC->NCI: NC6400-WT-739-1LLS1RLS1MC1CET-SD-SPT739 -> NCI6400-WT-739-1LLS1RLS1MC1CET-SD-SPT739,OK
NCI6400-WT-739-1LLS1RLS1MC1CET-SC-SPT739,6400 - WT,Spectrum Cilantro,RENAME,NC->NCI: NC6400-WT-739-1LLS1RLS1MC1CET-SC-SPT739 -> NCI6400-WT-739-1LLS1RLS1MC1CET-SC-SPT739,OK
NCI6400-WT-739-1LLS1RLS1MC1SCC-CV,6400 - WT,Canvas Navy,RENAME,NC->NCI: NC6400-WT-739-1LLS1RLS1MC1SCC-CV -> NCI6400-WT-739-1LLS1RLS1MC1SCC-CV,OK
NCI6400-WT-739-1LLS1RLS1MC1SCC-BD,6400 - WT,Bliss Dew,RENAME,NC->NCI: NC6400-WT-739-1LLS1RLS1MC1SCC-BD -> NCI6400-WT-739-1LLS1RLS1MC1SCC-BD,OK
NCI6400-WT-739-1LLS1RLS1MC1SCC-DD,6400 - WT,Direction Dew,RENAME,NC->NCI: NC6400-WT-739-1LLS1RLS1MC1SCC-DD -> NCI6400-WT-739-1LLS1RLS1MC1SCC-DD,OK
NCI6400-WT-739-1LLS1RLS1MC1SCC-CW,6400 - WT,Canvas White,RENAME,NC->NCI: NC6400-WT-739-1LLS1RLS1MC1SCC-CW -> NCI6400-WT-739-1LLS1RLS1MC1SCC-CW,OK
NCI6400-WT-739-1LLS1RLS1MC1SCC-SD,6400 - WT,Spectrum Dove,RENAME,NC->NCI: NC6400-WT-739-1LLS1RLS1MC1SCC-SD -> NCI6400-WT-739-1LLS1RLS1MC1SCC-SD,OK
NCI6400-WT-739-1LLS1RLS1MC1SCC-RHA,6400 - WT,Relate Harbor,RENAME,NC->NCI: NC6400-WT-739-1LLS1RLS1MC1SCC-RHA -> NCI6400-WT-739-1LLS1RLS1MC1SCC-RHA,OK
NCI6400-WT-739-1LLS1RLS1MC1SCC-CW-SPT739,6400 - WT,Canvas White,RENAME,NC->NCI: NC6400-WT-739-1LLS1RLS1MC1SCC-CW-SPT739 -> NCI6400-WT-739-1LLS1RLS1MC1SCC-CW-SPT739,OK
NCI6400-WT-739-1LLS1RLS1MC1SCC-CV-SPT739,6400 - WT,Canvas Navy,RENAME,NC->NCI: NC6400-WT-739-1LLS1RLS1MC1SCC-CV-SPT739 -> NCI6400-WT-739-1LLS1RLS1MC1SCC-CV-SPT739,OK
NCI6400-WT-739-1LLS1RLS1MC1SCC-SC,6400 - WT,Spectrum Cilantro,RENAME,NC->NCI: NC6400-WT-739-1LLS1RLS1MC1SCC-SC -> NCI6400-WT-739-1LLS1RLS1MC1SCC-SC,OK
NCI6400-WT-739-1LLS1RLS1MC1SCC-BD-SPT739,6400 - WT,Bliss Dew,RENAME,NC->NCI: NC6400-WT-739-1LLS1RLS1MC1SCC-BD-SPT739 -> NCI6400-WT-739-1LLS1RLS1MC1SCC-BD-SPT739,OK
NCI6400-WT-696-260-01-CV,6400 - WT,Canvas Navy,RENAME,NC->NCI: NC6400-WT-696-260-01-CV -> NCI6400-WT-696-260-01-CV,OK
NCI6400-WT-739-1LLS1RLS1MC1SCC-SC-SPT739,6400 - WT,Spectrum Cilantro,RENAME,NC->NCI: NC6400-WT-739-1LLS1RLS1MC1SCC-SC-SPT739 -> NCI6400-WT-739-1LLS1RLS1MC1SCC-SC-SPT739,OK
NCI6400-WT-739-1LLS1RLS1MC1SCC-SD-SPT739,6400 - WT,Spectrum Dove,RENAME,NC->NCI: NC6400-WT-739-1LLS1RLS1MC1SCC-SD-SPT739 -> NCI6400-WT-739-1LLS1RLS1MC1SCC-SD-SPT739,OK
NCI6400-WT-739-1LLS1RLS1MC1SCC-DD-SPT739,6400 - WT,Direction Dew,RENAME,NC->NCI: NC6400-WT-739-1LLS1RLS1MC1SCC-DD-SPT739 -> NCI6400-WT-739-1LLS1RLS1MC1SCC-DD-SPT739,OK
NCI6400-WT-739-1LLS1RLS1MC1SCC-RHA-SPT739,6400 - WT,Relate Harbor,RENAME,NC->NCI: NC6400-WT-739-1LLS1RLS1MC1SCC-RHA-SPT739 -> NCI6400-WT-739-1LLS1RLS1MC1SCC-RHA-SPT739,OK
NCI6400-WT-739-1C1SR1LS13S1CT2CET1OT-CV-SPT739,6400 - WT,Canvas Navy,RENAME,NC->NCI: NC6400-WT-739-1C1SR1LS13S1CT2CET1OT-CV-SPT739 -> NCI6400-WT-739-1C1SR1LS13S1CT2CET1OT-CV-SPT739,OK
NCI6400-WT-739-1LLS1RLS1SCC-BD,6400 - WT,Bliss Dew,RENAME,NC->NCI: NC6400-WT-739-1LLS1RLS1SCC-BD -> NCI6400-WT-739-1LLS1RLS1SCC-BD,OK
NCI6400-WT-739-1LLS1RLS1SCC-CW,6400 - WT,Canvas White,RENAME,NC->NCI: NC6400-WT-739-1LLS1RLS1SCC-CW -> NCI6400-WT-739-1LLS1RLS1SCC-CW,OK
NCI6400-WT-739-1LLS1RLS1SCC-RHA,6400 - WT,Relate Harbor,RENAME,NC->NCI: NC6400-WT-739-1LLS1RLS1SCC-RHA -> NCI6400-WT-739-1LLS1RLS1SCC-RHA,OK
NCI6400-WT-739-1LLS1RLS1SCC-DD-SPT739,6400 - WT,Direction Dew,RENAME,NC->NCI: NC6400-WT-739-1LLS1RLS1SCC-DD-SPT739 -> NCI6400-WT-739-1LLS1RLS1SCC-DD-SPT739,OK
NCI6400-WT-739-1LLS1RLS1SCC-CV-SPT739,6400 - WT,Canvas Navy,RENAME,NC->NCI: NC6400-WT-739-1LLS1RLS1SCC-CV-SPT739 -> NCI6400-WT-739-1LLS1RLS1SCC-CV-SPT739,OK
NCI6400-WT-739-1LLS1RLS1SCC-SD,6400 - WT,Spectrum Dove,RENAME,NC->NCI: NC6400-WT-739-1LLS1RLS1SCC-SD -> NCI6400-WT-739-1LLS1RLS1SCC-SD,OK
NCI6400-WT-739-1LLS1RLS1SCC-DD,6400 - WT,Direction Dew,RENAME,NC->NCI: NC6400-WT-739-1LLS1RLS1SCC-DD -> NCI6400-WT-739-1LLS1RLS1SCC-DD,OK
NCI6400-WT-739-1LLS1RLS1SCC-CW-SPT739,6400 - WT,Canvas White,RENAME,NC->NCI: NC6400-WT-739-1LLS1RLS1SCC-CW-SPT739 -> NCI6400-WT-739-1LLS1RLS1SCC-CW-SPT739,OK
NCI6400-WT-739-1LLS1RLS1SCC-SC,6400 - WT,Spectrum Cilantro,RENAME,NC->NCI: NC6400-WT-739-1LLS1RLS1SCC-SC -> NCI6400-WT-739-1LLS1RLS1SCC-SC,OK
NCI6400-WT-739-1LLS1RLS1SCC-CV,6400 - WT,Canvas Navy,RENAME,NC->NCI: NC6400-WT-739-1LLS1RLS1SCC-CV -> NCI6400-WT-739-1LLS1RLS1SCC-CV,OK
NCI6400-WT-739-1LLS1RLS1SCC-SD-SPT739,6400 - WT,Spectrum Dove,RENAME,NC->NCI: NC6400-WT-739-1LLS1RLS1SCC-SD-SPT739 -> NCI6400-WT-739-1LLS1RLS1SCC-SD-SPT739,OK
NCI6400-WT-739-1LLS1RLS1SCC1CT-BD,6400 - WT,Bliss Dew,RENAME,NC->NCI: NC6400-WT-739-1LLS1RLS1SCC1CT-BD -> NCI6400-WT-739-1LLS1RLS1SCC1CT-BD,OK
NCI6400-WT-739-1LLS1RLS1SCC-BD-SPT739,6400 - WT,Bliss Dew,RENAME,NC->NCI: NC6400-WT-739-1LLS1RLS1SCC-BD-SPT739 -> NCI6400-WT-739-1LLS1RLS1SCC-BD-SPT739,OK
NCI6400-WT-739-1LLS1RLS1SCC-RHA-SPT739,6400 - WT,Relate Harbor,RENAME,NC->NCI: NC6400-WT-739-1LLS1RLS1SCC-RHA-SPT739 -> NCI6400-WT-739-1LLS1RLS1SCC-RHA-SPT739,OK
NCI6400-WT-739-1LLS1RLS1SCC-SC-SPT739,6400 - WT,Spectrum Cilantro,RENAME,NC->NCI: NC6400-WT-739-1LLS1RLS1SCC-SC-SPT739 -> NCI6400-WT-739-1LLS1RLS1SCC-SC-SPT739,OK
NCI6400-WT-739-1LLS1RLS1SCC1CT-CW,6400 - WT,Canvas White,RENAME,NC->NCI: NC6400-WT-739-1LLS1RLS1SCC1CT-CW -> NCI6400-WT-739-1LLS1RLS1SCC1CT-CW,OK
NCI6400-WT-739-1LLS1RLS1SCC1CT-RHA,6400 - WT,Relate Harbor,RENAME,NC->NCI: NC6400-WT-739-1LLS1RLS1SCC1CT-RHA -> NCI6400-WT-739-1LLS1RLS1SCC1CT-RHA,OK
NCI6400-WT-739-1LLS1RLS1SCC1CT-BD-SPT739,6400 - WT,Bliss Dew,RENAME,NC->NCI: NC6400-WT-739-1LLS1RLS1SCC1CT-BD-SPT739 -> NCI6400-WT-739-1LLS1RLS1SCC1CT-BD-SPT739,OK
NCI6400-WT-739-1LLS1RLS1SCC1CT-RHA-SPT739,6400 - WT,Relate Harbor,RENAME,NC->NCI: NC6400-WT-739-1LLS1RLS1SCC1CT-RHA-SPT739 -> NCI6400-WT-739-1LLS1RLS1SCC1CT-RHA-SPT739,OK
NCI6400-WT-739-1LLS1RLS1SCC1CT-SC-SPT739,6400 - WT,Spectrum Cilantro,RENAME,NC->NCI: NC6400-WT-739-1LLS1RLS1SCC1CT-SC-SPT739 -> NCI6400-WT-739-1LLS1RLS1SCC1CT-SC-SPT739,OK
NCI6400-WT-739-1LLS1RLS1SCC1MC1CT-CW-SPT739,6400 - WT,Canvas White,RENAME,NC->NCI: NC6400-WT-739-1LLS1RLS1SCC1MC1CT-CW-SPT739 -> NCI6400-WT-739-1LLS1RLS1SCC1MC1CT-CW-SPT739,OK
NCI6400-WT-739-1LLS1RLS1SCC1MC1CT-DD-SPT739,6400 - WT,Direction Dew,RENAME,NC->NCI: NC6400-WT-739-1LLS1RLS1SCC1MC1CT-DD-SPT739 -> NCI6400-WT-739-1LLS1RLS1SCC1MC1CT-DD-SPT739,OK
NCI6400-WT-739-1LLS1RLS1SCC1MC1CT-DD,6400 - WT,Direction Dew,RENAME,NC->NCI: NC6400-WT-739-1LLS1RLS1SCC1MC1CT-DD -> NCI6400-WT-739-1LLS1RLS1SCC1MC1CT-DD,OK
NCI6400-WT-739-1LLS1RLS1SCC1MC1CT-SD,6400 - WT,Spectrum Dove,RENAME,NC->NCI: NC6400-WT-739-1LLS1RLS1SCC1MC1CT-SD -> NCI6400-WT-739-1LLS1RLS1SCC1MC1CT-SD,OK
NCI6400-WT-739-1LLS1RLS1SCC1CT-SD,6400 - WT,Spectrum Dove,RENAME,NC->NCI: NC6400-WT-739-1LLS1RLS1SCC1CT-SD -> NCI6400-WT-739-1LLS1RLS1SCC1CT-SD,OK
NCI6400-WT-739-1LLS1RLS1SCC1CT-CW-SPT739,6400 - WT,Canvas White,RENAME,NC->NCI: NC6400-WT-739-1LLS1RLS1SCC1CT-CW-SPT739 -> NCI6400-WT-739-1LLS1RLS1SCC1CT-CW-SPT739,OK
NCI6400-WT-739-1LLS1RLS1SCC1CT-CV-SPT739,6400 - WT,Canvas Navy,RENAME,NC->NCI: NC6400-WT-739-1LLS1RLS1SCC1CT-CV-SPT739 -> NCI6400-WT-739-1LLS1RLS1SCC1CT-CV-SPT739,OK
NCI6400-WT-739-1LLS1RLS1SCC1MC1CT-BD,6400 - WT,Bliss Dew,RENAME,NC->NCI: NC6400-WT-739-1LLS1RLS1SCC1MC1CT-BD -> NCI6400-WT-739-1LLS1RLS1SCC1MC1CT-BD,OK
NCI6400-WT-739-1LLS1RLS1SCC1MC1CT-RHA,6400 - WT,Relate Harbor,RENAME,NC->NCI: NC6400-WT-739-1LLS1RLS1SCC1MC1CT-RHA -> NCI6400-WT-739-1LLS1RLS1SCC1MC1CT-RHA,OK
NCI6400-WT-739-1LLS1RLS1SCC1MC1CT-CV-SPT739,6400 - WT,Canvas Navy,RENAME,NC->NCI: NC6400-WT-739-1LLS1RLS1SCC1MC1CT-CV-SPT739 -> NCI6400-WT-739-1LLS1RLS1SCC1MC1CT-CV-SPT739,OK
NCI6400-WT-739-2C13S1CT2ET-DD,6400 - WT,Direction Dew,RENAME,NC->NCI: NC6400-WT-739-2C13S1CT2ET-DD -> NCI6400-WT-739-2C13S1CT2ET-DD,OK
NCI6400-WT-739-1LLS1RLS1SCC1CT-CV,6400 - WT,Canvas Navy,RENAME,NC->NCI: NC6400-WT-739-1LLS1RLS1SCC1CT-CV -> NCI6400-WT-739-1LLS1RLS1SCC1CT-CV,OK
NCI6400-WT-739-2C13S1CT2ET-CV-SPT739,6400 - WT,Canvas Navy,RENAME,NC->NCI: NC6400-WT-739-2C13S1CT2ET-CV-SPT739 -> NCI6400-WT-739-2C13S1CT2ET-CV-SPT739,OK
NCI6400-WT-739-1LLS1RLS1SCC1MC1CT-CV,6400 - WT,Canvas Navy,RENAME,NC->NCI: NC6400-WT-739-1LLS1RLS1SCC1MC1CT-CV -> NCI6400-WT-739-1LLS1RLS1SCC1MC1CT-CV,OK
NCI6400-WT-739-2C13S1CT2ET-BD-SPT739,6400 - WT,Bliss Dew,RENAME,NC->NCI: NC6400-WT-739-2C13S1CT2ET-BD-SPT739 -> NCI6400-WT-739-2C13S1CT2ET-BD-SPT739,OK
NCI6400-WT-739-1LLS1RLS1SCC1CT-SD-SPT739,6400 - WT,Spectrum Dove,RENAME,NC->NCI: NC6400-WT-739-1LLS1RLS1SCC1CT-SD-SPT739 -> NCI6400-WT-739-1LLS1RLS1SCC1CT-SD-SPT739,OK
NCI6400-WT-739-1LLS1RLS1SCC1MC1CT-SC-SPT739,6400 - WT,Spectrum Cilantro,RENAME,NC->NCI: NC6400-WT-739-1LLS1RLS1SCC1MC1CT-SC-SPT739 -> NCI6400-WT-739-1LLS1RLS1SCC1MC1CT-SC-SPT739,OK
NCI6400-WT-739-2C13S1CT2ET-RHA,6400 - WT,Relate Harbor,RENAME,NC->NCI: NC6400-WT-739-2C13S1CT2ET-RHA -> NCI6400-WT-739-2C13S1CT2ET-RHA,OK
NCI6400-WT-739-1LLS1RLS1SCC1MC1CT-SD-SPT739,6400 - WT,Spectrum Dove,RENAME,NC->NCI: NC6400-WT-739-1LLS1RLS1SCC1MC1CT-SD-SPT739 -> NCI6400-WT-739-1LLS1RLS1SCC1MC1CT-SD-SPT739,OK
NCI6400-WT-739-1LLS1RLS1SCC1MC1CT-SC,6400 - WT,Spectrum Cilantro,RENAME,NC->NCI: NC6400-WT-739-1LLS1RLS1SCC1MC1CT-SC -> NCI6400-WT-739-1LLS1RLS1SCC1MC1CT-SC,OK
NCI6400-WT-739-2C1CT1LS-DD,6400 - WT,Direction Dew,RENAME,NC->NCI: NC6400-WT-739-2C1CT1LS-DD -> NCI6400-WT-739-2C1CT1LS-DD,OK
NCI6400-WT-739-1LLS1RLS1SCC1MC1CT-RHA-SPT739,6400 - WT,Relate Harbor,RENAME,NC->NCI: NC6400-WT-739-1LLS1RLS1SCC1MC1CT-RHA-SPT739 -> NCI6400-WT-739-1LLS1RLS1SCC1MC1CT-RHA-SPT739,OK
NCI6400-WT-739-2C13S1CT2ET-CW,6400 - WT,Canvas White,RENAME,NC->NCI: NC6400-WT-739-2C13S1CT2ET-CW -> NCI6400-WT-739-2C13S1CT2ET-CW,OK
NCI6400-WT-739-1LLS1RLS1SCC1MC1CT-BD-SPT739,6400 - WT,Bliss Dew,RENAME,NC->NCI: NC6400-WT-739-1LLS1RLS1SCC1MC1CT-BD-SPT739 -> NCI6400-WT-739-1LLS1RLS1SCC1MC1CT-BD-SPT739,OK
NCI6400-WT-739-2C13S1CT2ET-SD,6400 - WT,Spectrum Dove,RENAME,NC->NCI: NC6400-WT-739-2C13S1CT2ET-SD -> NCI6400-WT-739-2C13S1CT2ET-SD,OK
NCI6400-WT-739-1LLS1RLS1SCC1CT-SC,6400 - WT,Spectrum Cilantro,RENAME,NC->NCI: NC6400-WT-739-1LLS1RLS1SCC1CT-SC -> NCI6400-WT-739-1LLS1RLS1SCC1CT-SC,OK
NCI6400-WT-739-2C13S1CT2ET-CV,6400 - WT,Canvas Navy,RENAME,NC->NCI: NC6400-WT-739-2C13S1CT2ET-CV -> NCI6400-WT-739-2C13S1CT2ET-CV,OK
NCI6400-WT-739-2C13S1CT2ET-SC,6400 - WT,Spectrum Cilantro,RENAME,NC->NCI: NC6400-WT-739-2C13S1CT2ET-SC -> NCI6400-WT-739-2C13S1CT2ET-SC,OK
NCI6400-WT-739-2C13S1CT2ET-BD,6400 - WT,Bliss Dew,RENAME,NC->NCI: NC6400-WT-739-2C13S1CT2ET-BD -> NCI6400-WT-739-2C13S1CT2ET-BD,OK
NCI6400-WT-739-2C13S1CT2ET-DD-SPT739,6400 - WT,Direction Dew,RENAME,NC->NCI: NC6400-WT-739-2C13S1CT2ET-DD-SPT739 -> NCI6400-WT-739-2C13S1CT2ET-DD-SPT739,OK
NCI6400-WT-739-1LLS1RLS1SCC1CT-DD-SPT739,6400 - WT,Direction Dew,RENAME,NC->NCI: NC6400-WT-739-1LLS1RLS1SCC1CT-DD-SPT739 -> NCI6400-WT-739-1LLS1RLS1SCC1CT-DD-SPT739,OK
NCI6400-WT-739-2C13S1CT2ET-SC-SPT739,6400 - WT,Spectrum Cilantro,RENAME,NC->NCI: NC6400-WT-739-2C13S1CT2ET-SC-SPT739 -> NCI6400-WT-739-2C13S1CT2ET-SC-SPT739,OK
NCI6400-WT-739-2C13S1CT2ET-RHA-SPT739,6400 - WT,Relate Harbor,RENAME,NC->NCI: NC6400-WT-739-2C13S1CT2ET-RHA-SPT739 -> NCI6400-WT-739-2C13S1CT2ET-RHA-SPT739,OK
NCI6400-WT-739-1LLS1RLS1SCC1MC1CT-CW,6400 - WT,Canvas White,RENAME,NC->NCI: NC6400-WT-739-1LLS1RLS1SCC1MC1CT-CW -> NCI6400-WT-739-1LLS1RLS1SCC1MC1CT-CW,OK
NCI6400-WT-739-2C13S1CT2ET-CW-SPT739,6400 - WT,Canvas White,RENAME,NC->NCI: NC6400-WT-739-2C13S1CT2ET-CW-SPT739 -> NCI6400-WT-739-2C13S1CT2ET-CW-SPT739,OK
NCI6400-WT-739-2C13S1CT2ET-SD-SPT739,6400 - WT,Spectrum Dove,RENAME,NC->NCI: NC6400-WT-739-2C13S1CT2ET-SD-SPT739 -> NCI6400-WT-739-2C13S1CT2ET-SD-SPT739,OK
NCI6400-WT-739-2C1CT1LS-DD-SPT739,6400 - WT,Direction Dew,RENAME,NC->NCI: NC6400-WT-739-2C1CT1LS-DD-SPT739 -> NCI6400-WT-739-2C1CT1LS-DD-SPT739,OK
NCI6400-WT-739-006-01-DD,6400 - WT,Direction Dew,RENAME,NC->NCI: NC6400-WT-739-006-01-DD -> NCI6400-WT-739-006-01-DD,OK
NCI6400-WT-739-006-01-DD-SPT739,6400 - WT,Direction Dew,RENAME,NC->NCI: NC6400-WT-739-006-01-DD-SPT739 -> NCI6400-WT-739-006-01-DD-SPT739,OK
NCI6400-WT-739-001-01-DD,6400 - WT,Direction Dew,RENAME,NC->NCI: NC6400-WT-739-001-01-DD -> NCI6400-WT-739-001-01-DD,OK
NCI6400-WT-739-1LLS1RLS1SCC1CT-DD,6400 - WT,Direction Dew,RENAME,NC->NCI: NC6400-WT-739-1LLS1RLS1SCC1CT-DD -> NCI6400-WT-739-1LLS1RLS1SCC1CT-DD,OK
NCI6400SECT-WT-739-052-01-CV,6400 - WT,Canvas Navy,RENAME,NC->NCI: NC6400SECT-WT-739-052-01-CV -> NCI6400SECT-WT-739-052-01-CV,OK
NCI6400SECT-WT-739-052-01-RHA,6400 - WT,Relate Harbor,RENAME,NC->NCI: NC6400SECT-WT-739-052-01-RHA -> NCI6400SECT-WT-739-052-01-RHA,OK
NCI6400SECT-WT-739-052-01-SD,6400 - WT,Spectrum Dove,RENAME,NC->NCI: NC6400SECT-WT-739-052-01-SD -> NCI6400SECT-WT-739-052-01-SD,OK
NCI6400SECT-WT-739-052-01-CW,6400 - WT,Canvas White,RENAME,NC->NCI: NC6400SECT-WT-739-052-01-CW -> NCI6400SECT-WT-739-052-01-CW,OK
NCI6400-WT-739-001-01-CV-SPT739,6400 - WT,Canvas Navy,RENAME,NC->NCI: NC6400-WT-739-001-01-CV-SPT739 -> NCI6400-WT-739-001-01-CV-SPT739,OK
NCI6400SECT-WT-739-052-01-SC,6400 - WT,Spectrum Cilantro,RENAME,NC->NCI: NC6400SECT-WT-739-052-01-SC -> NCI6400SECT-WT-739-052-01-SC,OK
NCI6400-WT-739-001-01-CW-SPT739,6400 - WT,Canvas White,RENAME,NC->NCI: NC6400-WT-739-001-01-CW-SPT739 -> NCI6400-WT-739-001-01-CW-SPT739,OK
NCI6400-WT-739-001-01-DD-SPT739,6400 - WT,Direction Dew,RENAME,NC->NCI: NC6400-WT-739-001-01-DD-SPT739 -> NCI6400-WT-739-001-01-DD-SPT739,OK
NCI6400SECT-WT-739-052-01-DD,6400 - WT,Direction Dew,RENAME,NC->NCI: NC6400SECT-WT-739-052-01-DD -> NCI6400SECT-WT-739-052-01-DD,OK
NCI6400-WT-739-001-01-CW,6400 - WT,Canvas White,RENAME,NC->NCI: NC6400-WT-739-001-01-CW -> NCI6400-WT-739-001-01-CW,OK
NCI6400-WT-739-4SR-BD,6400 - WT,Bliss Dew,RENAME,NC->NCI: NC6400-WT-739-4SR-BD -> NCI6400-WT-739-4SR-BD,OK
NCI6400-WT-739-4SR-SD-SPT739,6400 - WT,Spectrum Dove,RENAME,NC->NCI: NC6400-WT-739-4SR-SD-SPT739 -> NCI6400-WT-739-4SR-SD-SPT739,OK
NCI6400-WT-739-001-01-RHA,6400 - WT,Relate Harbor,RENAME,NC->NCI: NC6400-WT-739-001-01-RHA -> NCI6400-WT-739-001-01-RHA,OK
NCI6400-WT-739-001-01-SC,6400 - WT,Spectrum Cilantro,RENAME,NC->NCI: NC6400-WT-739-001-01-SC -> NCI6400-WT-739-001-01-SC,OK
NCI6400-WT-739-001-01-BD,6400 - WT,Bliss Dew,RENAME,NC->NCI: NC6400-WT-739-001-01-BD -> NCI6400-WT-739-001-01-BD,OK
NCI6400-WT-739-4SR-CV-SPT739,6400 - WT,Canvas Navy,RENAME,NC->NCI: NC6400-WT-739-4SR-CV-SPT739 -> NCI6400-WT-739-4SR-CV-SPT739,OK
NCI6400-WT-739-4SR-RHA,6400 - WT,Relate Harbor,RENAME,NC->NCI: NC6400-WT-739-4SR-RHA -> NCI6400-WT-739-4SR-RHA,OK
NCI6400-WT-739-4SR-DD,6400 - WT,Direction Dew,RENAME,NC->NCI: NC6400-WT-739-4SR-DD -> NCI6400-WT-739-4SR-DD,OK
NCI6400-WT-739-001-01-CV,6400 - WT,Canvas Navy,RENAME,NC->NCI: NC6400-WT-739-001-01-CV -> NCI6400-WT-739-001-01-CV,OK
NCI6400-WT-739-4SR-CW,6400 - WT,Canvas White,RENAME,NC->NCI: NC6400-WT-739-4SR-CW -> NCI6400-WT-739-4SR-CW,OK
NCI6400-WT-739-001-01-BD-SPT739,6400 - WT,Bliss Dew,RENAME,NC->NCI: NC6400-WT-739-001-01-BD-SPT739 -> NCI6400-WT-739-001-01-BD-SPT739,OK
NCI6400-WT-739-4SR-SC,6400 - WT,Spectrum Cilantro,RENAME,NC->NCI: NC6400-WT-739-4SR-SC -> NCI6400-WT-739-4SR-SC,OK
NCI6400-WT-739-001-01-RHA-SPT739,6400 - WT,Relate Harbor,RENAME,NC->NCI: NC6400-WT-739-001-01-RHA-SPT739 -> NCI6400-WT-739-001-01-RHA-SPT739,OK
NCI6400-WT-739-001-01-SC-SPT739,6400 - WT,Spectrum Cilantro,RENAME,NC->NCI: NC6400-WT-739-001-01-SC-SPT739 -> NCI6400-WT-739-001-01-SC-SPT739,OK
NCI6400-WT-739-4SR-DD-SPT739,6400 - WT,Direction Dew,RENAME,NC->NCI: NC6400-WT-739-4SR-DD-SPT739 -> NCI6400-WT-739-4SR-DD-SPT739,OK
NCI6400DC-WT-739-01,6400 - WT,Dining Chair,RENAME,NC->NCI: NC6400DC-WT-739-01 -> NCI6400DC-WT-739-01,OK
NCI6400-WT-739-001-01-SD,6400 - WT,Spectrum Dove,RENAME,NC->NCI: NC6400-WT-739-001-01-SD -> NCI6400-WT-739-001-01-SD,OK
NCI6400-WT-739-4SR-CV,6400 - WT,Canvas Navy,RENAME,NC->NCI: NC6400-WT-739-4SR-CV -> NCI6400-WT-739-4SR-CV,OK
NCI6400SECT-WT-739-052-01-BD,6400 - WT,Bliss Dew,RENAME,NC->NCI: NC6400SECT-WT-739-052-01-BD -> NCI6400SECT-WT-739-052-01-BD,OK
NCI6400-WT-739-4SR-BD-SPT739,6400 - WT,Bliss Dew,RENAME,NC->NCI: NC6400-WT-739-4SR-BD-SPT739 -> NCI6400-WT-739-4SR-BD-SPT739,OK
NCI6400-WT-739-001-01-SD-SPT739,6400 - WT,Spectrum Dove,RENAME,NC->NCI: NC6400-WT-739-001-01-SD-SPT739 -> NCI6400-WT-739-001-01-SD-SPT739,OK
NCI6400-WT-739-4SR-SC-SPT739,6400 - WT,Spectrum Cilantro,RENAME,NC->NCI: NC6400-WT-739-4SR-SC-SPT739 -> NCI6400-WT-739-4SR-SC-SPT739,OK
NCI6400-WT-739-4SR-CW-SPT739,6400 - WT,Canvas White,RENAME,NC->NCI: NC6400-WT-739-4SR-CW-SPT739 -> NCI6400-WT-739-4SR-CW-SPT739,OK
NCI6400-WT-739-4SR-SD,6400 - WT,Spectrum Dove,RENAME,NC->NCI: NC6400-WT-739-4SR-SD -> NCI6400-WT-739-4SR-SD,OK
NCI6400-WT-739-4SR-RHA-SPT739,6400 - WT,Relate Harbor,RENAME,NC->NCI: NC6400-WT-739-4SR-RHA-SPT739 -> NCI6400-WT-739-4SR-RHA-SPT739,OK
NCI6400SECT-WT-739-052-01-DD-SPT739,6400 - WT,Direction Dew,RENAME,NC->NCI: NC6400SECT-WT-739-052-01-DD-SPT739 -> NCI6400SECT-WT-739-052-01-DD-SPT739,OK
NCI6400SECT-WT-739-052-01-BD-SPT739,6400 - WT,Bliss Dew,RENAME,NC->NCI: NC6400SECT-WT-739-052-01-BD-SPT739 -> NCI6400SECT-WT-739-052-01-BD-SPT739,OK
NCI6400SECT-WT-739-052-01-CW-SPT739,6400 - WT,Canvas White,RENAME,NC->NCI: NC6400SECT-WT-739-052-01-CW-SPT739 -> NCI6400SECT-WT-739-052-01-CW-SPT739,OK
NCI6400SECT-WT-739-052-01-RHA-SPT739,6400 - WT,Relate Harbor,RENAME,NC->NCI: NC6400SECT-WT-739-052-01-RHA-SPT739 -> NCI6400SECT-WT-739-052-01-RHA-SPT739,OK
NCI6400SECT-WT-739-052-01-CV-SPT739,6400 - WT,Canvas Navy,RENAME,NC->NCI: NC6400SECT-WT-739-052-01-CV-SPT739 -> NCI6400SECT-WT-739-052-01-CV-SPT739,OK
NCI6400-WT-739-002-01-DD,6400 - WT,Direction Dew,RENAME,NC->NCI: NC6400-WT-739-002-01-DD -> NCI6400-WT-739-002-01-DD,OK
NCI6400SECT-WT-739-052-01-SC-SPT739,6400 - WT,Spectrum Cilantro,RENAME,NC->NCI: NC6400SECT-WT-739-052-01-SC-SPT739 -> NCI6400SECT-WT-739-052-01-SC-SPT739,OK
NCI6400SECT-WT-739-052-01-SD-SPT739,6400 - WT,Spectrum Dove,RENAME,NC->NCI: NC6400SECT-WT-739-052-01-SD-SPT739 -> NCI6400SECT-WT-739-052-01-SD-SPT739,OK
NCI6400-WT-739-068-01-BD,6400 - WT,Bliss Dew,RENAME,NC->NCI: NC6400-WT-739-068-01-BD -> NCI6400-WT-739-068-01-BD,OK
NCI6400-WT-739-002-01-DD-SPT739,6400 - WT,Direction Dew,RENAME,NC->NCI: NC6400-WT-739-002-01-DD-SPT739 -> NCI6400-WT-739-002-01-DD-SPT739,OK
NCI6400-WT-739-068-01-CV,6400 - WT,Canvas Navy,RENAME,NC->NCI: NC6400-WT-739-068-01-CV -> NCI6400-WT-739-068-01-CV,OK
NCI6400-WT-739-068-01-CW,6400 - WT,Canvas White,RENAME,NC->NCI: NC6400-WT-739-068-01-CW -> NCI6400-WT-739-068-01-CW,OK
NCI6400-WT-739-068-01-RHA,6400 - WT,Relate Harbor,RENAME,NC->NCI: NC6400-WT-739-068-01-RHA -> NCI6400-WT-739-068-01-RHA,OK
NCI6400-WT-739-068-01-SC,6400 - WT,Spectrum Cilantro,RENAME,NC->NCI: NC6400-WT-739-068-01-SC -> NCI6400-WT-739-068-01-SC,OK
NCI6400-WT-739-068-01-DD,6400 - WT,Direction Dew,RENAME,NC->NCI: NC6400-WT-739-068-01-DD -> NCI6400-WT-739-068-01-DD,OK
NCI6400SECT-WT-739-053-01-BD,6400 - WT,Bliss Dew,RENAME,NC->NCI: NC6400SECT-WT-739-053-01-BD -> NCI6400SECT-WT-739-053-01-BD,OK
NCI6400SECT-WT-739-053-01-CV,6400 - WT,Canvas Navy,RENAME,NC->NCI: NC6400SECT-WT-739-053-01-CV -> NCI6400SECT-WT-739-053-01-CV,OK
NCI6400-WT-739-068-01-SD,6400 - WT,Spectrum Dove,RENAME,NC->NCI: NC6400-WT-739-068-01-SD -> NCI6400-WT-739-068-01-SD,OK
NCI6400SECT-WT-739-053-01-CW,6400 - WT,Canvas White,RENAME,NC->NCI: NC6400SECT-WT-739-053-01-CW -> NCI6400SECT-WT-739-053-01-CW,OK
NCI6400SECT-WT-739-053-01-CW-SPT739,6400 - WT,Canvas White,RENAME,NC->NCI: NC6400SECT-WT-739-053-01-CW-SPT739 -> NCI6400SECT-WT-739-053-01-CW-SPT739,OK
NCI6400SECT-WT-739-053-01-CV-SPT739,6400 - WT,Canvas Navy,RENAME,NC->NCI: NC6400SECT-WT-739-053-01-CV-SPT739 -> NCI6400SECT-WT-739-053-01-CV-SPT739,OK
NCI6400SECT-WT-739-053-01-BD-SPT739,6400 - WT,Bliss Dew,RENAME,NC->NCI: NC6400SECT-WT-739-053-01-BD-SPT739 -> NCI6400SECT-WT-739-053-01-BD-SPT739,OK
NCI6400SECT-WT-739-053-01-SC-SPT739,6400 - WT,Spectrum Cilantro,RENAME,NC->NCI: NC6400SECT-WT-739-053-01-SC-SPT739 -> NCI6400SECT-WT-739-053-01-SC-SPT739,OK
NCI6400SECT-WT-739-053-01-RHA-SPT739,6400 - WT,Relate Harbor,RENAME,NC->NCI: NC6400SECT-WT-739-053-01-RHA-SPT739 -> NCI6400SECT-WT-739-053-01-RHA-SPT739,OK
NCI6400-WT-739-260-01-DD,6400 - WT,Direction Dew,RENAME,NC->NCI: NC6400-WT-739-260-01-DD -> NCI6400-WT-739-260-01-DD,OK
NCI6400SECT-WT-739-053-01-DD,6400 - WT,Direction Dew,RENAME,NC->NCI: NC6400SECT-WT-739-053-01-DD -> NCI6400SECT-WT-739-053-01-DD,OK
NCI6400-WT-739-260-01-RHA,6400 - WT,Relate Harbor,RENAME,NC->NCI: NC6400-WT-739-260-01-RHA -> NCI6400-WT-739-260-01-RHA,OK
NCI6400SECT-WT-739-053-01-DD-SPT739,6400 - WT,Direction Dew,RENAME,NC->NCI: NC6400SECT-WT-739-053-01-DD-SPT739 -> NCI6400SECT-WT-739-053-01-DD-SPT739,OK
NCI6400-WT-739-260-01-BD,6400 - WT,Bliss Dew,RENAME,NC->NCI: NC6400-WT-739-260-01-BD -> NCI6400-WT-739-260-01-BD,OK
NCI6400-WT-739-260-01-CV,6400 - WT,Canvas Navy,RENAME,NC->NCI: NC6400-WT-739-260-01-CV -> NCI6400-WT-739-260-01-CV,OK
NCI6400SECT-WT-739-053-01-RHA,6400 - WT,Relate Harbor,RENAME,NC->NCI: NC6400SECT-WT-739-053-01-RHA -> NCI6400SECT-WT-739-053-01-RHA,OK
NCI6400-WT-739-260-01-CW-SPT739,6400 - WT,Canvas White,RENAME,NC->NCI: NC6400-WT-739-260-01-CW-SPT739 -> NCI6400-WT-739-260-01-CW-SPT739,OK
NCI6400-WT-739-260-01-DD-SPT739,6400 - WT,Direction Dew,RENAME,NC->NCI: NC6400-WT-739-260-01-DD-SPT739 -> NCI6400-WT-739-260-01-DD-SPT739,OK
NCI6400-WT-739-260-01-CV-SPT739,6400 - WT,Canvas Navy,RENAME,NC->NCI: NC6400-WT-739-260-01-CV-SPT739 -> NCI6400-WT-739-260-01-CV-SPT739,OK
NCI6400-WT-739-260-01-RHA-SPT739,6400 - WT,Relate Harbor,RENAME,NC->NCI: NC6400-WT-739-260-01-RHA-SPT739 -> NCI6400-WT-739-260-01-RHA-SPT739,OK
NCI6400-WT-739-260-01-SC,6400 - WT,Spectrum Cilantro,RENAME,NC->NCI: NC6400-WT-739-260-01-SC -> NCI6400-WT-739-260-01-SC,OK
NCI6400SECT-WT-739-053-01-SC,6400 - WT,Spectrum Cilantro,RENAME,NC->NCI: NC6400SECT-WT-739-053-01-SC -> NCI6400SECT-WT-739-053-01-SC,OK
NCI6400SECT-WT-739-053-01-SD,6400 - WT,Spectrum Dove,RENAME,NC->NCI: NC6400SECT-WT-739-053-01-SD -> NCI6400SECT-WT-739-053-01-SD,OK
NCI6400-WT-739-260-01-CW,6400 - WT,Canvas White,RENAME,NC->NCI: NC6400-WT-739-260-01-CW -> NCI6400-WT-739-260-01-CW,OK
NCI6400-WT-739-260-01-SD,6400 - WT,Spectrum Dove,RENAME,NC->NCI: NC6400-WT-739-260-01-SD -> NCI6400-WT-739-260-01-SD,OK
NCI6400SECT-WT-304-032-01-DD,6400 - WT,Direction Dew,RENAME,NC->NCI: NC6400SECT-WT-304-032-01-DD -> NCI6400SECT-WT-304-032-01-DD,OK
NCI6400-WT-739-260-01-SD-SPT739,6400 - WT,Spectrum Dove,RENAME,NC->NCI: NC6400-WT-739-260-01-SD-SPT739 -> NCI6400-WT-739-260-01-SD-SPT739,OK
NCI6400SECT-WT-739-053-01-SD-SPT739,6400 - WT,Spectrum Dove,RENAME,NC->NCI: NC6400SECT-WT-739-053-01-SD-SPT739 -> NCI6400SECT-WT-739-053-01-SD-SPT739,OK
NCI6400SECT-WT-032-01-CV,6400 - WT,Canvas Navy,RENAME,NC->NCI: NC6400SECT-WT-032-01-CV -> NCI6400SECT-WT-032-01-CV,OK
NCI6400-WT-739-260-01-SC-SPT739,6400 - WT,Spectrum Cilantro,RENAME,NC->NCI: NC6400-WT-739-260-01-SC-SPT739 -> NCI6400-WT-739-260-01-SC-SPT739,OK
NCI6400SECT-WT-304-032-01-RHA,6400 - WT,Relate Harbor,RENAME,NC->NCI: NC6400SECT-WT-304-032-01-RHA -> NCI6400SECT-WT-304-032-01-RHA,OK
NCI6400SECT-WT-304-032-01-SC,6400 - WT,Spectrum Cilantro,RENAME,NC->NCI: NC6400SECT-WT-304-032-01-SC -> NCI6400SECT-WT-304-032-01-SC,OK
NCI6400SECT-WT-304-032-01-BD,6400 - WT,Bliss Dew,RENAME,NC->NCI: NC6400SECT-WT-304-032-01-BD -> NCI6400SECT-WT-304-032-01-BD,OK
NCI6400SECT-WT-304-034-01-CW,6400 - WT,Canvas White,RENAME,NC->NCI: NC6400SECT-WT-304-034-01-CW -> NCI6400SECT-WT-304-034-01-CW,OK
NCI6400SECT-WT-304-034-01-RHA,6400 - WT,Relate Harbor,RENAME,NC->NCI: NC6400SECT-WT-304-034-01-RHA -> NCI6400SECT-WT-304-034-01-RHA,OK
NCI6400SECT-WT-304-034-01-BD,6400 - WT,Canvas Navy,RENAME,NC->NCI: NC6400SECT-WT-304-034-01-BD -> NCI6400SECT-WT-304-034-01-BD,OK
NCI6400-WT-739-260-01-BD-SPT739,6400 - WT,Bliss Dew,RENAME,NC->NCI: NC6400-WT-739-260-01-BD-SPT739 -> NCI6400-WT-739-260-01-BD-SPT739,OK
NCI6400SECT-WT-034-01-BD,6400 - WT,Bliss Dew,RENAME,NC->NCI: NC6400SECT-WT-034-01-BD -> NCI6400SECT-WT-034-01-BD,OK
NCI6400SECT-WT-304-032-01-SD,6400 - WT,Spectrum Dove,RENAME,NC->NCI: NC6400SECT-WT-304-032-01-SD -> NCI6400SECT-WT-304-032-01-SD,OK
NCI6400SECT-WT-304-034-01-DD,6400 - WT,Direction Dew,RENAME,NC->NCI: NC6400SECT-WT-304-034-01-DD -> NCI6400SECT-WT-304-034-01-DD,OK
NCI6400DT-WT-713-01-72,6400 - WT,Dining Table 72,RENAME,NC->NCI: NC6400DT-WT-713-01-72 -> NCI6400DT-WT-713-01-72,OK
NCI6400-WT-713-003-01,6400 - WT,Coffee Table,RENAME,NC->NCI: NC6400-WT-713-003-01 -> NCI6400-WT-713-003-01,OK
NCI6400SECT-WT-304-034-01-SC,6400 - WT,Spectrum Cilantro,RENAME,NC->NCI: NC6400SECT-WT-304-034-01-SC -> NCI6400SECT-WT-304-034-01-SC,OK
NCI6400-WT-696-003-01,6400 - WT,Coffee Table,RENAME,NC->NCI: NC6400-WT-696-003-01 -> NCI6400-WT-696-003-01,OK
NCI6400-WT-696-463-01,6400 - WT,End Table (Nesting Table),RENAME,NC->NCI: NC6400-WT-696-463-01 -> NCI6400-WT-696-463-01,OK
NCI6400DT-WT-739-01-83,6400 - WT,Dining Table 83,RENAME,NC->NCI: NC6400DT-WT-739-01-83 -> NCI6400DT-WT-739-01-83,OK
NCI6400-WT-739-003-01,6400 - WT,Coffee Table,RENAME,NC->NCI: NC6400-WT-739-003-01 -> NCI6400-WT-739-003-01,OK
NCI6400DT-WT-713-01-33,6400 - WT,Dining Table 33,RENAME,NC->NCI: NC6400DT-WT-713-01-33 -> NCI6400DT-WT-713-01-33,OK
NCI6400DT-WT-713-01-83,6400 - WT,Dining Table 83,RENAME,NC->NCI: NC6400DT-WT-713-01-83 -> NCI6400DT-WT-713-01-83,OK
NCI6400-WT-696-436-01,6400 - WT,Corner End Table,RENAME,NC->NCI: NC6400-WT-696-436-01 -> NCI6400-WT-696-436-01,OK
NCI6400DT-WT-696-01-41,6400 - WT,Dining Table 41,RENAME,NC->NCI: NC6400DT-WT-696-01-41 -> NCI6400DT-WT-696-01-41,OK
NCI6400DT-WT-696-01-83,6400 - WT,Dining Table 83,RENAME,NC->NCI: NC6400DT-WT-696-01-83 -> NCI6400DT-WT-696-01-83,OK
NCI6400-WT-713-436-01,6400 - WT,Corner End Table,RENAME,NC->NCI: NC6400-WT-713-436-01 -> NCI6400-WT-713-436-01,OK
NCI6400-WT-713-463-01,6400 - WT,End Table (Nesting Table),RENAME,NC->NCI: NC6400-WT-713-463-01 -> NCI6400-WT-713-463-01,OK
NCI6400-WT-739-436-01,6400 - WT,Corner End Table,RENAME,NC->NCI: NC6400-WT-739-436-01 -> NCI6400-WT-739-436-01,OK
NCI6400DT-WT-739-01-72,6400 - WT,Dining Table 72,RENAME,NC->NCI: NC6400DT-WT-739-01-72 -> NCI6400DT-WT-739-01-72,OK
NCI6400DT-WT-713-01-41,6400 - WT,Dining Table 41,RENAME,NC->NCI: NC6400DT-WT-713-01-41 -> NCI6400DT-WT-713-01-41,OK
NCI6400SECT-WT-304-032-01-CW,6400 - WT,Canvas White,RENAME,NC->NCI: NC6400SECT-WT-304-032-01-CW -> NCI6400SECT-WT-304-032-01-CW,OK
NCI6400DT-WT-739-01-33,6400 - WT,Dining Table 33,RENAME,NC->NCI: NC6400DT-WT-739-01-33 -> NCI6400DT-WT-739-01-33,OK
NCI6400DT-WT-696-01-72,6400 - WT,Dining Table 72,RENAME,NC->NCI: NC6400DT-WT-696-01-72 -> NCI6400DT-WT-696-01-72,OK
NCI6400-WT-739-463-01,6400 - WT,End Table (Nesting Table),RENAME,NC->NCI: NC6400-WT-739-463-01 -> NCI6400-WT-739-463-01,OK
NCI6400SECT-WT-304-034-01-SD,6400 - WT,Spectrum Dove,RENAME,NC->NCI: NC6400SECT-WT-304-034-01-SD -> NCI6400SECT-WT-304-034-01-SD,OK
NCI6400DT-WT-696-01-33,6400 - WT,Dining Table 33,RENAME,NC->NCI: NC6400DT-WT-696-01-33 -> NCI6400DT-WT-696-01-33,OK
NCI6400DT-WT-739-01-41,6400 - WT,Dining Table 41,RENAME,NC->NCI: NC6400DT-WT-739-01-41 -> NCI6400DT-WT-739-01-41,OK
NCI6400-DG-713-2C1CT1LS-SC,6400 - DG,Spectrum Cilantro,RENAME,NC->NCI: NC6400-DG-713-2C1CT1LS-SC -> NCI6400-DG-713-2C1CT1LS-SC,OK
NCI6400-DG-304-2C1CT1LS-BD,6400 - DG,Bliss Dew,RENAME,NC->NCI: NC6400-DG-304-2C1CT1LS-BD -> NCI6400-DG-304-2C1CT1LS-BD,OK
NCI6400-DG-304-2C1CT1LS-DD,6400 - DG,Direction Dew,RENAME,NC->NCI: NC6400-DG-304-2C1CT1LS-DD -> NCI6400-DG-304-2C1CT1LS-DD,OK
NCI6400-DG-304-2C1CT1LS-RHA,6400 - DG,Relate Harbor,RENAME,NC->NCI: NC6400-DG-304-2C1CT1LS-RHA -> NCI6400-DG-304-2C1CT1LS-RHA,OK
NCI6400-DG-304-2C1CT1LS-SC,6400 - DG,Spectrum Cilantro,RENAME,NC->NCI: NC6400-DG-304-2C1CT1LS-SC -> NCI6400-DG-304-2C1CT1LS-SC,OK
NCI6400-DG-304-2C1CT1LS-SD,6400 - DG,Spectrum Dove,RENAME,NC->NCI: NC6400-DG-304-2C1CT1LS-SD -> NCI6400-DG-304-2C1CT1LS-SD,OK
NCI6500-DG-304-006-01-BD-SPT696,6500 - DG,Bliss Dew,RENAME,NC->NCI: NC6500-DG-304-006-01-BD-SPT696 -> NCI6500-DG-304-006-01-BD-SPT696,OK
NCI6500-DG-304-006-01-CV-SPT696,6500 - DG,Canvas Navy,RENAME,NC->NCI: NC6500-DG-304-006-01-CV-SPT696 -> NCI6500-DG-304-006-01-CV-SPT696,OK
NCI6500-DG-304-006-01-CW-SPT696,6500 - DG,Canvas White,RENAME,NC->NCI: NC6500-DG-304-006-01-CW-SPT696 -> NCI6500-DG-304-006-01-CW-SPT696,OK
NCI6500-DG-304-006-01-DD-SPT696,6500 - DG,Direction Dew,RENAME,NC->NCI: NC6500-DG-304-006-01-DD-SPT696 -> NCI6500-DG-304-006-01-DD-SPT696,OK
NCI6500-DG-304-006-01-RHA-SPT696,6500 - DG,Relate Harbor,RENAME,NC->NCI: NC6500-DG-304-006-01-RHA-SPT696 -> NCI6500-DG-304-006-01-RHA-SPT696,OK
NCI6500-DG-304-006-01-SC-SPT696,6500 - DG,Spectrum Cilantro,RENAME,NC->NCI: NC6500-DG-304-006-01-SC-SPT696 -> NCI6500-DG-304-006-01-SC-SPT696,OK
NCI6500-DG-304-006-01-SD-SPT696,6500 - DG,Spectrum Dove,RENAME,NC->NCI: NC6500-DG-304-006-01-SD-SPT696 -> NCI6500-DG-304-006-01-SD-SPT696,OK
NCI6500-DG-304-001-01-CV-SPT696,6500 - DG,Canvas Navy,RENAME,NC->NCI: NC6500-DG-304-001-01-CV-SPT696 -> NCI6500-DG-304-001-01-CV-SPT696,OK
NCI6500-DG-304-001-01-CW-SPT696,6500 - DG,Canvas White,RENAME,NC->NCI: NC6500-DG-304-001-01-CW-SPT696 -> NCI6500-DG-304-001-01-CW-SPT696,OK
NCI6500-DG-304-001-01-DD-SPT696,6500 - DG,Direction Dew,RENAME,NC->NCI: NC6500-DG-304-001-01-DD-SPT696 -> NCI6500-DG-304-001-01-DD-SPT696,OK
NCI6500-DG-304-001-01-RHA-SPT696,6500 - DG,Relate Harbor,RENAME,NC->NCI: NC6500-DG-304-001-01-RHA-SPT696 -> NCI6500-DG-304-001-01-RHA-SPT696,OK
NCI6500-DG-304-001-01-SC-SPT696,6500 - DG,Spectrum Cilantro,RENAME,NC->NCI: NC6500-DG-304-001-01-SC-SPT696 -> NCI6500-DG-304-001-01-SC-SPT696,OK
NCI6500-DG-304-001-01-SD-SPT696,6500 - DG,Spectrum Dove,RENAME,NC->NCI: NC6500-DG-304-001-01-SD-SPT696 -> NCI6500-DG-304-001-01-SD-SPT696,OK
NCI6500-DG-304-001-01-BD-SPT696,6500 - DG,Bliss Dew,RENAME,NC->NCI: NC6500-DG-304-001-01-BD-SPT696 -> NCI6500-DG-304-001-01-BD-SPT696,OK
NCI6500-DG-304-052-01-CV-SPT696,6500 - DG,Canvas Navy,RENAME,NC->NCI: NC6500-DG-304-052-01-CV-SPT696 -> NCI6500-DG-304-052-01-CV-SPT696,OK
NCI6500-DG-304-052-01-CW-SPT696,6500 - DG,Canvas White,RENAME,NC->NCI: NC6500-DG-304-052-01-CW-SPT696 -> NCI6500-DG-304-052-01-CW-SPT696,OK
NCI6500-DG-304-052-01-DD-SPT696,6500 - DG,Direction Dew,RENAME,NC->NCI: NC6500-DG-304-052-01-DD-SPT696 -> NCI6500-DG-304-052-01-DD-SPT696,OK
NCI6500-DG-304-052-01-SC-SPT696,6500 - DG,Spectrum Cilantro,RENAME,NC->NCI: NC6500-DG-304-052-01-SC-SPT696 -> NCI6500-DG-304-052-01-SC-SPT696,OK
NCI6500-DG-304-052-01-RHA-SPT696,6500 - DG,Relate Harbor,RENAME,NC->NCI: NC6500-DG-304-052-01-RHA-SPT696 -> NCI6500-DG-304-052-01-RHA-SPT696,OK
NCI6500-DG-304-002-01-CV-SPT696,6500 - DG,Canvas Navy,RENAME,NC->NCI: NC6500-DG-304-002-01-CV-SPT696 -> NCI6500-DG-304-002-01-CV-SPT696,OK
NCI6500-DG-304-002-01-CW-SPT696,6500 - DG,Canvas White,RENAME,NC->NCI: NC6500-DG-304-002-01-CW-SPT696 -> NCI6500-DG-304-002-01-CW-SPT696,OK
NCI6500-DG-304-002-01-BD-SPT696,6500 - DG,Bliss Dew,RENAME,NC->NCI: NC6500-DG-304-002-01-BD-SPT696 -> NCI6500-DG-304-002-01-BD-SPT696,OK
NCI6500-DG-304-052-01-BD-SPT696,6500 - DG,Spectrum Dove,RENAME,NC->NCI: NC6500-DG-304-052-01-BD-SPT696 -> NCI6500-DG-304-052-01-BD-SPT696,OK
NCI6500-DG-304-052-01-BD-SPT713,6500 - DG,Bliss Dew,RENAME,NC->NCI: NC6500-DG-304-052-01-BD-SPT713 -> NCI6500-DG-304-052-01-BD-SPT713,OK
NCI6500-DG-304-002-01-DD-SPT696,6500 - DG,Direction Dew,RENAME,NC->NCI: NC6500-DG-304-002-01-DD-SPT696 -> NCI6500-DG-304-002-01-DD-SPT696,OK
NCI6500-DG-304-002-01-RHA-SPT696,6500 - DG,Relate Harbor,RENAME,NC->NCI: NC6500-DG-304-002-01-RHA-SPT696 -> NCI6500-DG-304-002-01-RHA-SPT696,OK
NCI6500-DG-304-002-01-SD-SPT696,6500 - DG,Spectrum Dove,RENAME,NC->NCI: NC6500-DG-304-002-01-SD-SPT696 -> NCI6500-DG-304-002-01-SD-SPT696,OK
NCI6500-DG-304-002-01-SC-SPT696,6500 - DG,Spectrum Cilantro,RENAME,NC->NCI: NC6500-DG-304-002-01-SC-SPT696 -> NCI6500-DG-304-002-01-SC-SPT696,OK
NCI6500-DG-304-053-01-BD-SPT696,6500 - DG,Bliss Dew,RENAME,NC->NCI: NC6500-DG-304-053-01-BD-SPT696 -> NCI6500-DG-304-053-01-BD-SPT696,OK
NCI6500-DG-304-053-01-CV-SPT696,6500 - DG,Canvas Navy,RENAME,NC->NCI: NC6500-DG-304-053-01-CV-SPT696 -> NCI6500-DG-304-053-01-CV-SPT696,OK
NCI6500-DG-304-053-01-CW-SPT696,6500 - DG,Canvas White,RENAME,NC->NCI: NC6500-DG-304-053-01-CW-SPT696 -> NCI6500-DG-304-053-01-CW-SPT696,OK
NCI6500-DG-304-053-01-DD-SPT696,6500 - DG,Direction Dew,RENAME,NC->NCI: NC6500-DG-304-053-01-DD-SPT696 -> NCI6500-DG-304-053-01-DD-SPT696,OK
NCI6500-DG-304-053-01-RHA-SPT696,6500 - DG,Relate Harbor,RENAME,NC->NCI: NC6500-DG-304-053-01-RHA-SPT696 -> NCI6500-DG-304-053-01-RHA-SPT696,OK
NCI6500-DG-304-053-01-SC-SPT696,6500 - DG,Spectrum Cilantro,RENAME,NC->NCI: NC6500-DG-304-053-01-SC-SPT696 -> NCI6500-DG-304-053-01-SC-SPT696,OK
NCI6500-DG-304-053-01-SD-SPT696,6500 - DG,Spectrum Dove,RENAME,NC->NCI: NC6500-DG-304-053-01-SD-SPT696 -> NCI6500-DG-304-053-01-SD-SPT696,OK
NCI6500-DG-304-260-01-CV-SPT696,6500 - DG,Canvas Navy,RENAME,NC->NCI: NC6500-DG-304-260-01-CV-SPT696 -> NCI6500-DG-304-260-01-CV-SPT696,OK
NCI6500-DG-304-260-01-CW-SPT696,6500 - DG,Canvas White,RENAME,NC->NCI: NC6500-DG-304-260-01-CW-SPT696 -> NCI6500-DG-304-260-01-CW-SPT696,OK
NCI6500-DG-304-260-01-DD-SPT696,6500 - DG,Direction Dew,RENAME,NC->NCI: NC6500-DG-304-260-01-DD-SPT696 -> NCI6500-DG-304-260-01-DD-SPT696,OK
NCI6500-DG-304-260-01-RHA-SPT696,6500 - DG,Relate Harbor,RENAME,NC->NCI: NC6500-DG-304-260-01-RHA-SPT696 -> NCI6500-DG-304-260-01-RHA-SPT696,OK
NCI6500-DG-304-260-01-SC-SPT696,6500 - DG,Spectrum Cilantro,RENAME,NC->NCI: NC6500-DG-304-260-01-SC-SPT696 -> NCI6500-DG-304-260-01-SC-SPT696,OK
NCI6500-DG-304-260-01-SD-SPT696,6500 - DG,Spectrum Dove,RENAME,NC->NCI: NC6500-DG-304-260-01-SD-SPT696 -> NCI6500-DG-304-260-01-SD-SPT696,OK
NCI6500-DG-304-260-01-BD-SPT696,6500 - DG,Bliss Dew,RENAME,NC->NCI: NC6500-DG-304-260-01-BD-SPT696 -> NCI6500-DG-304-260-01-BD-SPT696,OK
NCI6500-WT-304-001-01-CV-SPT696,6500 - WT,Canvas Navy,RENAME,NC->NCI: NC6500-WT-304-001-01-CV-SPT696 -> NCI6500-WT-304-001-01-CV-SPT696,OK
NCI6500-WT-304-001-01-CW-SPT696,6500 - WT,Canvas White,RENAME,NC->NCI: NC6500-WT-304-001-01-CW-SPT696 -> NCI6500-WT-304-001-01-CW-SPT696,OK
NCI6500-WT-304-001-01-DD-SPT696,6500 - WT,Direction Dew,RENAME,NC->NCI: NC6500-WT-304-001-01-DD-SPT696 -> NCI6500-WT-304-001-01-DD-SPT696,OK
NCI6500-WT-304-001-01-SC-SPT696,6500 - WT,Spectrum Cilantro,RENAME,NC->NCI: NC6500-WT-304-001-01-SC-SPT696 -> NCI6500-WT-304-001-01-SC-SPT696,OK
NCI6500-WT-304-001-01-RHA-SPT696,6500 - WT,Relate Harbor,RENAME,NC->NCI: NC6500-WT-304-001-01-RHA-SPT696 -> NCI6500-WT-304-001-01-RHA-SPT696,OK
NCI6500-WT-304-001-01-SD-SPT696,6500 - WT,Spectrum Dove,RENAME,NC->NCI: NC6500-WT-304-001-01-SD-SPT696 -> NCI6500-WT-304-001-01-SD-SPT696,OK
NCI6500-WT-304-001-01-BD-SPT696,6500 - WT,Bliss Dew,RENAME,NC->NCI: NC6500-WT-304-001-01-BD-SPT696 -> NCI6500-WT-304-001-01-BD-SPT696,OK
NCI6500SECT-WT-304-052-01-RHA,6500 - WT,Relate Harbor,RENAME,NC->NCI: NC6500SECT-WT-304-052-01-RHA -> NCI6500SECT-WT-304-052-01-RHA,OK
NCI6500-DG-304-006-01-DD,6500 - DG,Direction Dew,RENAME,NC->NCI: NC6500-DG-304-006-01-DD -> NCI6500-DG-304-006-01-DD,OK
NCI6500-DG-304-006-01-RHA,6500 - DG,Relate Harbor,RENAME,NC->NCI: NC6500-DG-304-006-01-RHA -> NCI6500-DG-304-006-01-RHA,OK
NCI6500-DG-304-006-01-BD,6500 - DG,Bliss Dew,RENAME,NC->NCI: NC6500-DG-304-006-01-BD -> NCI6500-DG-304-006-01-BD,OK
NCI6500-DG-304-1LLS1RLS1SCC1CT-BD,6500 - DG,Bliss Dew,RENAME,NC->NCI: NC6500-DG-304-1LLS1RLS1SCC1CT-BD -> NCI6500-DG-304-1LLS1RLS1SCC1CT-BD,OK
NCI6500-DG-304-006-01-SD,6500 - DG,Spectrum Dove,RENAME,NC->NCI: NC6500-DG-304-006-01-SD -> NCI6500-DG-304-006-01-SD,OK
NCI6500-DG-304-1LLS1RLS1SCC1CT-RHA,6500 - DG,Relate Harbor,RENAME,NC->NCI: NC6500-DG-304-1LLS1RLS1SCC1CT-RHA -> NCI6500-DG-304-1LLS1RLS1SCC1CT-RHA,OK
NCI6500-DG-304-2C13S1CT2ET-BD,6500 - DG,Bliss Dew,RENAME,NC->NCI: NC6500-DG-304-2C13S1CT2ET-BD -> NCI6500-DG-304-2C13S1CT2ET-BD,OK
NCI6500-DG-304-2C13S1CT2ET-SC,6500 - DG,Spectrum Cilantro,RENAME,NC->NCI: NC6500-DG-304-2C13S1CT2ET-SC -> NCI6500-DG-304-2C13S1CT2ET-SC,OK
NCI6500-DG-304-2C13S1CT2ET-CV,6500 - DG,Canvas Navy,RENAME,NC->NCI: NC6500-DG-304-2C13S1CT2ET-CV -> NCI6500-DG-304-2C13S1CT2ET-CV,OK
NCI6500-DG-304-006-01-SC,6500 - DG,Spectrum Cilantro,RENAME,NC->NCI: NC6500-DG-304-006-01-SC -> NCI6500-DG-304-006-01-SC,OK
NCI6500-DG-304-1LLS1RLS1SCC1CT-SD,6500 - DG,Spectrum Dove,RENAME,NC->NCI: NC6500-DG-304-1LLS1RLS1SCC1CT-SD -> NCI6500-DG-304-1LLS1RLS1SCC1CT-SD,OK
NCI6500-DG-304-1LLS1RLS1SCC1CT-SC,6500 - DG,Spectrum Cilantro,RENAME,NC->NCI: NC6500-DG-304-1LLS1RLS1SCC1CT-SC -> NCI6500-DG-304-1LLS1RLS1SCC1CT-SC,OK
NCI6500-DG-304-1LLS1RLS1SCC1CT-DD,6500 - DG,Direction Dew,RENAME,NC->NCI: NC6500-DG-304-1LLS1RLS1SCC1CT-DD -> NCI6500-DG-304-1LLS1RLS1SCC1CT-DD,OK
NCI6500-DG-304-1LLS1RLS1SCC1MC1CT-SD,6500 - DG,Spectrum Dove,RENAME,NC->NCI: NC6500-DG-304-1LLS1RLS1SCC1MC1CT-SD -> NCI6500-DG-304-1LLS1RLS1SCC1MC1CT-SD,OK
NCI6500-DG-304-1LLS1RLS1SCC1CT-CW,6500 - DG,Canvas White,RENAME,NC->NCI: NC6500-DG-304-1LLS1RLS1SCC1CT-CW -> NCI6500-DG-304-1LLS1RLS1SCC1CT-CW,OK
NCI6500-DG-304-2C13S1CT2ET-CW,6500 - DG,Canvas White,RENAME,NC->NCI: NC6500-DG-304-2C13S1CT2ET-CW -> NCI6500-DG-304-2C13S1CT2ET-CW,OK
NCI6500-DG-304-13S1LSR1S1C1OT1CT-RHA,6500 - DG,Relate Harbor,RENAME,NC->NCI: NC6500-DG-304-13S1LSR1S1C1OT1CT-RHA -> NCI6500-DG-304-13S1LSR1S1C1OT1CT-RHA,OK
NCI6500-DG-304-2C13S1CT2ET-SD,6500 - DG,Spectrum Dove,RENAME,NC->NCI: NC6500-DG-304-2C13S1CT2ET-SD -> NCI6500-DG-304-2C13S1CT2ET-SD,OK
NCI6500-DG-304-1C13S1CT1LS-DD,6500 - DG,Direction Dew,RENAME,NC->NCI: NC6500-DG-304-1C13S1CT1LS-DD -> NCI6500-DG-304-1C13S1CT1LS-DD,OK
NCI6500-DG-304-1C13S1CT1LS-RHA,6500 - DG,Relate Harbor,RENAME,NC->NCI: NC6500-DG-304-1C13S1CT1LS-RHA -> NCI6500-DG-304-1C13S1CT1LS-RHA,OK
NCI6500-DG-304-1C1SR1LS13S1CT2CET1OT-BD,6500 - DG,Bliss Dew,RENAME,NC->NCI: NC6500-DG-304-1C1SR1LS13S1CT2CET1OT-BD -> NCI6500-DG-304-1C1SR1LS13S1CT2CET1OT-BD,OK
NCI6500-DG-304-1C1SR1LS13S1CT2CET1OT-RHA,6500 - DG,Relate Harbor,RENAME,NC->NCI: NC6500-DG-304-1C1SR1LS13S1CT2CET1OT-RHA -> NCI6500-DG-304-1C1SR1LS13S1CT2CET1OT-RHA,OK
NCI6500-DG-304-1C1SR1LS13S1CT2CET1OT-DD,6500 - DG,Direction Dew,RENAME,NC->NCI: NC6500-DG-304-1C1SR1LS13S1CT2CET1OT-DD -> NCI6500-DG-304-1C1SR1LS13S1CT2CET1OT-DD,OK
NCI6500-DG-304-1LLS1RLS1SCC1MC1CT-SC,6500 - DG,Spectrum Cilantro,RENAME,NC->NCI: NC6500-DG-304-1LLS1RLS1SCC1MC1CT-SC -> NCI6500-DG-304-1LLS1RLS1SCC1MC1CT-SC,OK
NCI6500-DG-304-2C1CT1LS-SC,6500 - DG,Spectrum Cilantro,RENAME,NC->NCI: NC6500-DG-304-2C1CT1LS-SC -> NCI6500-DG-304-2C1CT1LS-SC,OK
NCI6500-DG-304-2C13S1CT2ET-RHA,6500 - DG,Relate Harbor,RENAME,NC->NCI: NC6500-DG-304-2C13S1CT2ET-RHA -> NCI6500-DG-304-2C13S1CT2ET-RHA,OK
NCI6500-DG-304-1C13S1CT1LS-CW,6500 - DG,Canvas White,RENAME,NC->NCI: NC6500-DG-304-1C13S1CT1LS-CW -> NCI6500-DG-304-1C13S1CT1LS-CW,OK
NCI6500-DG-304-1C1SR1LS13S1CT2CET1OT-CW,6500 - DG,Canvas White,RENAME,NC->NCI: NC6500-DG-304-1C1SR1LS13S1CT2CET1OT-CW -> NCI6500-DG-304-1C1SR1LS13S1CT2CET1OT-CW,OK
NCI6500-DG-304-2C1CT1LS-BD,6500 - DG,Bliss Dew,RENAME,NC->NCI: NC6500-DG-304-2C1CT1LS-BD -> NCI6500-DG-304-2C1CT1LS-BD,OK
NCI6500-DG-304-1LLS1RLS1SCC1MC1CT-CV,6500 - DG,Canvas Navy,RENAME,NC->NCI: NC6500-DG-304-1LLS1RLS1SCC1MC1CT-CV -> NCI6500-DG-304-1LLS1RLS1SCC1MC1CT-CV,OK
NCI6500-DG-304-13S1LSR1S1C1OT1CT-DD,6500 - DG,Direction Dew,RENAME,NC->NCI: NC6500-DG-304-13S1LSR1S1C1OT1CT-DD -> NCI6500-DG-304-13S1LSR1S1C1OT1CT-DD,OK
NCI6500-DG-304-1C13S1CT1LS-SC,6500 - DG,Spectrum Cilantro,RENAME,NC->NCI: NC6500-DG-304-1C13S1CT1LS-SC -> NCI6500-DG-304-1C13S1CT1LS-SC,OK
NCI6500-DG-304-1LLS1RLS1SCC1CT-CV,6500 - DG,Canvas Navy,RENAME,NC->NCI: NC6500-DG-304-1LLS1RLS1SCC1CT-CV -> NCI6500-DG-304-1LLS1RLS1SCC1CT-CV,OK
NCI6500-DG-304-1C1SR1LS13S1CT2CET1OT-SD,6500 - DG,Spectrum Dove,RENAME,NC->NCI: NC6500-DG-304-1C1SR1LS13S1CT2CET1OT-SD -> NCI6500-DG-304-1C1SR1LS13S1CT2CET1OT-SD,OK
NCI6500-DG-304-13S1LSR1S1C1OT1CT-SD,6500 - DG,Spectrum Dove,RENAME,NC->NCI: NC6500-DG-304-13S1LSR1S1C1OT1CT-SD -> NCI6500-DG-304-13S1LSR1S1C1OT1CT-SD,OK
NCI6500-DG-304-2C1CT1LS-RHA,6500 - DG,Relate Harbor,RENAME,NC->NCI: NC6500-DG-304-2C1CT1LS-RHA -> NCI6500-DG-304-2C1CT1LS-RHA,OK
NCI6500-DG-304-1C13S1CT1LS-BD,6500 - DG,Bliss Dew,RENAME,NC->NCI: NC6500-DG-304-1C13S1CT1LS-BD -> NCI6500-DG-304-1C13S1CT1LS-BD,OK
NCI6500-DG-304-13S1LSR1S1C1OT1CT-CV,6500 - DG,Canvas Navy,RENAME,NC->NCI: NC6500-DG-304-13S1LSR1S1C1OT1CT-CV -> NCI6500-DG-304-13S1LSR1S1C1OT1CT-CV,OK
NCI6500-DG-304-13S1LSR1S1C1OT1CT-CW,6500 - DG,Canvas White,RENAME,NC->NCI: NC6500-DG-304-13S1LSR1S1C1OT1CT-CW -> NCI6500-DG-304-13S1LSR1S1C1OT1CT-CW,OK
NCI6500-DG-304-1C13S1CT1LS-SD,6500 - DG,Spectrum Dove,RENAME,NC->NCI: NC6500-DG-304-1C13S1CT1LS-SD -> NCI6500-DG-304-1C13S1CT1LS-SD,OK
NCI6500-DG-304-1LLS1RLS1SCC1MC1CT-BD,6500 - DG,Bliss Dew,RENAME,NC->NCI: NC6500-DG-304-1LLS1RLS1SCC1MC1CT-BD -> NCI6500-DG-304-1LLS1RLS1SCC1MC1CT-BD,OK
NCI6500-DG-304-13S1LSR1S1C1OT1CT-BD,6500 - DG,Bliss Dew,RENAME,NC->NCI: NC6500-DG-304-13S1LSR1S1C1OT1CT-BD -> NCI6500-DG-304-13S1LSR1S1C1OT1CT-BD,OK
NCI6500-DG-304-2C1CT1LS-CV,6500 - DG,Canvas Navy,RENAME,NC->NCI: NC6500-DG-304-2C1CT1LS-CV -> NCI6500-DG-304-2C1CT1LS-CV,OK
NCI6500-DG-304-1LLS1RLS1SCC1MC1CT-RHA,6500 - DG,Relate Harbor,RENAME,NC->NCI: NC6500-DG-304-1LLS1RLS1SCC1MC1CT-RHA -> NCI6500-DG-304-1LLS1RLS1SCC1MC1CT-RHA,OK
NCI6500-DG-304-1LLS1RLS1SCC1MC1CT-DD,6500 - DG,Direction Dew,RENAME,NC->NCI: NC6500-DG-304-1LLS1RLS1SCC1MC1CT-DD -> NCI6500-DG-304-1LLS1RLS1SCC1MC1CT-DD,OK
NCI6500-DG-304-1C1SR1LS13S1CT2CET1OT-CV,6500 - DG,Canvas Navy,RENAME,NC->NCI: NC6500-DG-304-1C1SR1LS13S1CT2CET1OT-CV -> NCI6500-DG-304-1C1SR1LS13S1CT2CET1OT-CV,OK
NCI6500-DG-304-1C1SR1LS13S1CT2CET1OT-SC,6500 - DG,Spectrum Cilantro,RENAME,NC->NCI: NC6500-DG-304-1C1SR1LS13S1CT2CET1OT-SC -> NCI6500-DG-304-1C1SR1LS13S1CT2CET1OT-SC,OK
NCI6500-DG-304-1C13S1CT1LS-CV,6500 - DG,Canvas Navy,RENAME,NC->NCI: NC6500-DG-304-1C13S1CT1LS-CV -> NCI6500-DG-304-1C13S1CT1LS-CV,OK
NCI6500-DG-304-13S1LSR1S1C1OT1CT-SC,6500 - DG,Spectrum Cilantro,RENAME,NC->NCI: NC6500-DG-304-13S1LSR1S1C1OT1CT-SC -> NCI6500-DG-304-13S1LSR1S1C1OT1CT-SC,OK
NCI6500-DG-304-2C1CT1LS-CW,6500 - DG,Canvas White,RENAME,NC->NCI: NC6500-DG-304-2C1CT1LS-CW -> NCI6500-DG-304-2C1CT1LS-CW,OK
NCI6500-DG-304-1LLS1RLS1SCC1MC1CT-CW,6500 - DG,Canvas White,RENAME,NC->NCI: NC6500-DG-304-1LLS1RLS1SCC1MC1CT-CW -> NCI6500-DG-304-1LLS1RLS1SCC1MC1CT-CW,OK
NCI6500-DG-304-2C1CT1LS-SD,6500 - DG,Spectrum Dove,RENAME,NC->NCI: NC6500-DG-304-2C1CT1LS-SD -> NCI6500-DG-304-2C1CT1LS-SD,OK
NCI6500-DG-304-2C13S1CT2ET-DD,6500 - DG,Direction Dew,RENAME,NC->NCI: NC6500-DG-304-2C13S1CT2ET-DD -> NCI6500-DG-304-2C13S1CT2ET-DD,OK
NCI6500-DG-304-001-01-CV,6500 - DG,Canvas Navy,RENAME,NC->NCI: NC6500-DG-304-001-01-CV -> NCI6500-DG-304-001-01-CV,OK
NCI6500-DG-304-001-01-DD,6500 - DG,Direction Dew,RENAME,NC->NCI: NC6500-DG-304-001-01-DD -> NCI6500-DG-304-001-01-DD,OK
NCI6500-DG-304-001-01-BD,6500 - DG,Bliss Dew,RENAME,NC->NCI: NC6500-DG-304-001-01-BD -> NCI6500-DG-304-001-01-BD,OK
NCI6500-DG-304-2C1CT1LS-DD,6500 - DG,Direction Dew,RENAME,NC->NCI: NC6500-DG-304-2C1CT1LS-DD -> NCI6500-DG-304-2C1CT1LS-DD,OK
NCI6500-DG-304-001-01-RHA,6500 - DG,Relate Harbor,RENAME,NC->NCI: NC6500-DG-304-001-01-RHA -> NCI6500-DG-304-001-01-RHA,OK
NCI6500-DG-304-001-01-SD,6500 - DG,Spectrum Dove,RENAME,NC->NCI: NC6500-DG-304-001-01-SD -> NCI6500-DG-304-001-01-SD,OK
NCI6500-DG-304-4SR-RHA,6500 - DG,Relate Harbor,RENAME,NC->NCI: NC6500-DG-304-4SR-RHA -> NCI6500-DG-304-4SR-RHA,OK
NCI6500-DG-304-4SR-SD,6500 - DG,Spectrum Dove,RENAME,NC->NCI: NC6500-DG-304-4SR-SD -> NCI6500-DG-304-4SR-SD,OK
NCI6500-DG-304-4SR-CV,6500 - DG,Canvas Navy,RENAME,NC->NCI: NC6500-DG-304-4SR-CV -> NCI6500-DG-304-4SR-CV,OK
NCI6500-DG-304-001-01-SC,6500 - DG,Spectrum Cilantro,RENAME,NC->NCI: NC6500-DG-304-001-01-SC -> NCI6500-DG-304-001-01-SC,OK
NCI6500-DG-304-4SR-BD,6500 - DG,Bliss Dew,RENAME,NC->NCI: NC6500-DG-304-4SR-BD -> NCI6500-DG-304-4SR-BD,OK
NCI6500-DG-304-4SR-SC,6500 - DG,Spectrum Cilantro,RENAME,NC->NCI: NC6500-DG-304-4SR-SC -> NCI6500-DG-304-4SR-SC,OK
NCI6500-DG-304-4SR-DD,6500 - DG,Direction Dew,RENAME,NC->NCI: NC6500-DG-304-4SR-DD -> NCI6500-DG-304-4SR-DD,OK
NCI6500-DG-304-4SR-CW,6500 - DG,Canvas White,RENAME,NC->NCI: NC6500-DG-304-4SR-CW -> NCI6500-DG-304-4SR-CW,OK
NCI6500-DG-304-052-01-BD,6500 - DG,Bliss Dew,RENAME,NC->NCI: NC6500-DG-304-052-01-BD -> NCI6500-DG-304-052-01-BD,OK
NCI6500-DG-304-052-01-DD,6500 - DG,Direction Dew,RENAME,NC->NCI: NC6500-DG-304-052-01-DD -> NCI6500-DG-304-052-01-DD,OK
NCI6500-DG-304-052-01-RHA,6500 - DG,Relate Harbor,RENAME,NC->NCI: NC6500-DG-304-052-01-RHA -> NCI6500-DG-304-052-01-RHA,OK
NCI6500-DG-304-052-01-CV,6500 - DG,Canvas Navy,RENAME,NC->NCI: NC6500-DG-304-052-01-CV -> NCI6500-DG-304-052-01-CV,OK
NCI6500-DG-304-052-01-CW,6500 - DG,Canvas White,RENAME,NC->NCI: NC6500-DG-304-052-01-CW -> NCI6500-DG-304-052-01-CW,OK
NCI6500-DG-304-052-01-SC,6500 - DG,Spectrum Cilantro,RENAME,NC->NCI: NC6500-DG-304-052-01-SC -> NCI6500-DG-304-052-01-SC,OK
NCI6500-DG-304-002-01-DD,6500 - DG,Direction Dew,RENAME,NC->NCI: NC6500-DG-304-002-01-DD -> NCI6500-DG-304-002-01-DD,OK
NCI6500-DG-304-052-01-SD,6500 - DG,Spectrum Dove,RENAME,NC->NCI: NC6500-DG-304-052-01-SD -> NCI6500-DG-304-052-01-SD,OK
NCI6500-DG-304-002-01-RHA,6500 - DG,Relate Harbor,RENAME,NC->NCI: NC6500-DG-304-002-01-RHA -> NCI6500-DG-304-002-01-RHA,OK
NCI6500-DG-304-002-01-SC,6500 - DG,Spectrum Cilantro,RENAME,NC->NCI: NC6500-DG-304-002-01-SC -> NCI6500-DG-304-002-01-SC,OK
NCI6500-DG-304-002-01-SD,6500 - DG,Spectrum Dove,RENAME,NC->NCI: NC6500-DG-304-002-01-SD -> NCI6500-DG-304-002-01-SD,OK
NCI6500-DG-304-002-01-BD,6500 - DG,Bliss Dew,RENAME,NC->NCI: NC6500-DG-304-002-01-BD -> NCI6500-DG-304-002-01-BD,OK
NCI6500-DG-304-053-01-SC,6500 - DG,Spectrum Cilantro,RENAME,NC->NCI: NC6500-DG-304-053-01-SC -> NCI6500-DG-304-053-01-SC,OK
NCI6500-DG-304-053-01-CV,6500 - DG,Canvas Navy,RENAME,NC->NCI: NC6500-DG-304-053-01-CV -> NCI6500-DG-304-053-01-CV,OK
NCI6500-DG-304-053-01-RHA,6500 - DG,Relate Harbor,RENAME,NC->NCI: NC6500-DG-304-053-01-RHA -> NCI6500-DG-304-053-01-RHA,OK
NCI6500-DG-304-053-01-DD,6500 - DG,Direction Dew,RENAME,NC->NCI: NC6500-DG-304-053-01-DD -> NCI6500-DG-304-053-01-DD,OK
NCI6500-DG-304-053-01-SD,6500 - DG,Spectrum Dove,RENAME,NC->NCI: NC6500-DG-304-053-01-SD -> NCI6500-DG-304-053-01-SD,OK
NCI6500-DG-304-053-01-BD,6500 - DG,Bliss Dew,RENAME,NC->NCI: NC6500-DG-304-053-01-BD -> NCI6500-DG-304-053-01-BD,OK
NCI6500-DG-304-260-01-CV,6500 - DG,Canvas Navy,RENAME,NC->NCI: NC6500-DG-304-260-01-CV -> NCI6500-DG-304-260-01-CV,OK
NCI6500-DG-304-053-01-CW,6500 - DG,Canvas White,RENAME,NC->NCI: NC6500-DG-304-053-01-CW -> NCI6500-DG-304-053-01-CW,OK
NCI6500-DG-304-260-01-BD,6500 - DG,Bliss Dew,RENAME,NC->NCI: NC6500-DG-304-260-01-BD -> NCI6500-DG-304-260-01-BD,OK
NCI6500-DG-304-260-01-DD,6500 - DG,Direction Dew,RENAME,NC->NCI: NC6500-DG-304-260-01-DD -> NCI6500-DG-304-260-01-DD,OK
NCI6500-DG-304-260-01-CW,6500 - DG,Canvas White,RENAME,NC->NCI: NC6500-DG-304-260-01-CW -> NCI6500-DG-304-260-01-CW,OK
NCI6500-DG-304-260-01-RHA,6500 - DG,Relate Harbor,RENAME,NC->NCI: NC6500-DG-304-260-01-RHA -> NCI6500-DG-304-260-01-RHA,OK
NCI6500-DG-304-260-01-SD,6500 - DG,Spectrum Dove,RENAME,NC->NCI: NC6500-DG-304-260-01-SD -> NCI6500-DG-304-260-01-SD,OK
NCI6500-DG-713-13S1LSR1S1C1OT1CT-BD,6500 - DG,Bliss Dew,RENAME,NC->NCI: NC6500-DG-713-13S1LSR1S1C1OT1CT-BD -> NCI6500-DG-713-13S1LSR1S1C1OT1CT-BD,OK
NCI6500-DG-713-13S1LSR1S1C1OT1CT-SC-SPT713,6500 - DG,Spectrum Cilantro,RENAME,NC->NCI: NC6500-DG-713-13S1LSR1S1C1OT1CT-SC-SPT713 -> NCI6500-DG-713-13S1LSR1S1C1OT1CT-SC-SPT713,OK
NCI6500-DG-713-13S1LSR1S1C1OT1CT-SD,6500 - DG,Spectrum Dove,RENAME,NC->NCI: NC6500-DG-713-13S1LSR1S1C1OT1CT-SD -> NCI6500-DG-713-13S1LSR1S1C1OT1CT-SD,OK
NCI6500-DG-713-13S1LSR1S1C1OT1CT-BD-SPT713,6500 - DG,Bliss Dew,RENAME,NC->NCI: NC6500-DG-713-13S1LSR1S1C1OT1CT-BD-SPT713 -> NCI6500-DG-713-13S1LSR1S1C1OT1CT-BD-SPT713,OK
NCI6500-DG-304-260-01-SC,6500 - DG,Spectrum Cilantro,RENAME,NC->NCI: NC6500-DG-304-260-01-SC -> NCI6500-DG-304-260-01-SC,OK
NCI6500-DG-713-13S1LSR1S1C1OT1CT-RHA-SPT713,6500 - DG,Relate Harbor,RENAME,NC->NCI: NC6500-DG-713-13S1LSR1S1C1OT1CT-RHA-SPT713 -> NCI6500-DG-713-13S1LSR1S1C1OT1CT-RHA-SPT713,OK
NCI6500-DG-713-13S1LSR1S1C1OT1CT-DD,6500 - DG,Direction Dew,RENAME,NC->NCI: NC6500-DG-713-13S1LSR1S1C1OT1CT-DD -> NCI6500-DG-713-13S1LSR1S1C1OT1CT-DD,OK
NCI6500-DG-713-13S1LSR1S1C1OT1CT-CV-SPT713,6500 - DG,Canvas Navy,RENAME,NC->NCI: NC6500-DG-713-13S1LSR1S1C1OT1CT-CV-SPT713 -> NCI6500-DG-713-13S1LSR1S1C1OT1CT-CV-SPT713,OK
NCI6500-DG-713-13S1LSR1S1C1OT1CT-RHA,6500 - DG,Relate Harbor,RENAME,NC->NCI: NC6500-DG-713-13S1LSR1S1C1OT1CT-RHA -> NCI6500-DG-713-13S1LSR1S1C1OT1CT-RHA,OK
NCI6500-DG-713-1C13S1CT1LS-CV,6500 - DG,Canvas Navy,RENAME,NC->NCI: NC6500-DG-713-1C13S1CT1LS-CV -> NCI6500-DG-713-1C13S1CT1LS-CV,OK
NCI6500-DG-713-1C13S1CT1LS-CV-SPT713,6500 - DG,Canvas Navy,RENAME,NC->NCI: NC6500-DG-713-1C13S1CT1LS-CV-SPT713 -> NCI6500-DG-713-1C13S1CT1LS-CV-SPT713,OK
NCI6500-DG-713-1C13S1CT1LS-DD,6500 - DG,Direction Dew,RENAME,NC->NCI: NC6500-DG-713-1C13S1CT1LS-DD -> NCI6500-DG-713-1C13S1CT1LS-DD,OK
NCI6500-DG-713-1C13S1CT1LS-RHA,6500 - DG,Relate Harbor,RENAME,NC->NCI: NC6500-DG-713-1C13S1CT1LS-RHA -> NCI6500-DG-713-1C13S1CT1LS-RHA,OK
NCI6500-DG-713-1C13S1CT1LS-BD,6500 - DG,Bliss Dew,RENAME,NC->NCI: NC6500-DG-713-1C13S1CT1LS-BD -> NCI6500-DG-713-1C13S1CT1LS-BD,OK
NCI6500-DG-713-13S1LSR1S1C1OT1CT-CW-SPT713,6500 - DG,Canvas White,RENAME,NC->NCI: NC6500-DG-713-13S1LSR1S1C1OT1CT-CW-SPT713 -> NCI6500-DG-713-13S1LSR1S1C1OT1CT-CW-SPT713,OK
NCI6500-DG-713-13S1LSR1S1C1OT1CT-SC,6500 - DG,Spectrum Cilantro,RENAME,NC->NCI: NC6500-DG-713-13S1LSR1S1C1OT1CT-SC -> NCI6500-DG-713-13S1LSR1S1C1OT1CT-SC,OK
NCI6500-DG-713-1C13S1CT1LS-SD,6500 - DG,Spectrum Dove,RENAME,NC->NCI: NC6500-DG-713-1C13S1CT1LS-SD -> NCI6500-DG-713-1C13S1CT1LS-SD,OK
NCI6500-DG-713-1C13S1CT1LS-RHA-SPT713,6500 - DG,Relate Harbor,RENAME,NC->NCI: NC6500-DG-713-1C13S1CT1LS-RHA-SPT713 -> NCI6500-DG-713-1C13S1CT1LS-RHA-SPT713,OK
NCI6500-DG-713-1C13S1CT1LS-CW,6500 - DG,Canvas White,RENAME,NC->NCI: NC6500-DG-713-1C13S1CT1LS-CW -> NCI6500-DG-713-1C13S1CT1LS-CW,OK
NCI6500-DG-713-1C13S1CT1LS-SC,6500 - DG,Spectrum Cilantro,RENAME,NC->NCI: NC6500-DG-713-1C13S1CT1LS-SC -> NCI6500-DG-713-1C13S1CT1LS-SC,OK
NCI6500-DG-713-1C13S1CT1LS-BD-SPT713,6500 - DG,Bliss Dew,RENAME,NC->NCI: NC6500-DG-713-1C13S1CT1LS-BD-SPT713 -> NCI6500-DG-713-1C13S1CT1LS-BD-SPT713,OK
NCI6500-DG-713-1C13S1CT1LS-CW-SPT713,6500 - DG,Canvas White,RENAME,NC->NCI: NC6500-DG-713-1C13S1CT1LS-CW-SPT713 -> NCI6500-DG-713-1C13S1CT1LS-CW-SPT713,OK
NCI6500-DG-713-13S1LSR1S1C1OT1CT-CV,6500 - DG,Canvas Navy,RENAME,NC->NCI: NC6500-DG-713-13S1LSR1S1C1OT1CT-CV -> NCI6500-DG-713-13S1LSR1S1C1OT1CT-CV,OK
NCI6500-DG-713-13S1LSR1S1C1OT1CT-DD-SPT713,6500 - DG,Direction Dew,RENAME,NC->NCI: NC6500-DG-713-13S1LSR1S1C1OT1CT-DD-SPT713 -> NCI6500-DG-713-13S1LSR1S1C1OT1CT-DD-SPT713,OK
NCI6500-DG-713-1C13S1CT1LS-DD-SPT713,6500 - DG,Direction Dew,RENAME,NC->NCI: NC6500-DG-713-1C13S1CT1LS-DD-SPT713 -> NCI6500-DG-713-1C13S1CT1LS-DD-SPT713,OK
NCI6500-DG-713-13S1LSR1S1C1OT1CT-SD-SPT713,6500 - DG,Spectrum Dove,RENAME,NC->NCI: NC6500-DG-713-13S1LSR1S1C1OT1CT-SD-SPT713 -> NCI6500-DG-713-13S1LSR1S1C1OT1CT-SD-SPT713,OK
NCI6500-DG-713-13S1LSR1S1C1OT1CT-CW,6500 - DG,Canvas White,RENAME,NC->NCI: NC6500-DG-713-13S1LSR1S1C1OT1CT-CW -> NCI6500-DG-713-13S1LSR1S1C1OT1CT-CW,OK
NCI6500-DG-713-1C1SR1LS13S1CT2CET1OT-SD,6500 - DG,Spectrum Dove,RENAME,NC->NCI: NC6500-DG-713-1C1SR1LS13S1CT2CET1OT-SD -> NCI6500-DG-713-1C1SR1LS13S1CT2CET1OT-SD,OK
NCI6500-DG-713-1C1SR1LS13S1CT2CET1OT-CV-SPT713,6500 - DG,Canvas Navy,RENAME,NC->NCI: NC6500-DG-713-1C1SR1LS13S1CT2CET1OT-CV-SPT713 -> NCI6500-DG-713-1C1SR1LS13S1CT2CET1OT-CV-SPT713,OK
NCI6500-DG-713-1C1SR1LS13S1CT2CET1OT-SC,6500 - DG,Spectrum Cilantro,RENAME,NC->NCI: NC6500-DG-713-1C1SR1LS13S1CT2CET1OT-SC -> NCI6500-DG-713-1C1SR1LS13S1CT2CET1OT-SC,OK
NCI6500-DG-713-1LLS1RLS1SCC1CT-SD,6500 - DG,Spectrum Dove,RENAME,NC->NCI: NC6500-DG-713-1LLS1RLS1SCC1CT-SD -> NCI6500-DG-713-1LLS1RLS1SCC1CT-SD,OK
NCI6500-DG-713-1LLS1RLS1SCC1CT-RHA,6500 - DG,Relate Harbor,RENAME,NC->NCI: NC6500-DG-713-1LLS1RLS1SCC1CT-RHA -> NCI6500-DG-713-1LLS1RLS1SCC1CT-RHA,OK
NCI6500-DG-713-1C1SR1LS13S1CT2CET1OT-DD,6500 - DG,Direction Dew,RENAME,NC->NCI: NC6500-DG-713-1C1SR1LS13S1CT2CET1OT-DD -> NCI6500-DG-713-1C1SR1LS13S1CT2CET1OT-DD,OK
NCI6500-DG-713-1C1SR1LS13S1CT2CET1OT-RHA,6500 - DG,Relate Harbor,RENAME,NC->NCI: NC6500-DG-713-1C1SR1LS13S1CT2CET1OT-RHA -> NCI6500-DG-713-1C1SR1LS13S1CT2CET1OT-RHA,OK
NCI6500-DG-713-1C1SR1LS13S1CT2CET1OT-CW-SPT713,6500 - DG,Canvas White,RENAME,NC->NCI: NC6500-DG-713-1C1SR1LS13S1CT2CET1OT-CW-SPT713 -> NCI6500-DG-713-1C1SR1LS13S1CT2CET1OT-CW-SPT713,OK
NCI6500-DG-713-2C13S1CT2ET-CV-SPT713,6500 - DG,Canvas Navy,RENAME,NC->NCI: NC6500-DG-713-2C13S1CT2ET-CV-SPT713 -> NCI6500-DG-713-2C13S1CT2ET-CV-SPT713,OK
NCI6500-DG-713-1LLS1RLS1SCC1CT-SD-SPT713,6500 - DG,Spectrum Dove,RENAME,NC->NCI: NC6500-DG-713-1LLS1RLS1SCC1CT-SD-SPT713 -> NCI6500-DG-713-1LLS1RLS1SCC1CT-SD-SPT713,OK
NCI6500-DG-713-1C1SR1LS13S1CT2CET1OT-BD-SPT713,6500 - DG,Bliss Dew,RENAME,NC->NCI: NC6500-DG-713-1C1SR1LS13S1CT2CET1OT-BD-SPT713 -> NCI6500-DG-713-1C1SR1LS13S1CT2CET1OT-BD-SPT713,OK
NCI6500-DG-713-2C13S1CT2ET-DD,6500 - DG,Direction Dew,RENAME,NC->NCI: NC6500-DG-713-2C13S1CT2ET-DD -> NCI6500-DG-713-2C13S1CT2ET-DD,OK
NCI6500-DG-713-2C13S1CT2ET-SC-SPT713,6500 - DG,Spectrum Cilantro,RENAME,NC->NCI: NC6500-DG-713-2C13S1CT2ET-SC-SPT713 -> NCI6500-DG-713-2C13S1CT2ET-SC-SPT713,OK
NCI6500-DG-713-2C13S1CT2ET-CW-SPT713,6500 - DG,Canvas White,RENAME,NC->NCI: NC6500-DG-713-2C13S1CT2ET-CW-SPT713 -> NCI6500-DG-713-2C13S1CT2ET-CW-SPT713,OK
NCI6500-DG-713-2C13S1CT2ET-CW,6500 - DG,Canvas White,RENAME,NC->NCI: NC6500-DG-713-2C13S1CT2ET-CW -> NCI6500-DG-713-2C13S1CT2ET-CW,OK
NCI6500-DG-713-1C1SR1LS13S1CT2CET1OT-CV,6500 - DG,Canvas Navy,RENAME,NC->NCI: NC6500-DG-713-1C1SR1LS13S1CT2CET1OT-CV -> NCI6500-DG-713-1C1SR1LS13S1CT2CET1OT-CV,OK
NCI6500-DG-713-1LLS1RLS1SCC1CT-CW,6500 - DG,Canvas White,RENAME,NC->NCI: NC6500-DG-713-1LLS1RLS1SCC1CT-CW -> NCI6500-DG-713-1LLS1RLS1SCC1CT-CW,OK
NCI6500-DG-713-1LLS1RLS1SCC1CT-DD,6500 - DG,Direction Dew,RENAME,NC->NCI: NC6500-DG-713-1LLS1RLS1SCC1CT-DD -> NCI6500-DG-713-1LLS1RLS1SCC1CT-DD,OK
NCI6500-DG-713-006-01-BD,6500 - DG,Bliss Dew,RENAME,NC->NCI: NC6500-DG-713-006-01-BD -> NCI6500-DG-713-006-01-BD,OK
NCI6500-DG-713-1C1SR1LS13S1CT2CET1OT-CW,6500 - DG,Canvas White,RENAME,NC->NCI: NC6500-DG-713-1C1SR1LS13S1CT2CET1OT-CW -> NCI6500-DG-713-1C1SR1LS13S1CT2CET1OT-CW,OK
NCI6500-DG-713-1LLS1RLS1SCC1CT-RHA-SPT713,6500 - DG,Relate Harbor,RENAME,NC->NCI: NC6500-DG-713-1LLS1RLS1SCC1CT-RHA-SPT713 -> NCI6500-DG-713-1LLS1RLS1SCC1CT-RHA-SPT713,OK
NCI6500-DG-713-1LLS1RLS1SCC1CT-BD,6500 - DG,Bliss Dew,RENAME,NC->NCI: NC6500-DG-713-1LLS1RLS1SCC1CT-BD -> NCI6500-DG-713-1LLS1RLS1SCC1CT-BD,OK
NCI6500-DG-713-1LLS1RLS1SCC1CT-SC-SPT713,6500 - DG,Spectrum Cilantro,RENAME,NC->NCI: NC6500-DG-713-1LLS1RLS1SCC1CT-SC-SPT713 -> NCI6500-DG-713-1LLS1RLS1SCC1CT-SC-SPT713,OK
NCI6500-DG-713-006-01-DD,6500 - DG,Direction Dew,RENAME,NC->NCI: NC6500-DG-713-006-01-DD -> NCI6500-DG-713-006-01-DD,OK
NCI6500-DG-713-1C1SR1LS13S1CT2CET1OT-BD,6500 - DG,Bliss Dew,RENAME,NC->NCI: NC6500-DG-713-1C1SR1LS13S1CT2CET1OT-BD -> NCI6500-DG-713-1C1SR1LS13S1CT2CET1OT-BD,OK
NCI6500-DG-713-1C13S1CT1LS-SD-SPT713,6500 - DG,Spectrum Dove,RENAME,NC->NCI: NC6500-DG-713-1C13S1CT1LS-SD-SPT713 -> NCI6500-DG-713-1C13S1CT1LS-SD-SPT713,OK
NCI6500-DG-713-2C13S1CT2ET-SC,6500 - DG,Spectrum Cilantro,RENAME,NC->NCI: NC6500-DG-713-2C13S1CT2ET-SC -> NCI6500-DG-713-2C13S1CT2ET-SC,OK
NCI6500-DG-713-2C13S1CT2ET-DD-SPT713,6500 - DG,Direction Dew,RENAME,NC->NCI: NC6500-DG-713-2C13S1CT2ET-DD-SPT713 -> NCI6500-DG-713-2C13S1CT2ET-DD-SPT713,OK
NCI6500-DG-713-2C13S1CT2ET-SD-SPT713,6500 - DG,Spectrum Dove,RENAME,NC->NCI: NC6500-DG-713-2C13S1CT2ET-SD-SPT713 -> NCI6500-DG-713-2C13S1CT2ET-SD-SPT713,OK
NCI6500-DG-713-1C13S1CT1LS-SC-SPT713,6500 - DG,Spectrum Cilantro,RENAME,NC->NCI: NC6500-DG-713-1C13S1CT1LS-SC-SPT713 -> NCI6500-DG-713-1C13S1CT1LS-SC-SPT713,OK
NCI6500-DG-713-1C1SR1LS13S1CT2CET1OT-DD-SPT713,6500 - DG,Direction Dew,RENAME,NC->NCI: NC6500-DG-713-1C1SR1LS13S1CT2CET1OT-DD-SPT713 -> NCI6500-DG-713-1C1SR1LS13S1CT2CET1OT-DD-SPT713,OK
NCI6500-DG-713-1LLS1RLS1SCC1CT-CW-SPT713,6500 - DG,Canvas White,RENAME,NC->NCI: NC6500-DG-713-1LLS1RLS1SCC1CT-CW-SPT713 -> NCI6500-DG-713-1LLS1RLS1SCC1CT-CW-SPT713,OK
NCI6500-DG-713-2C13S1CT2ET-RHA,6500 - DG,Relate Harbor,RENAME,NC->NCI: NC6500-DG-713-2C13S1CT2ET-RHA -> NCI6500-DG-713-2C13S1CT2ET-RHA,OK
NCI6500-DG-713-1LLS1RLS1SCC1CT-CV-SPT713,6500 - DG,Canvas Navy,RENAME,NC->NCI: NC6500-DG-713-1LLS1RLS1SCC1CT-CV-SPT713 -> NCI6500-DG-713-1LLS1RLS1SCC1CT-CV-SPT713,OK
NCI6500-DG-713-006-01-SC,6500 - DG,Spectrum Cilantro,RENAME,NC->NCI: NC6500-DG-713-006-01-SC -> NCI6500-DG-713-006-01-SC,OK
NCI6500-DG-713-2C13S1CT2ET-BD-SPT713,6500 - DG,Bliss Dew,RENAME,NC->NCI: NC6500-DG-713-2C13S1CT2ET-BD-SPT713 -> NCI6500-DG-713-2C13S1CT2ET-BD-SPT713,OK
NCI6500-DG-713-006-01-RHA,6500 - DG,Relate Harbor,RENAME,NC->NCI: NC6500-DG-713-006-01-RHA -> NCI6500-DG-713-006-01-RHA,OK
NCI6500-DG-713-2C13S1CT2ET-CV,6500 - DG,Canvas Navy,RENAME,NC->NCI: NC6500-DG-713-2C13S1CT2ET-CV -> NCI6500-DG-713-2C13S1CT2ET-CV,OK
NCI6500-DG-713-006-01-SD,6500 - DG,Spectrum Dove,RENAME,NC->NCI: NC6500-DG-713-006-01-SD -> NCI6500-DG-713-006-01-SD,OK
NCI6500-DG-713-1LLS1RLS1SCC1MC1CT-RHA-SPT713,6500 - DG,Relate Harbor,RENAME,NC->NCI: NC6500-DG-713-1LLS1RLS1SCC1MC1CT-RHA-SPT713 -> NCI6500-DG-713-1LLS1RLS1SCC1MC1CT-RHA-SPT713,OK
NCI6500-DG-713-2C13S1CT2ET-BD,6500 - DG,Bliss Dew,RENAME,NC->NCI: NC6500-DG-713-2C13S1CT2ET-BD -> NCI6500-DG-713-2C13S1CT2ET-BD,OK
NCI6500-DG-713-1LLS1RLS1SCC1MC1CT-DD-SPT713,6500 - DG,Direction Dew,RENAME,NC->NCI: NC6500-DG-713-1LLS1RLS1SCC1MC1CT-DD-SPT713 -> NCI6500-DG-713-1LLS1RLS1SCC1MC1CT-DD-SPT713,OK
NCI6500-DG-713-1LLS1RLS1SCC1CT-DD-SPT713,6500 - DG,Direction Dew,RENAME,NC->NCI: NC6500-DG-713-1LLS1RLS1SCC1CT-DD-SPT713 -> NCI6500-DG-713-1LLS1RLS1SCC1CT-DD-SPT713,OK
NCI6500-DG-713-1LLS1RLS1SCC1MC1CT-CW,6500 - DG,Canvas White,RENAME,NC->NCI: NC6500-DG-713-1LLS1RLS1SCC1MC1CT-CW -> NCI6500-DG-713-1LLS1RLS1SCC1MC1CT-CW,OK
NCI6500-DG-713-1C1SR1LS13S1CT2CET1OT-SD-SPT713,6500 - DG,Spectrum Dove,RENAME,NC->NCI: NC6500-DG-713-1C1SR1LS13S1CT2CET1OT-SD-SPT713 -> NCI6500-DG-713-1C1SR1LS13S1CT2CET1OT-SD-SPT713,OK
NCI6500-DG-713-1LLS1RLS1SCC1MC1CT-SD-SPT713,6500 - DG,Spectrum Dove,RENAME,NC->NCI: NC6500-DG-713-1LLS1RLS1SCC1MC1CT-SD-SPT713 -> NCI6500-DG-713-1LLS1RLS1SCC1MC1CT-SD-SPT713,OK
NCI6500-DG-713-006-01-DD-SPT713,6500 - DG,Direction Dew,RENAME,NC->NCI: NC6500-DG-713-006-01-DD-SPT713 -> NCI6500-DG-713-006-01-DD-SPT713,OK
NCI6500-DG-713-006-01-BD-SPT713,6500 - DG,Bliss Dew,RENAME,NC->NCI: NC6500-DG-713-006-01-BD-SPT713 -> NCI6500-DG-713-006-01-BD-SPT713,OK
NCI6500-DG-713-2C13S1CT2ET-RHA-SPT713,6500 - DG,Relate Harbor,RENAME,NC->NCI: NC6500-DG-713-2C13S1CT2ET-RHA-SPT713 -> NCI6500-DG-713-2C13S1CT2ET-RHA-SPT713,OK
NCI6500-DG-713-006-01-RHA-SPT713,6500 - DG,Relate Harbor,RENAME,NC->NCI: NC6500-DG-713-006-01-RHA-SPT713 -> NCI6500-DG-713-006-01-RHA-SPT713,OK
NCI6500-DG-713-1LLS1RLS1SCC1CT-CV,6500 - DG,Canvas Navy,RENAME,NC->NCI: NC6500-DG-713-1LLS1RLS1SCC1CT-CV -> NCI6500-DG-713-1LLS1RLS1SCC1CT-CV,OK
NCI6500-DG-713-006-01-SC-SPT713,6500 - DG,Spectrum Cilantro,RENAME,NC->NCI: NC6500-DG-713-006-01-SC-SPT713 -> NCI6500-DG-713-006-01-SC-SPT713,OK
NCI6500-DG-713-1LLS1RLS1SCC1CT-SC,6500 - DG,Spectrum Cilantro,RENAME,NC->NCI: NC6500-DG-713-1LLS1RLS1SCC1CT-SC -> NCI6500-DG-713-1LLS1RLS1SCC1CT-SC,OK
NCI6500-DG-713-006-01-SD-SPT713,6500 - DG,Spectrum Dove,RENAME,NC->NCI: NC6500-DG-713-006-01-SD-SPT713 -> NCI6500-DG-713-006-01-SD-SPT713,OK
NCI6500-DG-713-2C13S1CT2ET-SD,6500 - DG,Spectrum Dove,RENAME,NC->NCI: NC6500-DG-713-2C13S1CT2ET-SD -> NCI6500-DG-713-2C13S1CT2ET-SD,OK
NCI6500-DG-713-001-01-CV,6500 - DG,Canvas Navy,RENAME,NC->NCI: NC6500-DG-713-001-01-CV -> NCI6500-DG-713-001-01-CV,OK
NCI6500-DG-713-4SR-SC,6500 - DG,Spectrum Cilantro,RENAME,NC->NCI: NC6500-DG-713-4SR-SC -> NCI6500-DG-713-4SR-SC,OK
NCI6500-DG-713-4SR-SD,6500 - DG,Spectrum Dove,RENAME,NC->NCI: NC6500-DG-713-4SR-SD -> NCI6500-DG-713-4SR-SD,OK
NCI6500-DG-713-001-01-BD,6500 - DG,Bliss Dew,RENAME,NC->NCI: NC6500-DG-713-001-01-BD -> NCI6500-DG-713-001-01-BD,OK
NCI6500-DG-713-4SR-CW-SPT713,6500 - DG,Canvas White,RENAME,NC->NCI: NC6500-DG-713-4SR-CW-SPT713 -> NCI6500-DG-713-4SR-CW-SPT713,OK
NCI6500-DG-713-4SR-SC-SPT713,6500 - DG,Spectrum Cilantro,RENAME,NC->NCI: NC6500-DG-713-4SR-SC-SPT713 -> NCI6500-DG-713-4SR-SC-SPT713,OK
NCI6500-DG-713-1LLS1RLS1SCC1MC1CT-CW-SPT713,6500 - DG,Canvas White,RENAME,NC->NCI: NC6500-DG-713-1LLS1RLS1SCC1MC1CT-CW-SPT713 -> NCI6500-DG-713-1LLS1RLS1SCC1MC1CT-CW-SPT713,OK
NCI6500-DG-713-001-01-RHA,6500 - DG,Relate Harbor,RENAME,NC->NCI: NC6500-DG-713-001-01-RHA -> NCI6500-DG-713-001-01-RHA,OK
NCI6500-DG-713-001-01-DD,6500 - DG,Direction Dew,RENAME,NC->NCI: NC6500-DG-713-001-01-DD -> NCI6500-DG-713-001-01-DD,OK
NCI6500-DG-713-4SR-BD-SPT713,6500 - DG,Bliss Dew,RENAME,NC->NCI: NC6500-DG-713-4SR-BD-SPT713 -> NCI6500-DG-713-4SR-BD-SPT713,OK
NCI6500-DG-713-1LLS1RLS1SCC1CT-BD-SPT713,6500 - DG,Bliss Dew,RENAME,NC->NCI: NC6500-DG-713-1LLS1RLS1SCC1CT-BD-SPT713 -> NCI6500-DG-713-1LLS1RLS1SCC1CT-BD-SPT713,OK
NCI6500-DG-713-4SR-CV,6500 - DG,Canvas Navy,RENAME,NC->NCI: NC6500-DG-713-4SR-CV -> NCI6500-DG-713-4SR-CV,OK
NCI6500-DG-713-1C1SR1LS13S1CT2CET1OT-SC-SPT713,6500 - DG,Spectrum Cilantro,RENAME,NC->NCI: NC6500-DG-713-1C1SR1LS13S1CT2CET1OT-SC-SPT713 -> NCI6500-DG-713-1C1SR1LS13S1CT2CET1OT-SC-SPT713,OK
NCI6500-DG-713-1LLS1RLS1SCC1MC1CT-BD,6500 - DG,Bliss Dew,RENAME,NC->NCI: NC6500-DG-713-1LLS1RLS1SCC1MC1CT-BD -> NCI6500-DG-713-1LLS1RLS1SCC1MC1CT-BD,OK
NCI6500-DG-713-1LLS1RLS1SCC1MC1CT-CV,6500 - DG,Canvas Navy,RENAME,NC->NCI: NC6500-DG-713-1LLS1RLS1SCC1MC1CT-CV -> NCI6500-DG-713-1LLS1RLS1SCC1MC1CT-CV,OK
NCI6500-DG-713-1LLS1RLS1SCC1MC1CT-DD,6500 - DG,Direction Dew,RENAME,NC->NCI: NC6500-DG-713-1LLS1RLS1SCC1MC1CT-DD -> NCI6500-DG-713-1LLS1RLS1SCC1MC1CT-DD,OK
NCI6500-DG-713-1LLS1RLS1SCC1MC1CT-BD-SPT713,6500 - DG,Bliss Dew,RENAME,NC->NCI: NC6500-DG-713-1LLS1RLS1SCC1MC1CT-BD-SPT713 -> NCI6500-DG-713-1LLS1RLS1SCC1MC1CT-BD-SPT713,OK
NCI6500-DG-713-1LLS1RLS1SCC1MC1CT-SD,6500 - DG,Spectrum Dove,RENAME,NC->NCI: NC6500-DG-713-1LLS1RLS1SCC1MC1CT-SD -> NCI6500-DG-713-1LLS1RLS1SCC1MC1CT-SD,OK
NCI6500-DG-713-1LLS1RLS1SCC1MC1CT-SC-SPT713,6500 - DG,Spectrum Cilantro,RENAME,NC->NCI: NC6500-DG-713-1LLS1RLS1SCC1MC1CT-SC-SPT713 -> NCI6500-DG-713-1LLS1RLS1SCC1MC1CT-SC-SPT713,OK
NCI6500-DG-713-4SR-DD,6500 - DG,Direction Dew,RENAME,NC->NCI: NC6500-DG-713-4SR-DD -> NCI6500-DG-713-4SR-DD,OK
NCI6500-DG-713-4SR-CW,6500 - DG,Canvas White,RENAME,NC->NCI: NC6500-DG-713-4SR-CW -> NCI6500-DG-713-4SR-CW,OK
NCI6500-DG-713-2C1CT1LS-CV-SPT713,6500 - DG,Canvas Navy,RENAME,NC->NCI: NC6500-DG-713-2C1CT1LS-CV-SPT713 -> NCI6500-DG-713-2C1CT1LS-CV-SPT713,OK
NCI6500-DG-713-1LLS1RLS1SCC1MC1CT-CV-SPT713,6500 - DG,Canvas Navy,RENAME,NC->NCI: NC6500-DG-713-1LLS1RLS1SCC1MC1CT-CV-SPT713 -> NCI6500-DG-713-1LLS1RLS1SCC1MC1CT-CV-SPT713,OK
NCI6500-DG-713-2C1CT1LS-RHA,6500 - DG,Relate Harbor,RENAME,NC->NCI: NC6500-DG-713-2C1CT1LS-RHA -> NCI6500-DG-713-2C1CT1LS-RHA,OK
NCI6500-DG-713-2C1CT1LS-SD,6500 - DG,Spectrum Dove,RENAME,NC->NCI: NC6500-DG-713-2C1CT1LS-SD -> NCI6500-DG-713-2C1CT1LS-SD,OK
NCI6500-DG-713-2C1CT1LS-SC,6500 - DG,Spectrum Cilantro,RENAME,NC->NCI: NC6500-DG-713-2C1CT1LS-SC -> NCI6500-DG-713-2C1CT1LS-SC,OK
NCI6500-DG-713-1LLS1RLS1SCC1MC1CT-SC,6500 - DG,Spectrum Cilantro,RENAME,NC->NCI: NC6500-DG-713-1LLS1RLS1SCC1MC1CT-SC -> NCI6500-DG-713-1LLS1RLS1SCC1MC1CT-SC,OK
NCI6500-DG-713-1LLS1RLS1SCC1MC1CT-RHA,6500 - DG,Relate Harbor,RENAME,NC->NCI: NC6500-DG-713-1LLS1RLS1SCC1MC1CT-RHA -> NCI6500-DG-713-1LLS1RLS1SCC1MC1CT-RHA,OK
NCI6500-DG-713-1C1SR1LS13S1CT2CET1OT-RHA-SPT713,6500 - DG,Relate Harbor,RENAME,NC->NCI: NC6500-DG-713-1C1SR1LS13S1CT2CET1OT-RHA-SPT713 -> NCI6500-DG-713-1C1SR1LS13S1CT2CET1OT-RHA-SPT713,OK
NCI6500-DG-713-4SR-RHA,6500 - DG,Relate Harbor,RENAME,NC->NCI: NC6500-DG-713-4SR-RHA -> NCI6500-DG-713-4SR-RHA,OK
NCI6500-DG-713-2C1CT1LS-CW-SPT713,6500 - DG,Canvas White,RENAME,NC->NCI: NC6500-DG-713-2C1CT1LS-CW-SPT713 -> NCI6500-DG-713-2C1CT1LS-CW-SPT713,OK
NCI6500-DG-713-4SR-SD-SPT713,6500 - DG,Spectrum Dove,RENAME,NC->NCI: NC6500-DG-713-4SR-SD-SPT713 -> NCI6500-DG-713-4SR-SD-SPT713,OK
NCI6500-DG-713-2C1CT1LS-BD-SPT713,6500 - DG,Bliss Dew,RENAME,NC->NCI: NC6500-DG-713-2C1CT1LS-BD-SPT713 -> NCI6500-DG-713-2C1CT1LS-BD-SPT713,OK
NCI6500-DG-713-2C1CT1LS-BD,6500 - DG,Bliss Dew,RENAME,NC->NCI: NC6500-DG-713-2C1CT1LS-BD -> NCI6500-DG-713-2C1CT1LS-BD,OK
NCI6500-DG-713-2C1CT1LS-CW,6500 - DG,Canvas White,RENAME,NC->NCI: NC6500-DG-713-2C1CT1LS-CW -> NCI6500-DG-713-2C1CT1LS-CW,OK
NCI6500-DG-713-2C1CT1LS-RHA-SPT713,6500 - DG,Relate Harbor,RENAME,NC->NCI: NC6500-DG-713-2C1CT1LS-RHA-SPT713 -> NCI6500-DG-713-2C1CT1LS-RHA-SPT713,OK
NCI6500-DG-713-2C1CT1LS-SC-SPT713,6500 - DG,Spectrum Cilantro,RENAME,NC->NCI: NC6500-DG-713-2C1CT1LS-SC-SPT713 -> NCI6500-DG-713-2C1CT1LS-SC-SPT713,OK
NCI6500-DG-713-2C1CT1LS-DD,6500 - DG,Direction Dew,RENAME,NC->NCI: NC6500-DG-713-2C1CT1LS-DD -> NCI6500-DG-713-2C1CT1LS-DD,OK
NCI6500-DG-713-001-01-CW-SPT713,6500 - DG,Canvas White,RENAME,NC->NCI: NC6500-DG-713-001-01-CW-SPT713 -> NCI6500-DG-713-001-01-CW-SPT713,OK
NCI6500-DG-713-2C1CT1LS-DD-SPT713,6500 - DG,Direction Dew,RENAME,NC->NCI: NC6500-DG-713-2C1CT1LS-DD-SPT713 -> NCI6500-DG-713-2C1CT1LS-DD-SPT713,OK
NCI6500-DG-713-052-01-CW,6500 - DG,Canvas White,RENAME,NC->NCI: NC6500-DG-713-052-01-CW -> NCI6500-DG-713-052-01-CW,OK
NCI6500-DG-713-2C1CT1LS-SD-SPT713,6500 - DG,Spectrum Dove,RENAME,NC->NCI: NC6500-DG-713-2C1CT1LS-SD-SPT713 -> NCI6500-DG-713-2C1CT1LS-SD-SPT713,OK
NCI6500-DG-713-001-01-CV-SPT713,6500 - DG,Canvas Navy,RENAME,NC->NCI: NC6500-DG-713-001-01-CV-SPT713 -> NCI6500-DG-713-001-01-CV-SPT713,OK
NCI6500-DG-713-4SR-RHA-SPT713,6500 - DG,Relate Harbor,RENAME,NC->NCI: NC6500-DG-713-4SR-RHA-SPT713 -> NCI6500-DG-713-4SR-RHA-SPT713,OK
NCI6500-DG-713-4SR-CV-SPT713,6500 - DG,Canvas Navy,RENAME,NC->NCI: NC6500-DG-713-4SR-CV-SPT713 -> NCI6500-DG-713-4SR-CV-SPT713,OK
NCI6500-DG-713-4SR-BD,6500 - DG,Bliss Dew,RENAME,NC->NCI: NC6500-DG-713-4SR-BD -> NCI6500-DG-713-4SR-BD,OK
NCI6500-DG-713-052-01-DD,6500 - DG,Direction Dew,RENAME,NC->NCI: NC6500-DG-713-052-01-DD -> NCI6500-DG-713-052-01-DD,OK
NCI6500-DG-713-001-01-RHA-SPT713,6500 - DG,Relate Harbor,RENAME,NC->NCI: NC6500-DG-713-001-01-RHA-SPT713 -> NCI6500-DG-713-001-01-RHA-SPT713,OK
NCI6500-DG-713-001-01-SC,6500 - DG,Spectrum Cilantro,RENAME,NC->NCI: NC6500-DG-713-001-01-SC -> NCI6500-DG-713-001-01-SC,OK
NCI6500-DG-713-2C1CT1LS-CV,6500 - DG,Canvas Navy,RENAME,NC->NCI: NC6500-DG-713-2C1CT1LS-CV -> NCI6500-DG-713-2C1CT1LS-CV,OK
NCI6500-DG-713-052-01-CV,6500 - DG,Canvas Navy,RENAME,NC->NCI: NC6500-DG-713-052-01-CV -> NCI6500-DG-713-052-01-CV,OK
NCI6500-DG-713-052-01-RHA,6500 - DG,Relate Harbor,RENAME,NC->NCI: NC6500-DG-713-052-01-RHA -> NCI6500-DG-713-052-01-RHA,OK
NCI6500-DG-713-001-01-DD-SPT713,6500 - DG,Direction Dew,RENAME,NC->NCI: NC6500-DG-713-001-01-DD-SPT713 -> NCI6500-DG-713-001-01-DD-SPT713,OK
NCI6500-DG-713-001-01-SD-SPT713,6500 - DG,Spectrum Dove,RENAME,NC->NCI: NC6500-DG-713-001-01-SD-SPT713 -> NCI6500-DG-713-001-01-SD-SPT713,OK
NCI6500-DG-713-052-01-SD,6500 - DG,Spectrum Dove,RENAME,NC->NCI: NC6500-DG-713-052-01-SD -> NCI6500-DG-713-052-01-SD,OK
NCI6500-DG-713-052-01-SC,6500 - DG,Spectrum Cilantro,RENAME,NC->NCI: NC6500-DG-713-052-01-SC -> NCI6500-DG-713-052-01-SC,OK
NCI6500-DG-713-052-01-CW-SPT713,6500 - DG,Canvas White,RENAME,NC->NCI: NC6500-DG-713-052-01-CW-SPT713 -> NCI6500-DG-713-052-01-CW-SPT713,OK
NCI6500-DG-713-001-01-SC-SPT713,6500 - DG,Spectrum Cilantro,RENAME,NC->NCI: NC6500-DG-713-001-01-SC-SPT713 -> NCI6500-DG-713-001-01-SC-SPT713,OK
NCI6500-DG-713-052-01-CV-SPT713,6500 - DG,Canvas Navy,RENAME,NC->NCI: NC6500-DG-713-052-01-CV-SPT713 -> NCI6500-DG-713-052-01-CV-SPT713,OK
NCI6500-DG-713-052-01-BD-SPT713,6500 - DG,Bliss Dew,RENAME,NC->NCI: NC6500-DG-713-052-01-BD-SPT713 -> NCI6500-DG-713-052-01-BD-SPT713,OK
NCI6500-DG-713-052-01-DD-SPT713,6500 - DG,Direction Dew,RENAME,NC->NCI: NC6500-DG-713-052-01-DD-SPT713 -> NCI6500-DG-713-052-01-DD-SPT713,OK
NCI6500-DG-713-052-01-BD,6500 - DG,Bliss Dew,RENAME,NC->NCI: NC6500-DG-713-052-01-BD -> NCI6500-DG-713-052-01-BD,OK
NCI6500-DG-713-4SR-DD-SPT713,6500 - DG,Direction Dew,RENAME,NC->NCI: NC6500-DG-713-4SR-DD-SPT713 -> NCI6500-DG-713-4SR-DD-SPT713,OK
NCI6500-DG-713-052-01-RHA-SPT713,6500 - DG,Relate Harbor,RENAME,NC->NCI: NC6500-DG-713-052-01-RHA-SPT713 -> NCI6500-DG-713-052-01-RHA-SPT713,OK
NCI6500-DG-713-052-01-SC-SPT713,6500 - DG,Spectrum Cilantro,RENAME,NC->NCI: NC6500-DG-713-052-01-SC-SPT713 -> NCI6500-DG-713-052-01-SC-SPT713,OK
NCI6500-DG-713-001-01-SD,6500 - DG,Spectrum Dove,RENAME,NC->NCI: NC6500-DG-713-001-01-SD -> NCI6500-DG-713-001-01-SD,OK
NCI6500-DG-713-001-01-BD-SPT713,6500 - DG,Bliss Dew,RENAME,NC->NCI: NC6500-DG-713-001-01-BD-SPT713 -> NCI6500-DG-713-001-01-BD-SPT713,OK
NCI6500-DG-713-052-01-SD-SPT713,6500 - DG,Spectrum Dove,RENAME,NC->NCI: NC6500-DG-713-052-01-SD-SPT713 -> NCI6500-DG-713-052-01-SD-SPT713,OK
NCI6500-DG-713-002-01-DD,6500 - DG,Direction Dew,RENAME,NC->NCI: NC6500-DG-713-002-01-DD -> NCI6500-DG-713-002-01-DD,OK
NCI6500-DG-713-002-01-BD,6500 - DG,Bliss Dew,RENAME,NC->NCI: NC6500-DG-713-002-01-BD -> NCI6500-DG-713-002-01-BD,OK
NCI6500-DG-713-002-01-SC,6500 - DG,Spectrum Cilantro,RENAME,NC->NCI: NC6500-DG-713-002-01-SC -> NCI6500-DG-713-002-01-SC,OK
NCI6500-DG-713-002-01-RHA,6500 - DG,Relate Harbor,RENAME,NC->NCI: NC6500-DG-713-002-01-RHA -> NCI6500-DG-713-002-01-RHA,OK
NCI6500-DG-713-002-01-DD-SPT713,6500 - DG,Direction Dew,RENAME,NC->NCI: NC6500-DG-713-002-01-DD-SPT713 -> NCI6500-DG-713-002-01-DD-SPT713,OK
NCI6500-DG-713-002-01-RHA-SPT713,6500 - DG,Relate Harbor,RENAME,NC->NCI: NC6500-DG-713-002-01-RHA-SPT713 -> NCI6500-DG-713-002-01-RHA-SPT713,OK
NCI6500-DG-713-002-01-SD,6500 - DG,Spectrum Dove,RENAME,NC->NCI: NC6500-DG-713-002-01-SD -> NCI6500-DG-713-002-01-SD,OK
NCI6500-DG-713-002-01-BD-SPT713,6500 - DG,Bliss Dew,RENAME,NC->NCI: NC6500-DG-713-002-01-BD-SPT713 -> NCI6500-DG-713-002-01-BD-SPT713,OK
NCI6500SECT-DG-713-053-01-DD-SPT713,6500 - DG,Direction Dew,RENAME,NC->NCI: NC6500SECT-DG-713-053-01-DD-SPT713 -> NCI6500SECT-DG-713-053-01-DD-SPT713,OK
NCI6500SECT-DG-713-053-01-CW,6500 - DG,Canvas White,RENAME,NC->NCI: NC6500SECT-DG-713-053-01-CW -> NCI6500SECT-DG-713-053-01-CW,OK
NCI6500SECT-DG-713-053-01-CV,6500 - DG,Canvas Navy,RENAME,NC->NCI: NC6500SECT-DG-713-053-01-CV -> NCI6500SECT-DG-713-053-01-CV,OK
NCI6500-DG-713-260-01-CV,6500 - DG,Canvas Navy,RENAME,NC->NCI: NC6500-DG-713-260-01-CV -> NCI6500-DG-713-260-01-CV,OK
NCI6500SECT-DG-713-053-01-RHA,6500 - DG,Relate Harbor,RENAME,NC->NCI: NC6500SECT-DG-713-053-01-RHA -> NCI6500SECT-DG-713-053-01-RHA,OK
NCI6500SECT-DG-713-053-01-RHA-SPT713,6500 - DG,Relate Harbor,RENAME,NC->NCI: NC6500SECT-DG-713-053-01-RHA-SPT713 -> NCI6500SECT-DG-713-053-01-RHA-SPT713,OK
NCI6500SECT-DG-713-053-01-SD,6500 - DG,Spectrum Dove,RENAME,NC->NCI: NC6500SECT-DG-713-053-01-SD -> NCI6500SECT-DG-713-053-01-SD,OK
NCI6500-DG-713-260-01-CW,6500 - DG,Canvas White,RENAME,NC->NCI: NC6500-DG-713-260-01-CW -> NCI6500-DG-713-260-01-CW,OK
NCI6500SECT-DG-713-053-01-SC-SPT713,6500 - DG,Spectrum Cilantro,RENAME,NC->NCI: NC6500SECT-DG-713-053-01-SC-SPT713 -> NCI6500SECT-DG-713-053-01-SC-SPT713,OK
NCI6500-DG-713-260-01-DD,6500 - DG,Direction Dew,RENAME,NC->NCI: NC6500-DG-713-260-01-DD -> NCI6500-DG-713-260-01-DD,OK
NCI6500-DG-713-260-01-SD,6500 - DG,Spectrum Dove,RENAME,NC->NCI: NC6500-DG-713-260-01-SD -> NCI6500-DG-713-260-01-SD,OK
NCI6500SECT-DG-713-053-01-SC,6500 - DG,Spectrum Cilantro,RENAME,NC->NCI: NC6500SECT-DG-713-053-01-SC -> NCI6500SECT-DG-713-053-01-SC,OK
NCI6500-DG-713-002-01-SC-SPT713,6500 - DG,Spectrum Cilantro,RENAME,NC->NCI: NC6500-DG-713-002-01-SC-SPT713 -> NCI6500-DG-713-002-01-SC-SPT713,OK
NCI6500SECT-DG-713-053-01-CV-SPT713,6500 - DG,Canvas Navy,RENAME,NC->NCI: NC6500SECT-DG-713-053-01-CV-SPT713 -> NCI6500SECT-DG-713-053-01-CV-SPT713,OK
NCI6500SECT-DG-713-053-01-BD,6500 - DG,Bliss Dew,RENAME,NC->NCI: NC6500SECT-DG-713-053-01-BD -> NCI6500SECT-DG-713-053-01-BD,OK
NCI6500-DG-713-002-01-SD-SPT713,6500 - DG,Spectrum Dove,RENAME,NC->NCI: NC6500-DG-713-002-01-SD-SPT713 -> NCI6500-DG-713-002-01-SD-SPT713,OK
NCI6500SECT-DG-713-053-01-CW-SPT713,6500 - DG,Canvas White,RENAME,NC->NCI: NC6500SECT-DG-713-053-01-CW-SPT713 -> NCI6500SECT-DG-713-053-01-CW-SPT713,OK
NCI6500SECT-DG-713-053-01-DD,6500 - DG,Direction Dew,RENAME,NC->NCI: NC6500SECT-DG-713-053-01-DD -> NCI6500SECT-DG-713-053-01-DD,OK
NCI6500SECT-DG-713-053-01-BD-SPT713,6500 - DG,Bliss Dew,RENAME,NC->NCI: NC6500SECT-DG-713-053-01-BD-SPT713 -> NCI6500SECT-DG-713-053-01-BD-SPT713,OK
NCI6500SECT-DG-713-053-01-SD-SPT713,6500 - DG,Spectrum Dove,RENAME,NC->NCI: NC6500SECT-DG-713-053-01-SD-SPT713 -> NCI6500SECT-DG-713-053-01-SD-SPT713,OK
NCI6500-DG-713-260-01-BD,6500 - DG,Bliss Dew,RENAME,NC->NCI: NC6500-DG-713-260-01-BD -> NCI6500-DG-713-260-01-BD,OK
NCI6500-DG-713-260-01-RHA,6500 - DG,Relate Harbor,RENAME,NC->NCI: NC6500-DG-713-260-01-RHA -> NCI6500-DG-713-260-01-RHA,OK
NCI6500-DG-713-260-01-BD-SPT713,6500 - DG,Bliss Dew,RENAME,NC->NCI: NC6500-DG-713-260-01-BD-SPT713 -> NCI6500-DG-713-260-01-BD-SPT713,OK
NCI6500-DG-713-260-01-SC,6500 - DG,Spectrum Cilantro,RENAME,NC->NCI: NC6500-DG-713-260-01-SC -> NCI6500-DG-713-260-01-SC,OK
NCI6500-DG-713-260-01-CW-SPT713,6500 - DG,Canvas White,RENAME,NC->NCI: NC6500-DG-713-260-01-CW-SPT713 -> NCI6500-DG-713-260-01-CW-SPT713,OK
NCI6500-DG-713-260-01-DD-SPT713,6500 - DG,Direction Dew,RENAME,NC->NCI: NC6500-DG-713-260-01-DD-SPT713 -> NCI6500-DG-713-260-01-DD-SPT713,OK
NCI6500-DG-713-260-01-SC-SPT713,6500 - DG,Spectrum Cilantro,RENAME,NC->NCI: NC6500-DG-713-260-01-SC-SPT713 -> NCI6500-DG-713-260-01-SC-SPT713,OK
NCI6500-DG-713-260-01-RHA-SPT713,6500 - DG,Relate Harbor,RENAME,NC->NCI: NC6500-DG-713-260-01-RHA-SPT713 -> NCI6500-DG-713-260-01-RHA-SPT713,OK
NCI6500-DG-713-260-01-SD-SPT713,6500 - DG,Spectrum Dove,RENAME,NC->NCI: NC6500-DG-713-260-01-SD-SPT713 -> NCI6500-DG-713-260-01-SD-SPT713,OK
NCI6500-DG-696-13S1LSR1S1C1OT1CT-CV,6500 - DG,Canvas Navy,RENAME,NC->NCI: NC6500-DG-696-13S1LSR1S1C1OT1CT-CV -> NCI6500-DG-696-13S1LSR1S1C1OT1CT-CV,OK
NCI6500-DG-696-13S1LSR1S1C1OT1CT-SC,6500 - DG,Spectrum Cilantro,RENAME,NC->NCI: NC6500-DG-696-13S1LSR1S1C1OT1CT-SC -> NCI6500-DG-696-13S1LSR1S1C1OT1CT-SC,OK
NCI6500-DG-696-13S1LSR1S1C1OT1CT-RHA,6500 - DG,Relate Harbor,RENAME,NC->NCI: NC6500-DG-696-13S1LSR1S1C1OT1CT-RHA -> NCI6500-DG-696-13S1LSR1S1C1OT1CT-RHA,OK
NCI6500-DG-696-13S1LSR1S1C1OT1CT-SD,6500 - DG,Spectrum Dove,RENAME,NC->NCI: NC6500-DG-696-13S1LSR1S1C1OT1CT-SD -> NCI6500-DG-696-13S1LSR1S1C1OT1CT-SD,OK
NCI6500-DG-696-1C13S1CT1LS-SC,6500 - DG,Spectrum Cilantro,RENAME,NC->NCI: NC6500-DG-696-1C13S1CT1LS-SC -> NCI6500-DG-696-1C13S1CT1LS-SC,OK
NCI6500-DG-696-1C13S1CT1LS-BD-SPT696,6500 - DG,Bliss Dew,RENAME,NC->NCI: NC6500-DG-696-1C13S1CT1LS-BD-SPT696 -> NCI6500-DG-696-1C13S1CT1LS-BD-SPT696,OK
NCI6500-DG-696-13S1LSR1S1C1OT1CT-SD-SPT696,6500 - DG,Spectrum Dove,RENAME,NC->NCI: NC6500-DG-696-13S1LSR1S1C1OT1CT-SD-SPT696 -> NCI6500-DG-696-13S1LSR1S1C1OT1CT-SD-SPT696,OK
NCI6500-DG-696-13S1LSR1S1C1OT1CT-CW,6500 - DG,Canvas White,RENAME,NC->NCI: NC6500-DG-696-13S1LSR1S1C1OT1CT-CW -> NCI6500-DG-696-13S1LSR1S1C1OT1CT-CW,OK
NCI6500-DG-696-1C13S1CT1LS-CW,6500 - DG,Canvas White,RENAME,NC->NCI: NC6500-DG-696-1C13S1CT1LS-CW -> NCI6500-DG-696-1C13S1CT1LS-CW,OK
NCI6500-DG-696-1C13S1CT1LS-CV-SPT696,6500 - DG,Canvas Navy,RENAME,NC->NCI: NC6500-DG-696-1C13S1CT1LS-CV-SPT696 -> NCI6500-DG-696-1C13S1CT1LS-CV-SPT696,OK
NCI6500-DG-696-13S1LSR1S1C1OT1CT-DD-SPT696,6500 - DG,Direction Dew,RENAME,NC->NCI: NC6500-DG-696-13S1LSR1S1C1OT1CT-DD-SPT696 -> NCI6500-DG-696-13S1LSR1S1C1OT1CT-DD-SPT696,OK
NCI6500-DG-696-1C13S1CT1LS-DD-SPT696,6500 - DG,Direction Dew,RENAME,NC->NCI: NC6500-DG-696-1C13S1CT1LS-DD-SPT696 -> NCI6500-DG-696-1C13S1CT1LS-DD-SPT696,OK
NCI6500-DG-696-13S1LSR1S1C1OT1CT-CV-SPT696,6500 - DG,Canvas Navy,RENAME,NC->NCI: NC6500-DG-696-13S1LSR1S1C1OT1CT-CV-SPT696 -> NCI6500-DG-696-13S1LSR1S1C1OT1CT-CV-SPT696,OK
NCI6500-DG-696-1C1SR1LS13S1CT2CET1OT-CV,6500 - DG,Canvas Navy,RENAME,NC->NCI: NC6500-DG-696-1C1SR1LS13S1CT2CET1OT-CV -> NCI6500-DG-696-1C1SR1LS13S1CT2CET1OT-CV,OK
NCI6500-DG-696-1C13S1CT1LS-DD,6500 - DG,Direction Dew,RENAME,NC->NCI: NC6500-DG-696-1C13S1CT1LS-DD -> NCI6500-DG-696-1C13S1CT1LS-DD,OK
NCI6500-DG-696-1C1SR1LS13S1CT2CET1OT-CW,6500 - DG,Canvas White,RENAME,NC->NCI: NC6500-DG-696-1C1SR1LS13S1CT2CET1OT-CW -> NCI6500-DG-696-1C1SR1LS13S1CT2CET1OT-CW,OK
NCI6500-DG-696-1C13S1CT1LS-RHA,6500 - DG,Relate Harbor,RENAME,NC->NCI: NC6500-DG-696-1C13S1CT1LS-RHA -> NCI6500-DG-696-1C13S1CT1LS-RHA,OK
NCI6500-DG-696-13S1LSR1S1C1OT1CT-BD-SPT696,6500 - DG,Bliss Dew,RENAME,NC->NCI: NC6500-DG-696-13S1LSR1S1C1OT1CT-BD-SPT696 -> NCI6500-DG-696-13S1LSR1S1C1OT1CT-BD-SPT696,OK
NCI6500-DG-696-1C1SR1LS13S1CT2CET1OT-CV-SPT696,6500 - DG,Canvas Navy,RENAME,NC->NCI: NC6500-DG-696-1C1SR1LS13S1CT2CET1OT-CV-SPT696 -> NCI6500-DG-696-1C1SR1LS13S1CT2CET1OT-CV-SPT696,OK
NCI6500-DG-696-1C1SR1LS13S1CT2CET1OT-SD-SPT696,6500 - DG,Spectrum Dove,RENAME,NC->NCI: NC6500-DG-696-1C1SR1LS13S1CT2CET1OT-SD-SPT696 -> NCI6500-DG-696-1C1SR1LS13S1CT2CET1OT-SD-SPT696,OK
NCI6500-DG-696-1C13S1CT1LS-CW-SPT696,6500 - DG,Canvas White,RENAME,NC->NCI: NC6500-DG-696-1C13S1CT1LS-CW-SPT696 -> NCI6500-DG-696-1C13S1CT1LS-CW-SPT696,OK
NCI6500-DG-696-13S1LSR1S1C1OT1CT-DD,6500 - DG,Direction Dew,RENAME,NC->NCI: NC6500-DG-696-13S1LSR1S1C1OT1CT-DD -> NCI6500-DG-696-13S1LSR1S1C1OT1CT-DD,OK
NCI6500-DG-696-1C13S1CT1LS-SC-SPT696,6500 - DG,Spectrum Cilantro,RENAME,NC->NCI: NC6500-DG-696-1C13S1CT1LS-SC-SPT696 -> NCI6500-DG-696-1C13S1CT1LS-SC-SPT696,OK
NCI6500-DG-696-1C1SR1LS13S1CT2CET1OT-DD,6500 - DG,Direction Dew,RENAME,NC->NCI: NC6500-DG-696-1C1SR1LS13S1CT2CET1OT-DD -> NCI6500-DG-696-1C1SR1LS13S1CT2CET1OT-DD,OK
NCI6500-DG-696-1C1SR1LS13S1CT2CET1OT-RHA-SPT696,6500 - DG,Relate Harbor,RENAME,NC->NCI: NC6500-DG-696-1C1SR1LS13S1CT2CET1OT-RHA-SPT696 -> NCI6500-DG-696-1C1SR1LS13S1CT2CET1OT-RHA-SPT696,OK
NCI6500-DG-696-1LLS1RLS1SCC1CT-CW,6500 - DG,Canvas White,RENAME,NC->NCI: NC6500-DG-696-1LLS1RLS1SCC1CT-CW -> NCI6500-DG-696-1LLS1RLS1SCC1CT-CW,OK
NCI6500-DG-696-1C1SR1LS13S1CT2CET1OT-RHA,6500 - DG,Relate Harbor,RENAME,NC->NCI: NC6500-DG-696-1C1SR1LS13S1CT2CET1OT-RHA -> NCI6500-DG-696-1C1SR1LS13S1CT2CET1OT-RHA,OK
NCI6500-DG-696-1LLS1RLS1SCC1CT-DD,6500 - DG,Direction Dew,RENAME,NC->NCI: NC6500-DG-696-1LLS1RLS1SCC1CT-DD -> NCI6500-DG-696-1LLS1RLS1SCC1CT-DD,OK
NCI6500-DG-696-1C13S1CT1LS-RHA-SPT696,6500 - DG,Relate Harbor,RENAME,NC->NCI: NC6500-DG-696-1C13S1CT1LS-RHA-SPT696 -> NCI6500-DG-696-1C13S1CT1LS-RHA-SPT696,OK
NCI6500-DG-696-1LLS1RLS1SCC1CT-RHA-SPT696,6500 - DG,Relate Harbor,RENAME,NC->NCI: NC6500-DG-696-1LLS1RLS1SCC1CT-RHA-SPT696 -> NCI6500-DG-696-1LLS1RLS1SCC1CT-RHA-SPT696,OK
NCI6500-DG-696-1LLS1RLS1SCC1CT-CW-SPT696,6500 - DG,Canvas White,RENAME,NC->NCI: NC6500-DG-696-1LLS1RLS1SCC1CT-CW-SPT696 -> NCI6500-DG-696-1LLS1RLS1SCC1CT-CW-SPT696,OK
NCI6500-DG-696-1LLS1RLS1SCC1CT-SC-SPT696,6500 - DG,Spectrum Cilantro,RENAME,NC->NCI: NC6500-DG-696-1LLS1RLS1SCC1CT-SC-SPT696 -> NCI6500-DG-696-1LLS1RLS1SCC1CT-SC-SPT696,OK
NCI6500-DG-696-1LLS1RLS1SCC1CT-CV,6500 - DG,Canvas Navy,RENAME,NC->NCI: NC6500-DG-696-1LLS1RLS1SCC1CT-CV -> NCI6500-DG-696-1LLS1RLS1SCC1CT-CV,OK
NCI6500-DG-696-1LLS1RLS1SCC1CT-BD,6500 - DG,Bliss Dew,RENAME,NC->NCI: NC6500-DG-696-1LLS1RLS1SCC1CT-BD -> NCI6500-DG-696-1LLS1RLS1SCC1CT-BD,OK
NCI6500-DG-696-1LLS1RLS1SCC1MC1CT-BD-SPT696,6500 - DG,Bliss Dew,RENAME,NC->NCI: NC6500-DG-696-1LLS1RLS1SCC1MC1CT-BD-SPT696 -> NCI6500-DG-696-1LLS1RLS1SCC1MC1CT-BD-SPT696,OK
NCI6500-DG-696-13S1LSR1S1C1OT1CT-BD,6500 - DG,Bliss Dew,RENAME,NC->NCI: NC6500-DG-696-13S1LSR1S1C1OT1CT-BD -> NCI6500-DG-696-13S1LSR1S1C1OT1CT-BD,OK
NCI6500-DG-696-006-01-BD,6500 - DG,Bliss Dew,RENAME,NC->NCI: NC6500-DG-696-006-01-BD -> NCI6500-DG-696-006-01-BD,OK
NCI6500-DG-696-1LLS1RLS1SCC1MC1CT-SC,6500 - DG,Spectrum Cilantro,RENAME,NC->NCI: NC6500-DG-696-1LLS1RLS1SCC1MC1CT-SC -> NCI6500-DG-696-1LLS1RLS1SCC1MC1CT-SC,OK
NCI6500-DG-696-1LLS1RLS1SCC1MC1CT-CV,6500 - DG,Canvas Navy,RENAME,NC->NCI: NC6500-DG-696-1LLS1RLS1SCC1MC1CT-CV -> NCI6500-DG-696-1LLS1RLS1SCC1MC1CT-CV,OK
NCI6500-DG-696-1LLS1RLS1SCC1CT-DD-SPT696,6500 - DG,Direction Dew,RENAME,NC->NCI: NC6500-DG-696-1LLS1RLS1SCC1CT-DD-SPT696 -> NCI6500-DG-696-1LLS1RLS1SCC1CT-DD-SPT696,OK
NCI6500-DG-696-1LLS1RLS1SCC1CT-SD,6500 - DG,Spectrum Dove,RENAME,NC->NCI: NC6500-DG-696-1LLS1RLS1SCC1CT-SD -> NCI6500-DG-696-1LLS1RLS1SCC1CT-SD,OK
NCI6500-DG-696-1C1SR1LS13S1CT2CET1OT-BD-SPT696,6500 - DG,Bliss Dew,RENAME,NC->NCI: NC6500-DG-696-1C1SR1LS13S1CT2CET1OT-BD-SPT696 -> NCI6500-DG-696-1C1SR1LS13S1CT2CET1OT-BD-SPT696,OK
NCI6500-DG-696-1LLS1RLS1SCC1CT-SC,6500 - DG,Spectrum Cilantro,RENAME,NC->NCI: NC6500-DG-696-1LLS1RLS1SCC1CT-SC -> NCI6500-DG-696-1LLS1RLS1SCC1CT-SC,OK
NCI6500-DG-696-1LLS1RLS1SCC1MC1CT-BD,6500 - DG,Bliss Dew,RENAME,NC->NCI: NC6500-DG-696-1LLS1RLS1SCC1MC1CT-BD -> NCI6500-DG-696-1LLS1RLS1SCC1MC1CT-BD,OK
NCI6500-DG-696-13S1LSR1S1C1OT1CT-RHA-SPT696,6500 - DG,Relate Harbor,RENAME,NC->NCI: NC6500-DG-696-13S1LSR1S1C1OT1CT-RHA-SPT696 -> NCI6500-DG-696-13S1LSR1S1C1OT1CT-RHA-SPT696,OK
NCI6500-DG-696-2C13S1CT2ET-SC,6500 - DG,Spectrum Cilantro,RENAME,NC->NCI: NC6500-DG-696-2C13S1CT2ET-SC -> NCI6500-DG-696-2C13S1CT2ET-SC,OK
NCI6500-DG-696-13S1LSR1S1C1OT1CT-SC-SPT696,6500 - DG,Spectrum Cilantro,RENAME,NC->NCI: NC6500-DG-696-13S1LSR1S1C1OT1CT-SC-SPT696 -> NCI6500-DG-696-13S1LSR1S1C1OT1CT-SC-SPT696,OK
NCI6500-DG-696-1C13S1CT1LS-CV,6500 - DG,Canvas Navy,RENAME,NC->NCI: NC6500-DG-696-1C13S1CT1LS-CV -> NCI6500-DG-696-1C13S1CT1LS-CV,OK
NCI6500-DG-696-006-01-DD,6500 - DG,Direction Dew,RENAME,NC->NCI: NC6500-DG-696-006-01-DD -> NCI6500-DG-696-006-01-DD,OK
NCI6500-DG-696-1LLS1RLS1SCC1CT-CV-SPT696,6500 - DG,Canvas Navy,RENAME,NC->NCI: NC6500-DG-696-1LLS1RLS1SCC1CT-CV-SPT696 -> NCI6500-DG-696-1LLS1RLS1SCC1CT-CV-SPT696,OK
NCI6500-DG-696-1C1SR1LS13S1CT2CET1OT-CW-SPT696,6500 - DG,Canvas White,RENAME,NC->NCI: NC6500-DG-696-1C1SR1LS13S1CT2CET1OT-CW-SPT696 -> NCI6500-DG-696-1C1SR1LS13S1CT2CET1OT-CW-SPT696,OK
NCI6500-DG-696-1C1SR1LS13S1CT2CET1OT-BD,6500 - DG,Bliss Dew,RENAME,NC->NCI: NC6500-DG-696-1C1SR1LS13S1CT2CET1OT-BD -> NCI6500-DG-696-1C1SR1LS13S1CT2CET1OT-BD,OK
NCI6500-DG-696-1LLS1RLS1SCC1MC1CT-RHA,6500 - DG,Relate Harbor,RENAME,NC->NCI: NC6500-DG-696-1LLS1RLS1SCC1MC1CT-RHA -> NCI6500-DG-696-1LLS1RLS1SCC1MC1CT-RHA,OK
NCI6500-DG-696-1C1SR1LS13S1CT2CET1OT-SC,6500 - DG,Spectrum Cilantro,RENAME,NC->NCI: NC6500-DG-696-1C1SR1LS13S1CT2CET1OT-SC -> NCI6500-DG-696-1C1SR1LS13S1CT2CET1OT-SC,OK
NCI6500-DG-696-1LLS1RLS1SCC1MC1CT-SD,6500 - DG,Spectrum Dove,RENAME,NC->NCI: NC6500-DG-696-1LLS1RLS1SCC1MC1CT-SD -> NCI6500-DG-696-1LLS1RLS1SCC1MC1CT-SD,OK
NCI6500-DG-696-1C13S1CT1LS-SD,6500 - DG,Spectrum Dove,RENAME,NC->NCI: NC6500-DG-696-1C13S1CT1LS-SD -> NCI6500-DG-696-1C13S1CT1LS-SD,OK
NCI6500-DG-696-1LLS1RLS1SCC1MC1CT-CW,6500 - DG,Canvas White,RENAME,NC->NCI: NC6500-DG-696-1LLS1RLS1SCC1MC1CT-CW -> NCI6500-DG-696-1LLS1RLS1SCC1MC1CT-CW,OK
NCI6500-DG-696-1C13S1CT1LS-SD-SPT696,6500 - DG,Spectrum Dove,RENAME,NC->NCI: NC6500-DG-696-1C13S1CT1LS-SD-SPT696 -> NCI6500-DG-696-1C13S1CT1LS-SD-SPT696,OK
NCI6500-DG-696-1C13S1CT1LS-BD,6500 - DG,Bliss Dew,RENAME,NC->NCI: NC6500-DG-696-1C13S1CT1LS-BD -> NCI6500-DG-696-1C13S1CT1LS-BD,OK
NCI6500-DG-696-1C1SR1LS13S1CT2CET1OT-SC-SPT696,6500 - DG,Spectrum Cilantro,RENAME,NC->NCI: NC6500-DG-696-1C1SR1LS13S1CT2CET1OT-SC-SPT696 -> NCI6500-DG-696-1C1SR1LS13S1CT2CET1OT-SC-SPT696,OK
NCI6500-DG-696-1LLS1RLS1SCC1CT-SD-SPT696,6500 - DG,Spectrum Dove,RENAME,NC->NCI: NC6500-DG-696-1LLS1RLS1SCC1CT-SD-SPT696 -> NCI6500-DG-696-1LLS1RLS1SCC1CT-SD-SPT696,OK
NCI6500-DG-696-1LLS1RLS1SCC1CT-RHA,6500 - DG,Relate Harbor,RENAME,NC->NCI: NC6500-DG-696-1LLS1RLS1SCC1CT-RHA -> NCI6500-DG-696-1LLS1RLS1SCC1CT-RHA,OK
NCI6500-DG-696-1LLS1RLS1SCC1MC1CT-DD,6500 - DG,Direction Dew,RENAME,NC->NCI: NC6500-DG-696-1LLS1RLS1SCC1MC1CT-DD -> NCI6500-DG-696-1LLS1RLS1SCC1MC1CT-DD,OK
NCI6500-DG-696-1C1SR1LS13S1CT2CET1OT-DD-SPT696,6500 - DG,Direction Dew,RENAME,NC->NCI: NC6500-DG-696-1C1SR1LS13S1CT2CET1OT-DD-SPT696 -> NCI6500-DG-696-1C1SR1LS13S1CT2CET1OT-DD-SPT696,OK
NCI6500-DG-696-1C1SR1LS13S1CT2CET1OT-SD,6500 - DG,Spectrum Dove,RENAME,NC->NCI: NC6500-DG-696-1C1SR1LS13S1CT2CET1OT-SD -> NCI6500-DG-696-1C1SR1LS13S1CT2CET1OT-SD,OK
NCI6500-DG-696-1LLS1RLS1SCC1CT-BD-SPT696,6500 - DG,Bliss Dew,RENAME,NC->NCI: NC6500-DG-696-1LLS1RLS1SCC1CT-BD-SPT696 -> NCI6500-DG-696-1LLS1RLS1SCC1CT-BD-SPT696,OK
NCI6500-DG-696-2C13S1CT2ET-CV,6500 - DG,Canvas Navy,RENAME,NC->NCI: NC6500-DG-696-2C13S1CT2ET-CV -> NCI6500-DG-696-2C13S1CT2ET-CV,OK
NCI6500-DG-696-1LLS1RLS1SCC1MC1CT-CV-SPT696,6500 - DG,Canvas Navy,RENAME,NC->NCI: NC6500-DG-696-1LLS1RLS1SCC1MC1CT-CV-SPT696 -> NCI6500-DG-696-1LLS1RLS1SCC1MC1CT-CV-SPT696,OK
NCI6500-DG-696-006-01-RHA,6500 - DG,Relate Harbor,RENAME,NC->NCI: NC6500-DG-696-006-01-RHA -> NCI6500-DG-696-006-01-RHA,OK
NCI6500-DG-696-2C13S1CT2ET-RHA-SPT696,6500 - DG,Relate Harbor,RENAME,NC->NCI: NC6500-DG-696-2C13S1CT2ET-RHA-SPT696 -> NCI6500-DG-696-2C13S1CT2ET-RHA-SPT696,OK
NCI6500-DG-696-006-01-sd,6500 - DG,Spectrum Dove,RENAME,NC->NCI: NC6500-DG-696-006-01-sd -> NCI6500-DG-696-006-01-sd,OK
NCI6500-DG-696-006-01-SC,6500 - DG,Spectrum Cilantro,RENAME,NC->NCI: NC6500-DG-696-006-01-SC -> NCI6500-DG-696-006-01-SC,OK
NCI6500-DG-696-006-01-BD-SPT696,6500 - DG,Bliss Dew,RENAME,NC->NCI: NC6500-DG-696-006-01-BD-SPT696 -> NCI6500-DG-696-006-01-BD-SPT696,OK
NCI6500-DG-696-1LLS1RLS1SCC1MC1CT-SD-SPT696,6500 - DG,Spectrum Dove,RENAME,NC->NCI: NC6500-DG-696-1LLS1RLS1SCC1MC1CT-SD-SPT696 -> NCI6500-DG-696-1LLS1RLS1SCC1MC1CT-SD-SPT696,OK
NCI6500-DG-696-2C13S1CT2ET-CV-SPT696,6500 - DG,Canvas Navy,RENAME,NC->NCI: NC6500-DG-696-2C13S1CT2ET-CV-SPT696 -> NCI6500-DG-696-2C13S1CT2ET-CV-SPT696,OK
NCI6500-DG-696-2C13S1CT2ET-SD-SPT696,6500 - DG,Spectrum Dove,RENAME,NC->NCI: NC6500-DG-696-2C13S1CT2ET-SD-SPT696 -> NCI6500-DG-696-2C13S1CT2ET-SD-SPT696,OK
NCI6500-DG-713-260-01-CV-SPT713,6500 - DG,Canvas Navy,RENAME,NC->NCI: NC6500-DG-713-260-01-CV-SPT713 -> NCI6500-DG-713-260-01-CV-SPT713,OK
NCI6500-DG-696-2C13S1CT2ET-RHA,6500 - DG,Relate Harbor,RENAME,NC->NCI: NC6500-DG-696-2C13S1CT2ET-RHA -> NCI6500-DG-696-2C13S1CT2ET-RHA,OK
NCI6500-DG-696-006-01-DD-SPT696,6500 - DG,Direction Dew,RENAME,NC->NCI: NC6500-DG-696-006-01-DD-SPT696 -> NCI6500-DG-696-006-01-DD-SPT696,OK
NCI6500-DG-696-2C13S1CT2ET-DD,6500 - DG,Direction Dew,RENAME,NC->NCI: NC6500-DG-696-2C13S1CT2ET-DD -> NCI6500-DG-696-2C13S1CT2ET-DD,OK
NCI6500-DG-696-13S1LSR1S1C1OT1CT-CW-SPT696,6500 - DG,Canvas White,RENAME,NC->NCI: NC6500-DG-696-13S1LSR1S1C1OT1CT-CW-SPT696 -> NCI6500-DG-696-13S1LSR1S1C1OT1CT-CW-SPT696,OK
NCI6500-DG-696-006-01-SC-SPT696,6500 - DG,Spectrum Cilantro,RENAME,NC->NCI: NC6500-DG-696-006-01-SC-SPT696 -> NCI6500-DG-696-006-01-SC-SPT696,OK
NCI6500-DG-696-001-01-DD,6500 - DG,Direction Dew,RENAME,NC->NCI: NC6500-DG-696-001-01-DD -> NCI6500-DG-696-001-01-DD,OK
NCI6500-DG-696-2C13S1CT2ET-CW,6500 - DG,Canvas White,RENAME,NC->NCI: NC6500-DG-696-2C13S1CT2ET-CW -> NCI6500-DG-696-2C13S1CT2ET-CW,OK
NCI6500-DG-696-006-01-SD-SPT696,6500 - DG,Spectrum Dove,RENAME,NC->NCI: NC6500-DG-696-006-01-SD-SPT696 -> NCI6500-DG-696-006-01-SD-SPT696,OK
NCI6500-DG-696-001-01-CV,6500 - DG,Canvas Navy,RENAME,NC->NCI: NC6500-DG-696-001-01-CV -> NCI6500-DG-696-001-01-CV,OK
NCI6500-DG-696-001-01-RHA,6500 - DG,Relate Harbor,RENAME,NC->NCI: NC6500-DG-696-001-01-RHA -> NCI6500-DG-696-001-01-RHA,OK
NCI6500-DG-696-2C13S1CT2ET-BD,6500 - DG,Bliss Dew,RENAME,NC->NCI: NC6500-DG-696-2C13S1CT2ET-BD -> NCI6500-DG-696-2C13S1CT2ET-BD,OK
NCI6500-DG-696-006-01-RHA-SPT696,6500 - DG,Relate Harbor,RENAME,NC->NCI: NC6500-DG-696-006-01-RHA-SPT696 -> NCI6500-DG-696-006-01-RHA-SPT696,OK
NCI6500-DG-696-001-01-SD,6500 - DG,Spectrum Dove,RENAME,NC->NCI: NC6500-DG-696-001-01-SD -> NCI6500-DG-696-001-01-SD,OK
NCI6500-DG-696-4SR-CV,6500 - DG,Canvas Navy,RENAME,NC->NCI: NC6500-DG-696-4SR-CV -> NCI6500-DG-696-4SR-CV,OK
NCI6500-DG-696-001-01-CV-SPT696,6500 - DG,Canvas Navy,RENAME,NC->NCI: NC6500-DG-696-001-01-CV-SPT696 -> NCI6500-DG-696-001-01-CV-SPT696,OK
NCI6500-DG-696-2C13S1CT2ET-CW-SPT696,6500 - DG,Canvas White,RENAME,NC->NCI: NC6500-DG-696-2C13S1CT2ET-CW-SPT696 -> NCI6500-DG-696-2C13S1CT2ET-CW-SPT696,OK
NCI6500-DG-696-001-01-CW,6500 - DG,Canvas White,RENAME,NC->NCI: NC6500-DG-696-001-01-CW -> NCI6500-DG-696-001-01-CW,OK
NCI6500-DG-696-2C13S1CT2ET-DD-SPT696,6500 - DG,Direction Dew,RENAME,NC->NCI: NC6500-DG-696-2C13S1CT2ET-DD-SPT696 -> NCI6500-DG-696-2C13S1CT2ET-DD-SPT696,OK
NCI6500-DG-696-2C13S1CT2ET-SC-SPT696,6500 - DG,Spectrum Cilantro,RENAME,NC->NCI: NC6500-DG-696-2C13S1CT2ET-SC-SPT696 -> NCI6500-DG-696-2C13S1CT2ET-SC-SPT696,OK
NCI6500-DG-696-001-01-BD-SPT696,6500 - DG,Bliss Dew,RENAME,NC->NCI: NC6500-DG-696-001-01-BD-SPT696 -> NCI6500-DG-696-001-01-BD-SPT696,OK
NCI6500-DG-696-2C13S1CT2ET-BD-SPT696,6500 - DG,Bliss Dew,RENAME,NC->NCI: NC6500-DG-696-2C13S1CT2ET-BD-SPT696 -> NCI6500-DG-696-2C13S1CT2ET-BD-SPT696,OK
NCI6500-DG-696-001-01-DD-SPT696,6500 - DG,Direction Dew,RENAME,NC->NCI: NC6500-DG-696-001-01-DD-SPT696 -> NCI6500-DG-696-001-01-DD-SPT696,OK
NCI6500-DG-696-4SR-CW,6500 - DG,Canvas White,RENAME,NC->NCI: NC6500-DG-696-4SR-CW -> NCI6500-DG-696-4SR-CW,OK
NCI6500-DG-696-1LLS1RLS1SCC1MC1CT-SC-SPT696,6500 - DG,Spectrum Cilantro,RENAME,NC->NCI: NC6500-DG-696-1LLS1RLS1SCC1MC1CT-SC-SPT696 -> NCI6500-DG-696-1LLS1RLS1SCC1MC1CT-SC-SPT696,OK
NCI6500-DG-696-001-01-CW-SPT696,6500 - DG,Canvas White,RENAME,NC->NCI: NC6500-DG-696-001-01-CW-SPT696 -> NCI6500-DG-696-001-01-CW-SPT696,OK
NCI6500-DG-696-2C1CT1LS-SC-SPT696,6500 - DG,Spectrum Cilantro,RENAME,NC->NCI: NC6500-DG-696-2C1CT1LS-SC-SPT696 -> NCI6500-DG-696-2C1CT1LS-SC-SPT696,OK
NCI6500-DG-696-2C1CT1LS-BD,6500 - DG,Bliss Dew,RENAME,NC->NCI: NC6500-DG-696-2C1CT1LS-BD -> NCI6500-DG-696-2C1CT1LS-BD,OK
NCI6500-DG-696-2C1CT1LS-DD,6500 - DG,Direction Dew,RENAME,NC->NCI: NC6500-DG-696-2C1CT1LS-DD -> NCI6500-DG-696-2C1CT1LS-DD,OK
NCI6500-DG-696-4SR-DD,6500 - DG,Direction Dew,RENAME,NC->NCI: NC6500-DG-696-4SR-DD -> NCI6500-DG-696-4SR-DD,OK
NCI6500-DG-696-4SR-CV-SPT696,6500 - DG,Canvas Navy,RENAME,NC->NCI: NC6500-DG-696-4SR-CV-SPT696 -> NCI6500-DG-696-4SR-CV-SPT696,OK
NCI6500-DG-696-2C1CT1LS-CW,6500 - DG,Canvas White,RENAME,NC->NCI: NC6500-DG-696-2C1CT1LS-CW -> NCI6500-DG-696-2C1CT1LS-CW,OK
NCI6500-DG-696-4SR-RHA-SPT696,6500 - DG,Relate Harbor,RENAME,NC->NCI: NC6500-DG-696-4SR-RHA-SPT696 -> NCI6500-DG-696-4SR-RHA-SPT696,OK
NCI6500-DG-696-4SR-SD,6500 - DG,Spectrum Dove,RENAME,NC->NCI: NC6500-DG-696-4SR-SD -> NCI6500-DG-696-4SR-SD,OK
NCI6500-DG-696-4SR-RHA,6500 - DG,Relate Harbor,RENAME,NC->NCI: NC6500-DG-696-4SR-RHA -> NCI6500-DG-696-4SR-RHA,OK
NCI6500-DG-696-2C1CT1LS-RHA,6500 - DG,Relate Harbor,RENAME,NC->NCI: NC6500-DG-696-2C1CT1LS-RHA -> NCI6500-DG-696-2C1CT1LS-RHA,OK
NCI6500-DG-696-4SR-SD-SPT696,6500 - DG,Spectrum Dove,RENAME,NC->NCI: NC6500-DG-696-4SR-SD-SPT696 -> NCI6500-DG-696-4SR-SD-SPT696,OK
NCI6500-DG-696-4SR-SC,6500 - DG,Spectrum Cilantro,RENAME,NC->NCI: NC6500-DG-696-4SR-SC -> NCI6500-DG-696-4SR-SC,OK
NCI6500-DG-696-2C1CT1LS-SD-SPT696,6500 - DG,Spectrum Dove,RENAME,NC->NCI: NC6500-DG-696-2C1CT1LS-SD-SPT696 -> NCI6500-DG-696-2C1CT1LS-SD-SPT696,OK
NCI6500-DG-696-2C1CT1LS-SD,6500 - DG,Spectrum Dove,RENAME,NC->NCI: NC6500-DG-696-2C1CT1LS-SD -> NCI6500-DG-696-2C1CT1LS-SD,OK
NCI6500-DG-696-4SR-SC-SPT696,6500 - DG,Spectrum Cilantro,RENAME,NC->NCI: NC6500-DG-696-4SR-SC-SPT696 -> NCI6500-DG-696-4SR-SC-SPT696,OK
NCI6500-DG-696-1LLS1RLS1SCC1MC1CT-DD-SPT696,6500 - DG,Direction Dew,RENAME,NC->NCI: NC6500-DG-696-1LLS1RLS1SCC1MC1CT-DD-SPT696 -> NCI6500-DG-696-1LLS1RLS1SCC1MC1CT-DD-SPT696,OK
NCI6500-DG-696-1LLS1RLS1SCC1MC1CT-CW-SPT696,6500 - DG,Canvas White,RENAME,NC->NCI: NC6500-DG-696-1LLS1RLS1SCC1MC1CT-CW-SPT696 -> NCI6500-DG-696-1LLS1RLS1SCC1MC1CT-CW-SPT696,OK
NCI6500-DG-696-2C1CT1LS-DD-SPT696,6500 - DG,Direction Dew,RENAME,NC->NCI: NC6500-DG-696-2C1CT1LS-DD-SPT696 -> NCI6500-DG-696-2C1CT1LS-DD-SPT696,OK
NCI6500-DG-696-2C1CT1LS-BD-SPT696,6500 - DG,Bliss Dew,RENAME,NC->NCI: NC6500-DG-696-2C1CT1LS-BD-SPT696 -> NCI6500-DG-696-2C1CT1LS-BD-SPT696,OK
NCI6500-DG-696-4SR-DD-SPT696,6500 - DG,Direction Dew,RENAME,NC->NCI: NC6500-DG-696-4SR-DD-SPT696 -> NCI6500-DG-696-4SR-DD-SPT696,OK
NCI6500-DG-696-4SR-BD,6500 - DG,Bliss Dew,RENAME,NC->NCI: NC6500-DG-696-4SR-BD -> NCI6500-DG-696-4SR-BD,OK
NCI6500-DG-696-2C13S1CT2ET-SD,6500 - DG,Spectrum Dove,RENAME,NC->NCI: NC6500-DG-696-2C13S1CT2ET-SD -> NCI6500-DG-696-2C13S1CT2ET-SD,OK
NCI6500-DG-696-2C1CT1LS-CW-SPT696,6500 - DG,Canvas White,RENAME,NC->NCI: NC6500-DG-696-2C1CT1LS-CW-SPT696 -> NCI6500-DG-696-2C1CT1LS-CW-SPT696,OK
NCI6500-DG-696-001-01-BD,6500 - DG,Bliss Dew,RENAME,NC->NCI: NC6500-DG-696-001-01-BD -> NCI6500-DG-696-001-01-BD,OK
NCI6500-DG-696-4SR-BD-SPT696,6500 - DG,Bliss Dew,RENAME,NC->NCI: NC6500-DG-696-4SR-BD-SPT696 -> NCI6500-DG-696-4SR-BD-SPT696,OK
NCI6500-DG-696-2C1CT1LS-CV,6500 - DG,Canvas Navy,RENAME,NC->NCI: NC6500-DG-696-2C1CT1LS-CV -> NCI6500-DG-696-2C1CT1LS-CV,OK
NCI6500-DG-696-001-01-SD-SPT696,6500 - DG,Spectrum Dove,RENAME,NC->NCI: NC6500-DG-696-001-01-SD-SPT696 -> NCI6500-DG-696-001-01-SD-SPT696,OK
NCI6500-DG-696-1LLS1RLS1SCC1MC1CT-RHA-SPT696,6500 - DG,Relate Harbor,RENAME,NC->NCI: NC6500-DG-696-1LLS1RLS1SCC1MC1CT-RHA-SPT696 -> NCI6500-DG-696-1LLS1RLS1SCC1MC1CT-RHA-SPT696,OK
NCI6500-DG-696-052-01-CW,6500 - DG,Canvas White,RENAME,NC->NCI: NC6500-DG-696-052-01-CW -> NCI6500-DG-696-052-01-CW,OK
NCI6500-DG-696-4SR-CW-SPT696,6500 - DG,Canvas White,RENAME,NC->NCI: NC6500-DG-696-4SR-CW-SPT696 -> NCI6500-DG-696-4SR-CW-SPT696,OK
NCI6500-DG-696-2C1CT1LS-CV-SPT696,6500 - DG,Canvas Navy,RENAME,NC->NCI: NC6500-DG-696-2C1CT1LS-CV-SPT696 -> NCI6500-DG-696-2C1CT1LS-CV-SPT696,OK
NCI6500-DG-696-001-01-SC,6500 - DG,Spectrum Cilantro,RENAME,NC->NCI: NC6500-DG-696-001-01-SC -> NCI6500-DG-696-001-01-SC,OK
NCI6500-DG-696-2C1CT1LS-SC,6500 - DG,Spectrum Cilantro,RENAME,NC->NCI: NC6500-DG-696-2C1CT1LS-SC -> NCI6500-DG-696-2C1CT1LS-SC,OK
NCI6500-DG-696-052-01-BD,6500 - DG,Bliss Dew,RENAME,NC->NCI: NC6500-DG-696-052-01-BD -> NCI6500-DG-696-052-01-BD,OK
NCI6500-DG-696-052-01-CV,6500 - DG,Canvas Navy,RENAME,NC->NCI: NC6500-DG-696-052-01-CV -> NCI6500-DG-696-052-01-CV,OK
NCI6500-DG-696-052-01-RHA,6500 - DG,Relate Harbor,RENAME,NC->NCI: NC6500-DG-696-052-01-RHA -> NCI6500-DG-696-052-01-RHA,OK
NCI6500-DG-696-001-01-RHA-SPT696,6500 - DG,Relate Harbor,RENAME,NC->NCI: NC6500-DG-696-001-01-RHA-SPT696 -> NCI6500-DG-696-001-01-RHA-SPT696,OK
NCI6500-DG-696-052-01-SC,6500 - DG,Spectrum Cilantro,RENAME,NC->NCI: NC6500-DG-696-052-01-SC -> NCI6500-DG-696-052-01-SC,OK
NCI6500-DG-696-001-01-SC-SPT696,6500 - DG,Spectrum Cilantro,RENAME,NC->NCI: NC6500-DG-696-001-01-SC-SPT696 -> NCI6500-DG-696-001-01-SC-SPT696,OK
NCI6500-DG-696-052-01-DD-SPT696,6500 - DG,Direction Dew,RENAME,NC->NCI: NC6500-DG-696-052-01-DD-SPT696 -> NCI6500-DG-696-052-01-DD-SPT696,OK
NCI6500-DG-696-052-01-SD,6500 - DG,Spectrum Dove,RENAME,NC->NCI: NC6500-DG-696-052-01-SD -> NCI6500-DG-696-052-01-SD,OK
NCI6500-DG-696-002-01-BD,6500 - DG,Bliss Dew,RENAME,NC->NCI: NC6500-DG-696-002-01-BD -> NCI6500-DG-696-002-01-BD,OK
NCI6500-DG-696-002-01-DD,6500 - DG,Direction Dew,RENAME,NC->NCI: NC6500-DG-696-002-01-DD -> NCI6500-DG-696-002-01-DD,OK
NCI6500-DG-696-052-01-CV-SPT696,6500 - DG,Canvas Navy,RENAME,NC->NCI: NC6500-DG-696-052-01-CV-SPT696 -> NCI6500-DG-696-052-01-CV-SPT696,OK
NCI6500-DG-696-002-01-SC,6500 - DG,Spectrum Cilantro,RENAME,NC->NCI: NC6500-DG-696-002-01-SC -> NCI6500-DG-696-002-01-SC,OK
NCI6500-DG-696-002-01-RHA,6500 - DG,Relate Harbor,RENAME,NC->NCI: NC6500-DG-696-002-01-RHA -> NCI6500-DG-696-002-01-RHA,OK
NCI6500-DG-696-002-01-SD,6500 - DG,Spectrum Dove,RENAME,NC->NCI: NC6500-DG-696-002-01-SD -> NCI6500-DG-696-002-01-SD,OK
NCI6500-DG-696-052-01-SD-SPT696,6500 - DG,Spectrum Dove,RENAME,NC->NCI: NC6500-DG-696-052-01-SD-SPT696 -> NCI6500-DG-696-052-01-SD-SPT696,OK
NCI6500-DG-696-002-01-BD-SPT696,6500 - DG,Bliss Dew,RENAME,NC->NCI: NC6500-DG-696-002-01-BD-SPT696 -> NCI6500-DG-696-002-01-BD-SPT696,OK
NCI6500-DG-696-052-01-CW-SPT696,6500 - DG,Canvas White,RENAME,NC->NCI: NC6500-DG-696-052-01-CW-SPT696 -> NCI6500-DG-696-052-01-CW-SPT696,OK
NCI6500-DG-696-002-01-DD-SPT696,6500 - DG,Direction Dew,RENAME,NC->NCI: NC6500-DG-696-002-01-DD-SPT696 -> NCI6500-DG-696-002-01-DD-SPT696,OK
NCI6500-DG-696-002-01-RHA-SPT696,6500 - DG,Relate Harbor,RENAME,NC->NCI: NC6500-DG-696-002-01-RHA-SPT696 -> NCI6500-DG-696-002-01-RHA-SPT696,OK
NCI6500-DG-696-052-01-RHA-SPT696,6500 - DG,Relate Harbor,RENAME,NC->NCI: NC6500-DG-696-052-01-RHA-SPT696 -> NCI6500-DG-696-052-01-RHA-SPT696,OK
NCI6500-DG-696-052-01-BD-SPT696,6500 - DG,Bliss Dew,RENAME,NC->NCI: NC6500-DG-696-052-01-BD-SPT696 -> NCI6500-DG-696-052-01-BD-SPT696,OK
NCI6500-DG-696-052-01-DD,6500 - DG,Direction Dew,RENAME,NC->NCI: NC6500-DG-696-052-01-DD -> NCI6500-DG-696-052-01-DD,OK
NCI6500-DG-696-002-01-SC-SPT696,6500 - DG,Spectrum Cilantro,RENAME,NC->NCI: NC6500-DG-696-002-01-SC-SPT696 -> NCI6500-DG-696-002-01-SC-SPT696,OK
NCI6500SECT-DG-696-053-01-BD,6500 - DG,Bliss Dew,RENAME,NC->NCI: NC6500SECT-DG-696-053-01-BD -> NCI6500SECT-DG-696-053-01-BD,OK
NCI6500-DG-696-002-01-SD-SPT696,6500 - DG,Spectrum Dove,RENAME,NC->NCI: NC6500-DG-696-002-01-SD-SPT696 -> NCI6500-DG-696-002-01-SD-SPT696,OK
NCI6500SECT-DG-696-053-01-CV,6500 - DG,Canvas Navy,RENAME,NC->NCI: NC6500SECT-DG-696-053-01-CV -> NCI6500SECT-DG-696-053-01-CV,OK
NCI6500SECT-DG-696-053-01-SC,6500 - DG,Spectrum Cilantro,RENAME,NC->NCI: NC6500SECT-DG-696-053-01-SC -> NCI6500SECT-DG-696-053-01-SC,OK
NCI6500SECT-DG-696-053-01-RHA,6500 - DG,Relate Harbor,RENAME,NC->NCI: NC6500SECT-DG-696-053-01-RHA -> NCI6500SECT-DG-696-053-01-RHA,OK
NCI6500SECT-DG-696-053-01-DD,6500 - DG,Direction Dew,RENAME,NC->NCI: NC6500SECT-DG-696-053-01-DD -> NCI6500SECT-DG-696-053-01-DD,OK
NCI6500-DG-696-2C1CT1LS-RHA-SPT696,6500 - DG,Relate Harbor,RENAME,NC->NCI: NC6500-DG-696-2C1CT1LS-RHA-SPT696 -> NCI6500-DG-696-2C1CT1LS-RHA-SPT696,OK
NCI6500SECT-DG-696-053-01-CW,6500 - DG,Canvas White,RENAME,NC->NCI: NC6500SECT-DG-696-053-01-CW -> NCI6500SECT-DG-696-053-01-CW,OK
NCI6500SECT-DG-696-053-01-SD,6500 - DG,Spectrum Dove,RENAME,NC->NCI: NC6500SECT-DG-696-053-01-SD -> NCI6500SECT-DG-696-053-01-SD,OK
NCI6500SECT-DG-696-053-01-BD-SPT696,6500 - DG,Bliss Dew,RENAME,NC->NCI: NC6500SECT-DG-696-053-01-BD-SPT696 -> NCI6500SECT-DG-696-053-01-BD-SPT696,OK
NCI6500SECT-DG-696-053-01-CV-SPT696,6500 - DG,Canvas Navy,RENAME,NC->NCI: NC6500SECT-DG-696-053-01-CV-SPT696 -> NCI6500SECT-DG-696-053-01-CV-SPT696,OK
NCI6500SECT-DG-696-053-01-CW-SPT696,6500 - DG,Canvas White,RENAME,NC->NCI: NC6500SECT-DG-696-053-01-CW-SPT696 -> NCI6500SECT-DG-696-053-01-CW-SPT696,OK
NCI6500-DG-696-052-01-SC-SPT696,6500 - DG,Spectrum Cilantro,RENAME,NC->NCI: NC6500-DG-696-052-01-SC-SPT696 -> NCI6500-DG-696-052-01-SC-SPT696,OK
NCI6500SECT-DG-696-053-01-DD-SPT696,6500 - DG,Direction Dew,RENAME,NC->NCI: NC6500SECT-DG-696-053-01-DD-SPT696 -> NCI6500SECT-DG-696-053-01-DD-SPT696,OK
NCI6500SECT-DG-696-053-01-SC-SPT696,6500 - DG,Spectrum Cilantro,RENAME,NC->NCI: NC6500SECT-DG-696-053-01-SC-SPT696 -> NCI6500SECT-DG-696-053-01-SC-SPT696,OK
NCI6500SECT-DG-696-053-01-RHA-SPT696,6500 - DG,Relate Harbor,RENAME,NC->NCI: NC6500SECT-DG-696-053-01-RHA-SPT696 -> NCI6500SECT-DG-696-053-01-RHA-SPT696,OK
NCI6500SECT-DG-696-053-01-SD-SPT696,6500 - DG,Spectrum Dove,RENAME,NC->NCI: NC6500SECT-DG-696-053-01-SD-SPT696 -> NCI6500SECT-DG-696-053-01-SD-SPT696,OK
NCI6500-DG-696-260-01-BD,6500 - DG,Bliss Dew,RENAME,NC->NCI: NC6500-DG-696-260-01-BD -> NCI6500-DG-696-260-01-BD,OK
NCI6500-DG-696-260-01-DD,6500 - DG,Direction Dew,RENAME,NC->NCI: NC6500-DG-696-260-01-DD -> NCI6500-DG-696-260-01-DD,OK
NCI6500-DG-696-260-01-CW,6500 - DG,Canvas White,RENAME,NC->NCI: NC6500-DG-696-260-01-CW -> NCI6500-DG-696-260-01-CW,OK
NCI6500-DG-696-260-01-SD,6500 - DG,Spectrum Dove,RENAME,NC->NCI: NC6500-DG-696-260-01-SD -> NCI6500-DG-696-260-01-SD,OK
NCI6500-DG-696-260-01-SC,6500 - DG,Spectrum Cilantro,RENAME,NC->NCI: NC6500-DG-696-260-01-SC -> NCI6500-DG-696-260-01-SC,OK
NCI6500-DG-696-260-01-CV,6500 - DG,Canvas Navy,RENAME,NC->NCI: NC6500-DG-696-260-01-CV -> NCI6500-DG-696-260-01-CV,OK
NCI6500-DG-696-260-01-BD-SPT696,6500 - DG,Bliss Dew,RENAME,NC->NCI: NC6500-DG-696-260-01-BD-SPT696 -> NCI6500-DG-696-260-01-BD-SPT696,OK
NCI6500-DG-696-260-01-RHA,6500 - DG,Relate Harbor,RENAME,NC->NCI: NC6500-DG-696-260-01-RHA -> NCI6500-DG-696-260-01-RHA,OK
NCI6500-DG-696-260-01-CV-SPT696,6500 - DG,Canvas Navy,RENAME,NC->NCI: NC6500-DG-696-260-01-CV-SPT696 -> NCI6500-DG-696-260-01-CV-SPT696,OK
NCI6500-DG-696-260-01-CW-SPT696,6500 - DG,Canvas White,RENAME,NC->NCI: NC6500-DG-696-260-01-CW-SPT696 -> NCI6500-DG-696-260-01-CW-SPT696,OK
NCI6500-DG-739-13S1LSR1S1C1OT1CT-RHA-SPT739,6500 - DG,Relate Harbor,RENAME,NC->NCI: NC6500-DG-739-13S1LSR1S1C1OT1CT-RHA-SPT739 -> NCI6500-DG-739-13S1LSR1S1C1OT1CT-RHA-SPT739,OK
NCI6500-DG-696-260-01-DD-SPT696,6500 - DG,Direction Dew,RENAME,NC->NCI: NC6500-DG-696-260-01-DD-SPT696 -> NCI6500-DG-696-260-01-DD-SPT696,OK
NCI6500-DG-739-13S1LSR1S1C1OT1CT-CV,6500 - DG,Canvas Navy,RENAME,NC->NCI: NC6500-DG-739-13S1LSR1S1C1OT1CT-CV -> NCI6500-DG-739-13S1LSR1S1C1OT1CT-CV,OK
NCI6500-DG-739-13S1LSR1S1C1OT1CT-SD,6500 - DG,Spectrum Dove,RENAME,NC->NCI: NC6500-DG-739-13S1LSR1S1C1OT1CT-SD -> NCI6500-DG-739-13S1LSR1S1C1OT1CT-SD,OK
NCI6500-DG-696-260-01-SD-SPT696,6500 - DG,Spectrum Dove,RENAME,NC->NCI: NC6500-DG-696-260-01-SD-SPT696 -> NCI6500-DG-696-260-01-SD-SPT696,OK
NCI6500-DG-739-13S1LSR1S1C1OT1CT-CW-SPT739,6500 - DG,Canvas White,RENAME,NC->NCI: NC6500-DG-739-13S1LSR1S1C1OT1CT-CW-SPT739 -> NCI6500-DG-739-13S1LSR1S1C1OT1CT-CW-SPT739,OK
NCI6500-DG-739-13S1LSR1S1C1OT1CT-BD-SPT739,6500 - DG,Bliss Dew,RENAME,NC->NCI: NC6500-DG-739-13S1LSR1S1C1OT1CT-BD-SPT739 -> NCI6500-DG-739-13S1LSR1S1C1OT1CT-BD-SPT739,OK
NCI6500-DG-739-13S1LSR1S1C1OT1CT-SC-SPT739,6500 - DG,Spectrum Cilantro,RENAME,NC->NCI: NC6500-DG-739-13S1LSR1S1C1OT1CT-SC-SPT739 -> NCI6500-DG-739-13S1LSR1S1C1OT1CT-SC-SPT739,OK
NCI6500-DG-739-1C13S1CT1LS-SD,6500 - DG,Spectrum Dove,RENAME,NC->NCI: NC6500-DG-739-1C13S1CT1LS-SD -> NCI6500-DG-739-1C13S1CT1LS-SD,OK
NCI6500-DG-739-1C13S1CT1LS-CW,6500 - DG,Canvas White,RENAME,NC->NCI: NC6500-DG-739-1C13S1CT1LS-CW -> NCI6500-DG-739-1C13S1CT1LS-CW,OK
NCI6500-DG-739-1C13S1CT1LS-DD-SPT739,6500 - DG,Direction Dew,RENAME,NC->NCI: NC6500-DG-739-1C13S1CT1LS-DD-SPT739 -> NCI6500-DG-739-1C13S1CT1LS-DD-SPT739,OK
NCI6500-DG-739-13S1LSR1S1C1OT1CT-SC,6500 - DG,Spectrum Cilantro,RENAME,NC->NCI: NC6500-DG-739-13S1LSR1S1C1OT1CT-SC -> NCI6500-DG-739-13S1LSR1S1C1OT1CT-SC,OK
NCI6500-DG-739-1C13S1CT1LS-CV-SPT739,6500 - DG,Canvas Navy,RENAME,NC->NCI: NC6500-DG-739-1C13S1CT1LS-CV-SPT739 -> NCI6500-DG-739-1C13S1CT1LS-CV-SPT739,OK
NCI6500-DG-739-13S1LSR1S1C1OT1CT-DD-SPT739,6500 - DG,Direction Dew,RENAME,NC->NCI: NC6500-DG-739-13S1LSR1S1C1OT1CT-DD-SPT739 -> NCI6500-DG-739-13S1LSR1S1C1OT1CT-DD-SPT739,OK
NCI6500-DG-696-260-01-RHA-SPT696,6500 - DG,Relate Harbor,RENAME,NC->NCI: NC6500-DG-696-260-01-RHA-SPT696 -> NCI6500-DG-696-260-01-RHA-SPT696,OK
NCI6500-DG-739-1C13S1CT1LS-BD-SPT739,6500 - DG,Bliss Dew,RENAME,NC->NCI: NC6500-DG-739-1C13S1CT1LS-BD-SPT739 -> NCI6500-DG-739-1C13S1CT1LS-BD-SPT739,OK
NCI6500-DG-696-260-01-SC-SPT696,6500 - DG,Spectrum Cilantro,RENAME,NC->NCI: NC6500-DG-696-260-01-SC-SPT696 -> NCI6500-DG-696-260-01-SC-SPT696,OK
NCI6500-DG-739-1C13S1CT1LS-DD,6500 - DG,Direction Dew,RENAME,NC->NCI: NC6500-DG-739-1C13S1CT1LS-DD -> NCI6500-DG-739-1C13S1CT1LS-DD,OK
NCI6500-DG-739-1C13S1CT1LS-SC-SPT739,6500 - DG,Spectrum Cilantro,RENAME,NC->NCI: NC6500-DG-739-1C13S1CT1LS-SC-SPT739 -> NCI6500-DG-739-1C13S1CT1LS-SC-SPT739,OK
NCI6500-DG-739-1C13S1CT1LS-SD-SPT739,6500 - DG,Spectrum Dove,RENAME,NC->NCI: NC6500-DG-739-1C13S1CT1LS-SD-SPT739 -> NCI6500-DG-739-1C13S1CT1LS-SD-SPT739,OK
NCI6500-DG-739-1C1SR1LS13S1CT2CET1OT-SD,6500 - DG,Spectrum Dove,RENAME,NC->NCI: NC6500-DG-739-1C1SR1LS13S1CT2CET1OT-SD -> NCI6500-DG-739-1C1SR1LS13S1CT2CET1OT-SD,OK
NCI6500-DG-739-1C1SR1LS13S1CT2CET1OT-CV,6500 - DG,Canvas Navy,RENAME,NC->NCI: NC6500-DG-739-1C1SR1LS13S1CT2CET1OT-CV -> NCI6500-DG-739-1C1SR1LS13S1CT2CET1OT-CV,OK
NCI6500-DG-739-1C13S1CT1LS-CW-SPT739,6500 - DG,Canvas White,RENAME,NC->NCI: NC6500-DG-739-1C13S1CT1LS-CW-SPT739 -> NCI6500-DG-739-1C13S1CT1LS-CW-SPT739,OK
NCI6500-DG-739-1C1SR1LS13S1CT2CET1OT-CW-SPT739,6500 - DG,Canvas White,RENAME,NC->NCI: NC6500-DG-739-1C1SR1LS13S1CT2CET1OT-CW-SPT739 -> NCI6500-DG-739-1C1SR1LS13S1CT2CET1OT-CW-SPT739,OK
NCI6500-DG-739-1C1SR1LS13S1CT2CET1OT-DD,6500 - DG,Direction Dew,RENAME,NC->NCI: NC6500-DG-739-1C1SR1LS13S1CT2CET1OT-DD -> NCI6500-DG-739-1C1SR1LS13S1CT2CET1OT-DD,OK
NCI6500-DG-739-13S1LSR1S1C1OT1CT-BD,6500 - DG,Bliss Dew,RENAME,NC->NCI: NC6500-DG-739-13S1LSR1S1C1OT1CT-BD -> NCI6500-DG-739-13S1LSR1S1C1OT1CT-BD,OK
NCI6500-DG-739-1C1SR1LS13S1CT2CET1OT-CV-SPT739,6500 - DG,Canvas Navy,RENAME,NC->NCI: NC6500-DG-739-1C1SR1LS13S1CT2CET1OT-CV-SPT739 -> NCI6500-DG-739-1C1SR1LS13S1CT2CET1OT-CV-SPT739,OK
NCI6500-DG-739-1C1SR1LS13S1CT2CET1OT-SC,6500 - DG,Spectrum Cilantro,RENAME,NC->NCI: NC6500-DG-739-1C1SR1LS13S1CT2CET1OT-SC -> NCI6500-DG-739-1C1SR1LS13S1CT2CET1OT-SC,OK
NCI6500-DG-739-1C1SR1LS13S1CT2CET1OT-SC-SPT739,6500 - DG,Spectrum Cilantro,RENAME,NC->NCI: NC6500-DG-739-1C1SR1LS13S1CT2CET1OT-SC-SPT739 -> NCI6500-DG-739-1C1SR1LS13S1CT2CET1OT-SC-SPT739,OK
NCI6500-DG-739-1LLS1RLS1SCC1CT-BD,6500 - DG,Bliss Dew,RENAME,NC->NCI: NC6500-DG-739-1LLS1RLS1SCC1CT-BD -> NCI6500-DG-739-1LLS1RLS1SCC1CT-BD,OK
NCI6500-DG-739-1LLS1RLS1SCC1CT-RHA,6500 - DG,Relate Harbor,RENAME,NC->NCI: NC6500-DG-739-1LLS1RLS1SCC1CT-RHA -> NCI6500-DG-739-1LLS1RLS1SCC1CT-RHA,OK
NCI6500-DG-739-1LLS1RLS1SCC1CT-SD,6500 - DG,Spectrum Dove,RENAME,NC->NCI: NC6500-DG-739-1LLS1RLS1SCC1CT-SD -> NCI6500-DG-739-1LLS1RLS1SCC1CT-SD,OK
NCI6500-DG-739-1C1SR1LS13S1CT2CET1OT-CW,6500 - DG,Canvas White,RENAME,NC->NCI: NC6500-DG-739-1C1SR1LS13S1CT2CET1OT-CW -> NCI6500-DG-739-1C1SR1LS13S1CT2CET1OT-CW,OK
NCI6500-DG-739-13S1LSR1S1C1OT1CT-DD,6500 - DG,Direction Dew,RENAME,NC->NCI: NC6500-DG-739-13S1LSR1S1C1OT1CT-DD -> NCI6500-DG-739-13S1LSR1S1C1OT1CT-DD,OK
NCI6500-DG-739-1C1SR1LS13S1CT2CET1OT-RHA-SPT739,6500 - DG,Relate Harbor,RENAME,NC->NCI: NC6500-DG-739-1C1SR1LS13S1CT2CET1OT-RHA-SPT739 -> NCI6500-DG-739-1C1SR1LS13S1CT2CET1OT-RHA-SPT739,OK
NCI6500-DG-739-1LLS1RLS1SCC1CT-CV,6500 - DG,Canvas Navy,RENAME,NC->NCI: NC6500-DG-739-1LLS1RLS1SCC1CT-CV -> NCI6500-DG-739-1LLS1RLS1SCC1CT-CV,OK
NCI6500-DG-739-1LLS1RLS1SCC1CT-CW,6500 - DG,Canvas White,RENAME,NC->NCI: NC6500-DG-739-1LLS1RLS1SCC1CT-CW -> NCI6500-DG-739-1LLS1RLS1SCC1CT-CW,OK
NCI6500-DG-739-1LLS1RLS1SCC1CT-RHA-SPT739,6500 - DG,Relate Harbor,RENAME,NC->NCI: NC6500-DG-739-1LLS1RLS1SCC1CT-RHA-SPT739 -> NCI6500-DG-739-1LLS1RLS1SCC1CT-RHA-SPT739,OK
NCI6500-DG-739-1LLS1RLS1SCC1CT-CW-SPT739,6500 - DG,Canvas White,RENAME,NC->NCI: NC6500-DG-739-1LLS1RLS1SCC1CT-CW-SPT739 -> NCI6500-DG-739-1LLS1RLS1SCC1CT-CW-SPT739,OK
NCI6500-DG-739-1C1SR1LS13S1CT2CET1OT-BD-SPT739,6500 - DG,Bliss Dew,RENAME,NC->NCI: NC6500-DG-739-1C1SR1LS13S1CT2CET1OT-BD-SPT739 -> NCI6500-DG-739-1C1SR1LS13S1CT2CET1OT-BD-SPT739,OK
NCI6500-DG-739-1LLS1RLS1SCC1CT-DD-SPT739,6500 - DG,Direction Dew,RENAME,NC->NCI: NC6500-DG-739-1LLS1RLS1SCC1CT-DD-SPT739 -> NCI6500-DG-739-1LLS1RLS1SCC1CT-DD-SPT739,OK
NCI6500-DG-739-1LLS1RLS1SCC1MC1CT-RHA,6500 - DG,Relate Harbor,RENAME,NC->NCI: NC6500-DG-739-1LLS1RLS1SCC1MC1CT-RHA -> NCI6500-DG-739-1LLS1RLS1SCC1MC1CT-RHA,OK
NCI6500-DG-739-1LLS1RLS1SCC1CT-SC,6500 - DG,Spectrum Cilantro,RENAME,NC->NCI: NC6500-DG-739-1LLS1RLS1SCC1CT-SC -> NCI6500-DG-739-1LLS1RLS1SCC1CT-SC,OK
NCI6500-DG-739-1LLS1RLS1SCC1CT-CV-SPT739,6500 - DG,Canvas Navy,RENAME,NC->NCI: NC6500-DG-739-1LLS1RLS1SCC1CT-CV-SPT739 -> NCI6500-DG-739-1LLS1RLS1SCC1CT-CV-SPT739,OK
NCI6500-DG-739-1LLS1RLS1SCC1MC1CT-DD-SPT739,6500 - DG,Direction Dew,RENAME,NC->NCI: NC6500-DG-739-1LLS1RLS1SCC1MC1CT-DD-SPT739 -> NCI6500-DG-739-1LLS1RLS1SCC1MC1CT-DD-SPT739,OK
NCI6500-DG-739-1LLS1RLS1SCC1MC1CT-BD-SPT739,6500 - DG,Bliss Dew,RENAME,NC->NCI: NC6500-DG-739-1LLS1RLS1SCC1MC1CT-BD-SPT739 -> NCI6500-DG-739-1LLS1RLS1SCC1MC1CT-BD-SPT739,OK
NCI6500-DG-739-1LLS1RLS1SCC1CT-SC-SPT739,6500 - DG,Spectrum Cilantro,RENAME,NC->NCI: NC6500-DG-739-1LLS1RLS1SCC1CT-SC-SPT739 -> NCI6500-DG-739-1LLS1RLS1SCC1CT-SC-SPT739,OK
NCI6500-DG-739-1LLS1RLS1SCC1MC1CT-DD,6500 - DG,Direction Dew,RENAME,NC->NCI: NC6500-DG-739-1LLS1RLS1SCC1MC1CT-DD -> NCI6500-DG-739-1LLS1RLS1SCC1MC1CT-DD,OK
NCI6500-DG-739-1LLS1RLS1SCC1MC1CT-BD,6500 - DG,Bliss Dew,RENAME,NC->NCI: NC6500-DG-739-1LLS1RLS1SCC1MC1CT-BD -> NCI6500-DG-739-1LLS1RLS1SCC1MC1CT-BD,OK
NCI6500-DG-739-2C13S1CT2ET-RHA,6500 - DG,Relate Harbor,RENAME,NC->NCI: NC6500-DG-739-2C13S1CT2ET-RHA -> NCI6500-DG-739-2C13S1CT2ET-RHA,OK
NCI6500-DG-739-1LLS1RLS1SCC1MC1CT-SD-SPT739,6500 - DG,Spectrum Dove,RENAME,NC->NCI: NC6500-DG-739-1LLS1RLS1SCC1MC1CT-SD-SPT739 -> NCI6500-DG-739-1LLS1RLS1SCC1MC1CT-SD-SPT739,OK
NCI6500-DG-739-13S1LSR1S1C1OT1CT-CV-SPT739,6500 - DG,Canvas Navy,RENAME,NC->NCI: NC6500-DG-739-13S1LSR1S1C1OT1CT-CV-SPT739 -> NCI6500-DG-739-13S1LSR1S1C1OT1CT-CV-SPT739,OK
NCI6500-DG-739-2C1CT1LS-CV,6500 - DG,Canvas Navy,RENAME,NC->NCI: NC6500-DG-739-2C1CT1LS-CV -> NCI6500-DG-739-2C1CT1LS-CV,OK
NCI6500-DG-739-1LLS1RLS1SCC1MC1CT-SD,6500 - DG,Spectrum Dove,RENAME,NC->NCI: NC6500-DG-739-1LLS1RLS1SCC1MC1CT-SD -> NCI6500-DG-739-1LLS1RLS1SCC1MC1CT-SD,OK
NCI6500-DG-739-2C1CT1LS-CW,6500 - DG,Canvas White,RENAME,NC->NCI: NC6500-DG-739-2C1CT1LS-CW -> NCI6500-DG-739-2C1CT1LS-CW,OK
NCI6500-DG-739-2C13S1CT2ET-DD-SPT739,6500 - DG,Direction Dew,RENAME,NC->NCI: NC6500-DG-739-2C13S1CT2ET-DD-SPT739 -> NCI6500-DG-739-2C13S1CT2ET-DD-SPT739,OK
NCI6500-DG-739-2C13S1CT2ET-CV-SPT739,6500 - DG,Canvas Navy,RENAME,NC->NCI: NC6500-DG-739-2C13S1CT2ET-CV-SPT739 -> NCI6500-DG-739-2C13S1CT2ET-CV-SPT739,OK
NCI6500-DG-739-1LLS1RLS1SCC1MC1CT-RHA-SPT739,6500 - DG,Relate Harbor,RENAME,NC->NCI: NC6500-DG-739-1LLS1RLS1SCC1MC1CT-RHA-SPT739 -> NCI6500-DG-739-1LLS1RLS1SCC1MC1CT-RHA-SPT739,OK
NCI6500-DG-739-2C1CT1LS-CV-SPT739,6500 - DG,Canvas Navy,RENAME,NC->NCI: NC6500-DG-739-2C1CT1LS-CV-SPT739 -> NCI6500-DG-739-2C1CT1LS-CV-SPT739,OK
NCI6500-DG-739-1LLS1RLS1SCC1CT-DD,6500 - DG,Direction Dew,RENAME,NC->NCI: NC6500-DG-739-1LLS1RLS1SCC1CT-DD -> NCI6500-DG-739-1LLS1RLS1SCC1CT-DD,OK
NCI6500-DG-739-13S1LSR1S1C1OT1CT-RHA,6500 - DG,Relate Harbor,RENAME,NC->NCI: NC6500-DG-739-13S1LSR1S1C1OT1CT-RHA -> NCI6500-DG-739-13S1LSR1S1C1OT1CT-RHA,OK
NCI6500-DG-739-1C1SR1LS13S1CT2CET1OT-RHA,6500 - DG,Relate Harbor,RENAME,NC->NCI: NC6500-DG-739-1C1SR1LS13S1CT2CET1OT-RHA -> NCI6500-DG-739-1C1SR1LS13S1CT2CET1OT-RHA,OK
NCI6500-DG-739-1C13S1CT1LS-BD,6500 - DG,Bliss Dew,RENAME,NC->NCI: NC6500-DG-739-1C13S1CT1LS-BD -> NCI6500-DG-739-1C13S1CT1LS-BD,OK
NCI6500-DG-739-1LLS1RLS1SCC1MC1CT-SC-SPT739,6500 - DG,Spectrum Cilantro,RENAME,NC->NCI: NC6500-DG-739-1LLS1RLS1SCC1MC1CT-SC-SPT739 -> NCI6500-DG-739-1LLS1RLS1SCC1MC1CT-SC-SPT739,OK
NCI6500-DG-739-2C1CT1LS-BD-SPT739,6500 - DG,Bliss Dew,RENAME,NC->NCI: NC6500-DG-739-2C1CT1LS-BD-SPT739 -> NCI6500-DG-739-2C1CT1LS-BD-SPT739,OK
NCI6500-DG-739-1C13S1CT1LS-RHA,6500 - DG,Relate Harbor,RENAME,NC->NCI: NC6500-DG-739-1C13S1CT1LS-RHA -> NCI6500-DG-739-1C13S1CT1LS-RHA,OK
NCI6500-DG-739-2C1CT1LS-RHA,6500 - DG,Relate Harbor,RENAME,NC->NCI: NC6500-DG-739-2C1CT1LS-RHA -> NCI6500-DG-739-2C1CT1LS-RHA,OK
NCI6500-DG-739-1LLS1RLS1SCC1CT-BD-SPT739,6500 - DG,Bliss Dew,RENAME,NC->NCI: NC6500-DG-739-1LLS1RLS1SCC1CT-BD-SPT739 -> NCI6500-DG-739-1LLS1RLS1SCC1CT-BD-SPT739,OK
NCI6500-DG-739-1LLS1RLS1SCC1MC1CT-CW-SPT739,6500 - DG,Canvas White,RENAME,NC->NCI: NC6500-DG-739-1LLS1RLS1SCC1MC1CT-CW-SPT739 -> NCI6500-DG-739-1LLS1RLS1SCC1MC1CT-CW-SPT739,OK
NCI6500-DG-739-2C13S1CT2ET-CV,6500 - DG,Canvas Navy,RENAME,NC->NCI: NC6500-DG-739-2C13S1CT2ET-CV -> NCI6500-DG-739-2C13S1CT2ET-CV,OK
NCI6500-DG-739-2C1CT1LS-SD,6500 - DG,Spectrum Dove,RENAME,NC->NCI: NC6500-DG-739-2C1CT1LS-SD -> NCI6500-DG-739-2C1CT1LS-SD,OK
NCI6500-DG-739-2C13S1CT2ET-SD,6500 - DG,Spectrum Dove,RENAME,NC->NCI: NC6500-DG-739-2C13S1CT2ET-SD -> NCI6500-DG-739-2C13S1CT2ET-SD,OK
NCI6500-DG-739-13S1LSR1S1C1OT1CT-SD-SPT739,6500 - DG,Spectrum Dove,RENAME,NC->NCI: NC6500-DG-739-13S1LSR1S1C1OT1CT-SD-SPT739 -> NCI6500-DG-739-13S1LSR1S1C1OT1CT-SD-SPT739,OK
NCI6500-DG-739-1LLS1RLS1SCC1CT-SD-SPT739,6500 - DG,Spectrum Dove,RENAME,NC->NCI: NC6500-DG-739-1LLS1RLS1SCC1CT-SD-SPT739 -> NCI6500-DG-739-1LLS1RLS1SCC1CT-SD-SPT739,OK
NCI6500-DG-739-2C13S1CT2ET-BD,6500 - DG,Bliss Dew,RENAME,NC->NCI: NC6500-DG-739-2C13S1CT2ET-BD -> NCI6500-DG-739-2C13S1CT2ET-BD,OK
NCI6500-DG-739-13S1LSR1S1C1OT1CT-CW,6500 - DG,Canvas White,RENAME,NC->NCI: NC6500-DG-739-13S1LSR1S1C1OT1CT-CW -> NCI6500-DG-739-13S1LSR1S1C1OT1CT-CW,OK
NCI6500-DG-739-1C1SR1LS13S1CT2CET1OT-BD,6500 - DG,Bliss Dew,RENAME,NC->NCI: NC6500-DG-739-1C1SR1LS13S1CT2CET1OT-BD -> NCI6500-DG-739-1C1SR1LS13S1CT2CET1OT-BD,OK
NCI6500-DG-739-1LLS1RLS1SCC1MC1CT-CW,6500 - DG,Canvas White,RENAME,NC->NCI: NC6500-DG-739-1LLS1RLS1SCC1MC1CT-CW -> NCI6500-DG-739-1LLS1RLS1SCC1MC1CT-CW,OK
NCI6500-DG-739-1C13S1CT1LS-SC,6500 - DG,Spectrum Cilantro,RENAME,NC->NCI: NC6500-DG-739-1C13S1CT1LS-SC -> NCI6500-DG-739-1C13S1CT1LS-SC,OK
NCI6500-DG-739-2C13S1CT2ET-DD,6500 - DG,Direction Dew,RENAME,NC->NCI: NC6500-DG-739-2C13S1CT2ET-DD -> NCI6500-DG-739-2C13S1CT2ET-DD,OK
NCI6500-DG-739-2C13S1CT2ET-SC,6500 - DG,Spectrum Cilantro,RENAME,NC->NCI: NC6500-DG-739-2C13S1CT2ET-SC -> NCI6500-DG-739-2C13S1CT2ET-SC,OK
NCI6500-DG-739-2C1CT1LS-BD,6500 - DG,Bliss Dew,RENAME,NC->NCI: NC6500-DG-739-2C1CT1LS-BD -> NCI6500-DG-739-2C1CT1LS-BD,OK
NCI6500-DG-739-2C13S1CT2ET-BD-SPT739,6500 - DG,Bliss Dew,RENAME,NC->NCI: NC6500-DG-739-2C13S1CT2ET-BD-SPT739 -> NCI6500-DG-739-2C13S1CT2ET-BD-SPT739,OK
NCI6500-DG-739-2C1CT1LS-DD,6500 - DG,Direction Dew,RENAME,NC->NCI: NC6500-DG-739-2C1CT1LS-DD -> NCI6500-DG-739-2C1CT1LS-DD,OK
NCI6500-DG-739-2C1CT1LS-CW-SPT739,6500 - DG,Canvas White,RENAME,NC->NCI: NC6500-DG-739-2C1CT1LS-CW-SPT739 -> NCI6500-DG-739-2C1CT1LS-CW-SPT739,OK
NCI6500-DG-739-1LLS1RLS1SCC1MC1CT-SC,6500 - DG,Spectrum Cilantro,RENAME,NC->NCI: NC6500-DG-739-1LLS1RLS1SCC1MC1CT-SC -> NCI6500-DG-739-1LLS1RLS1SCC1MC1CT-SC,OK
NCI6500-DG-739-1LLS1RLS1SCC1MC1CT-CV,6500 - DG,Canvas Navy,RENAME,NC->NCI: NC6500-DG-739-1LLS1RLS1SCC1MC1CT-CV -> NCI6500-DG-739-1LLS1RLS1SCC1MC1CT-CV,OK
NCI6500-DG-739-1C1SR1LS13S1CT2CET1OT-DD-SPT739,6500 - DG,Direction Dew,RENAME,NC->NCI: NC6500-DG-739-1C1SR1LS13S1CT2CET1OT-DD-SPT739 -> NCI6500-DG-739-1C1SR1LS13S1CT2CET1OT-DD-SPT739,OK
NCI6500-DG-739-1C13S1CT1LS-CV,6500 - DG,Canvas Navy,RENAME,NC->NCI: NC6500-DG-739-1C13S1CT1LS-CV -> NCI6500-DG-739-1C13S1CT1LS-CV,OK
NCI6500-DG-739-2C13S1CT2ET-CW-SPT739,6500 - DG,Canvas White,RENAME,NC->NCI: NC6500-DG-739-2C13S1CT2ET-CW-SPT739 -> NCI6500-DG-739-2C13S1CT2ET-CW-SPT739,OK
NCI6500-DG-739-1C1SR1LS13S1CT2CET1OT-SD-SPT739,6500 - DG,Spectrum Dove,RENAME,NC->NCI: NC6500-DG-739-1C1SR1LS13S1CT2CET1OT-SD-SPT739 -> NCI6500-DG-739-1C1SR1LS13S1CT2CET1OT-SD-SPT739,OK
NCI6500-DG-739-2C13S1CT2ET-CW,6500 - DG,Canvas White,RENAME,NC->NCI: NC6500-DG-739-2C13S1CT2ET-CW -> NCI6500-DG-739-2C13S1CT2ET-CW,OK
NCI6500-DG-739-1LLS1RLS1SCC1MC1CT-CV-SPT739,6500 - DG,Canvas Navy,RENAME,NC->NCI: NC6500-DG-739-1LLS1RLS1SCC1MC1CT-CV-SPT739 -> NCI6500-DG-739-1LLS1RLS1SCC1MC1CT-CV-SPT739,OK
NCI6500-DG-739-2C13S1CT2ET-RHA-SPT739,6500 - DG,Relate Harbor,RENAME,NC->NCI: NC6500-DG-739-2C13S1CT2ET-RHA-SPT739 -> NCI6500-DG-739-2C13S1CT2ET-RHA-SPT739,OK
NCI6500-DG-739-1C13S1CT1LS-RHA-SPT739,6500 - DG,Relate Harbor,RENAME,NC->NCI: NC6500-DG-739-1C13S1CT1LS-RHA-SPT739 -> NCI6500-DG-739-1C13S1CT1LS-RHA-SPT739,OK
NCI6500-DG-739-2C13S1CT2ET-SC-SPT739,6500 - DG,Spectrum Cilantro,RENAME,NC->NCI: NC6500-DG-739-2C13S1CT2ET-SC-SPT739 -> NCI6500-DG-739-2C13S1CT2ET-SC-SPT739,OK
NCI6500-DG-739-2C1CT1LS-SC,6500 - DG,Spectrum Cilantro,RENAME,NC->NCI: NC6500-DG-739-2C1CT1LS-SC -> NCI6500-DG-739-2C1CT1LS-SC,OK
NCI6500-DG-739-2C13S1CT2ET-SD-SPT739,6500 - DG,Spectrum Dove,RENAME,NC->NCI: NC6500-DG-739-2C13S1CT2ET-SD-SPT739 -> NCI6500-DG-739-2C13S1CT2ET-SD-SPT739,OK
NCI6500-DG-739-006-01-BD,6500 - DG,Bliss Dew,RENAME,NC->NCI: NC6500-DG-739-006-01-BD -> NCI6500-DG-739-006-01-BD,OK
NCI6500-DG-739-2C1CT1LS-DD-SPT739,6500 - DG,Direction Dew,RENAME,NC->NCI: NC6500-DG-739-2C1CT1LS-DD-SPT739 -> NCI6500-DG-739-2C1CT1LS-DD-SPT739,OK
NCI6500-DG-739-2C1CT1LS-SC-SPT739,6500 - DG,Spectrum Cilantro,RENAME,NC->NCI: NC6500-DG-739-2C1CT1LS-SC-SPT739 -> NCI6500-DG-739-2C1CT1LS-SC-SPT739,OK
NCI6500-DG-739-2C1CT1LS-SD-SPT739,6500 - DG,Spectrum Dove,RENAME,NC->NCI: NC6500-DG-739-2C1CT1LS-SD-SPT739 -> NCI6500-DG-739-2C1CT1LS-SD-SPT739,OK
NCI6500-DG-739-2C1CT1LS-RHA-SPT739,6500 - DG,Relate Harbor,RENAME,NC->NCI: NC6500-DG-739-2C1CT1LS-RHA-SPT739 -> NCI6500-DG-739-2C1CT1LS-RHA-SPT739,OK
NCI6500-DG-739-006-01-SC,6500 - DG,Spectrum Cilantro,RENAME,NC->NCI: NC6500-DG-739-006-01-SC -> NCI6500-DG-739-006-01-SC,OK
NCI6500-DG-739-006-01-DD,6500 - DG,Direction Dew,RENAME,NC->NCI: NC6500-DG-739-006-01-DD -> NCI6500-DG-739-006-01-DD,OK
NCI6500-DG-739-006-01-RHA,6500 - DG,Relate Harbor,RENAME,NC->NCI: NC6500-DG-739-006-01-RHA -> NCI6500-DG-739-006-01-RHA,OK
NCI6500-DG-739-006-01-SD,6500 - DG,Spectrum Dove,RENAME,NC->NCI: NC6500-DG-739-006-01-SD -> NCI6500-DG-739-006-01-SD,OK
NCI6500-DG-739-006-01-SC-SPT739,6500 - DG,Spectrum Cilantro,RENAME,NC->NCI: NC6500-DG-739-006-01-SC-SPT739 -> NCI6500-DG-739-006-01-SC-SPT739,OK
NCI6500-DG-739-006-01-RHA-SPT739,6500 - DG,Relate Harbor,RENAME,NC->NCI: NC6500-DG-739-006-01-RHA-SPT739 -> NCI6500-DG-739-006-01-RHA-SPT739,OK
NCI6500-DG-739-006-01-SD-SPT739,6500 - DG,Spectrum Dove,RENAME,NC->NCI: NC6500-DG-739-006-01-SD-SPT739 -> NCI6500-DG-739-006-01-SD-SPT739,OK
NCI6500-DG-739-006-01-DD-SPT739,6500 - DG,Direction Dew,RENAME,NC->NCI: NC6500-DG-739-006-01-DD-SPT739 -> NCI6500-DG-739-006-01-DD-SPT739,OK
NCI6500-DG-739-001-01-SC,6500 - DG,Spectrum Cilantro,RENAME,NC->NCI: NC6500-DG-739-001-01-SC -> NCI6500-DG-739-001-01-SC,OK
NCI6500-DG-739-001-01-CW,6500 - DG,Canvas White,RENAME,NC->NCI: NC6500-DG-739-001-01-CW -> NCI6500-DG-739-001-01-CW,OK
NCI6500-DG-739-001-01-RHA-SPT739,6500 - DG,Relate Harbor,RENAME,NC->NCI: NC6500-DG-739-001-01-RHA-SPT739 -> NCI6500-DG-739-001-01-RHA-SPT739,OK
NCI6500-DG-739-001-01-CV,6500 - DG,Canvas Navy,RENAME,NC->NCI: NC6500-DG-739-001-01-CV -> NCI6500-DG-739-001-01-CV,OK
NCI6500-DG-739-006-01-BD-SPT739,6500 - DG,Bliss Dew,RENAME,NC->NCI: NC6500-DG-739-006-01-BD-SPT739 -> NCI6500-DG-739-006-01-BD-SPT739,OK
NCI6500-DG-739-001-01-CW-SPT739,6500 - DG,Canvas White,RENAME,NC->NCI: NC6500-DG-739-001-01-CW-SPT739 -> NCI6500-DG-739-001-01-CW-SPT739,OK
NCI6500-DG-739-001-01-DD,6500 - DG,Direction Dew,RENAME,NC->NCI: NC6500-DG-739-001-01-DD -> NCI6500-DG-739-001-01-DD,OK
NCI6500-DG-739-001-01-CV-SPT739,6500 - DG,Canvas Navy,RENAME,NC->NCI: NC6500-DG-739-001-01-CV-SPT739 -> NCI6500-DG-739-001-01-CV-SPT739,OK
NCI6500-DG-739-001-01-SD,6500 - DG,Spectrum Dove,RENAME,NC->NCI: NC6500-DG-739-001-01-SD -> NCI6500-DG-739-001-01-SD,OK
NCI6500-DG-739-001-01-RHA,6500 - DG,Relate Harbor,RENAME,NC->NCI: NC6500-DG-739-001-01-RHA -> NCI6500-DG-739-001-01-RHA,OK
NCI6500-DG-739-4SR-CW,6500 - DG,Canvas White,RENAME,NC->NCI: NC6500-DG-739-4SR-CW -> NCI6500-DG-739-4SR-CW,OK
NCI6500-DG-739-4SR-CW-SPT739,6500 - DG,Canvas White,RENAME,NC->NCI: NC6500-DG-739-4SR-CW-SPT739 -> NCI6500-DG-739-4SR-CW-SPT739,OK
NCI6500-DG-739-4SR-SD,6500 - DG,Spectrum Dove,RENAME,NC->NCI: NC6500-DG-739-4SR-SD -> NCI6500-DG-739-4SR-SD,OK
NCI6500-DG-739-001-01-DD-SPT739,6500 - DG,Direction Dew,RENAME,NC->NCI: NC6500-DG-739-001-01-DD-SPT739 -> NCI6500-DG-739-001-01-DD-SPT739,OK
NCI6500-DG-739-4SR-RHA-SPT739,6500 - DG,Relate Harbor,RENAME,NC->NCI: NC6500-DG-739-4SR-RHA-SPT739 -> NCI6500-DG-739-4SR-RHA-SPT739,OK
NCI6500-DG-739-4SR-SC-SPT739,6500 - DG,Spectrum Cilantro,RENAME,NC->NCI: NC6500-DG-739-4SR-SC-SPT739 -> NCI6500-DG-739-4SR-SC-SPT739,OK
NCI6500-DG-739-4SR-RHA,6500 - DG,Relate Harbor,RENAME,NC->NCI: NC6500-DG-739-4SR-RHA -> NCI6500-DG-739-4SR-RHA,OK
NCI6500-DG-739-4SR-CV-SPT739,6500 - DG,Canvas Navy,RENAME,NC->NCI: NC6500-DG-739-4SR-CV-SPT739 -> NCI6500-DG-739-4SR-CV-SPT739,OK
NCI6500-DG-739-4SR-SD-SPT739,6500 - DG,Spectrum Dove,RENAME,NC->NCI: NC6500-DG-739-4SR-SD-SPT739 -> NCI6500-DG-739-4SR-SD-SPT739,OK
NCI6500-DG-739-4SR-DD-SPT739,6500 - DG,Direction Dew,RENAME,NC->NCI: NC6500-DG-739-4SR-DD-SPT739 -> NCI6500-DG-739-4SR-DD-SPT739,OK
NCI6500-DG-739-4SR-CV,6500 - DG,Canvas Navy,RENAME,NC->NCI: NC6500-DG-739-4SR-CV -> NCI6500-DG-739-4SR-CV,OK
NCI6500-DG-739-001-01-BD,6500 - DG,Bliss Dew,RENAME,NC->NCI: NC6500-DG-739-001-01-BD -> NCI6500-DG-739-001-01-BD,OK
NCI6500-DG-739-4SR-BD,6500 - DG,Bliss Dew,RENAME,NC->NCI: NC6500-DG-739-4SR-BD -> NCI6500-DG-739-4SR-BD,OK
NCI6500-DG-739-001-01-BD-SPT739,6500 - DG,Bliss Dew,RENAME,NC->NCI: NC6500-DG-739-001-01-BD-SPT739 -> NCI6500-DG-739-001-01-BD-SPT739,OK
NCI6500-DG-739-4SR-BD-SPT739,6500 - DG,Bliss Dew,RENAME,NC->NCI: NC6500-DG-739-4SR-BD-SPT739 -> NCI6500-DG-739-4SR-BD-SPT739,OK
NCI6500-DG-739-001-01-SC-SPT739,6500 - DG,Spectrum Cilantro,RENAME,NC->NCI: NC6500-DG-739-001-01-SC-SPT739 -> NCI6500-DG-739-001-01-SC-SPT739,OK
NCI6500-DG-739-4SR-SC,6500 - DG,Spectrum Cilantro,RENAME,NC->NCI: NC6500-DG-739-4SR-SC -> NCI6500-DG-739-4SR-SC,OK
NCI6500-DG-739-4SR-DD,6500 - DG,Direction Dew,RENAME,NC->NCI: NC6500-DG-739-4SR-DD -> NCI6500-DG-739-4SR-DD,OK
NCI6500-DG-739-001-01-SD-SPT739,6500 - DG,Spectrum Dove,RENAME,NC->NCI: NC6500-DG-739-001-01-SD-SPT739 -> NCI6500-DG-739-001-01-SD-SPT739,OK
NCI6500-DG-739-052-01-BD,6500 - DG,Bliss Dew,RENAME,NC->NCI: NC6500-DG-739-052-01-BD -> NCI6500-DG-739-052-01-BD,OK
NCI6500-DG-739-052-01-CV,6500 - DG,Canvas Navy,RENAME,NC->NCI: NC6500-DG-739-052-01-CV -> NCI6500-DG-739-052-01-CV,OK
NCI6500-DG-739-052-01-CW,6500 - DG,Canvas White,RENAME,NC->NCI: NC6500-DG-739-052-01-CW -> NCI6500-DG-739-052-01-CW,OK
NCI6500-DG-739-052-01-DD,6500 - DG,Direction Dew,RENAME,NC->NCI: NC6500-DG-739-052-01-DD -> NCI6500-DG-739-052-01-DD,OK
NCI6500-DG-739-052-01-CV-SPT739,6500 - DG,Canvas Navy,RENAME,NC->NCI: NC6500-DG-739-052-01-CV-SPT739 -> NCI6500-DG-739-052-01-CV-SPT739,OK
NCI6500-DG-739-052-01-BD-SPT739,6500 - DG,Bliss Dew,RENAME,NC->NCI: NC6500-DG-739-052-01-BD-SPT739 -> NCI6500-DG-739-052-01-BD-SPT739,OK
NCI6500-DG-739-052-01-SC,6500 - DG,Spectrum Cilantro,RENAME,NC->NCI: NC6500-DG-739-052-01-SC -> NCI6500-DG-739-052-01-SC,OK
NCI6500-DG-739-052-01-SD,6500 - DG,Spectrum Dove,RENAME,NC->NCI: NC6500-DG-739-052-01-SD -> NCI6500-DG-739-052-01-SD,OK
NCI6500-DG-739-052-01-CW-SPT739,6500 - DG,Canvas White,RENAME,NC->NCI: NC6500-DG-739-052-01-CW-SPT739 -> NCI6500-DG-739-052-01-CW-SPT739,OK
NCI6500-DG-739-052-01-RHA,6500 - DG,Relate Harbor,RENAME,NC->NCI: NC6500-DG-739-052-01-RHA -> NCI6500-DG-739-052-01-RHA,OK
NCI6500-DG-739-052-01-RHA-SPT739,6500 - DG,Relate Harbor,RENAME,NC->NCI: NC6500-DG-739-052-01-RHA-SPT739 -> NCI6500-DG-739-052-01-RHA-SPT739,OK
NCI6500-DG-739-052-01-SC-SPT739,6500 - DG,Spectrum Cilantro,RENAME,NC->NCI: NC6500-DG-739-052-01-SC-SPT739 -> NCI6500-DG-739-052-01-SC-SPT739,OK
NCI6500-DG-739-052-01-DD-SPT739,6500 - DG,Direction Dew,RENAME,NC->NCI: NC6500-DG-739-052-01-DD-SPT739 -> NCI6500-DG-739-052-01-DD-SPT739,OK
NCI6500-DG-739-002-01-BD,6500 - DG,Bliss Dew,RENAME,NC->NCI: NC6500-DG-739-002-01-BD -> NCI6500-DG-739-002-01-BD,OK
NCI6500-DG-739-002-01-SC,6500 - DG,Spectrum Cilantro,RENAME,NC->NCI: NC6500-DG-739-002-01-SC -> NCI6500-DG-739-002-01-SC,OK
NCI6500-DG-739-002-01-DD,6500 - DG,Direction Dew,RENAME,NC->NCI: NC6500-DG-739-002-01-DD -> NCI6500-DG-739-002-01-DD,OK
NCI6500-DG-739-002-01-RHA,6500 - DG,Relate Harbor,RENAME,NC->NCI: NC6500-DG-739-002-01-RHA -> NCI6500-DG-739-002-01-RHA,OK
NCI6500-DG-739-052-01-SD-SPT739,6500 - DG,Spectrum Dove,RENAME,NC->NCI: NC6500-DG-739-052-01-SD-SPT739 -> NCI6500-DG-739-052-01-SD-SPT739,OK
NCI6500-DG-739-002-01-BD-SPT739,6500 - DG,Bliss Dew,RENAME,NC->NCI: NC6500-DG-739-002-01-BD-SPT739 -> NCI6500-DG-739-002-01-BD-SPT739,OK
NCI6500-DG-739-002-01-SD,6500 - DG,Spectrum Dove,RENAME,NC->NCI: NC6500-DG-739-002-01-SD -> NCI6500-DG-739-002-01-SD,OK
NCI6500-DG-739-002-01-DD-SPT739,6500 - DG,Direction Dew,RENAME,NC->NCI: NC6500-DG-739-002-01-DD-SPT739 -> NCI6500-DG-739-002-01-DD-SPT739,OK
NCI6500-DG-739-002-01-RHA-SPT739,6500 - DG,Relate Harbor,RENAME,NC->NCI: NC6500-DG-739-002-01-RHA-SPT739 -> NCI6500-DG-739-002-01-RHA-SPT739,OK
NCI6500-DG-739-002-01-SC-SPT739,6500 - DG,Spectrum Cilantro,RENAME,NC->NCI: NC6500-DG-739-002-01-SC-SPT739 -> NCI6500-DG-739-002-01-SC-SPT739,OK
NCI6500-DG-739-002-01-SD-SPT739,6500 - DG,Spectrum Dove,RENAME,NC->NCI: NC6500-DG-739-002-01-SD-SPT739 -> NCI6500-DG-739-002-01-SD-SPT739,OK
NCI6500SECT-DG-739-053-01-BD,6500 - DG,Bliss Dew,RENAME,NC->NCI: NC6500SECT-DG-739-053-01-BD -> NCI6500SECT-DG-739-053-01-BD,OK
NCI6500SECT-DG-739-053-01-CW,6500 - DG,Canvas White,RENAME,NC->NCI: NC6500SECT-DG-739-053-01-CW -> NCI6500SECT-DG-739-053-01-CW,OK
NCI6500SECT-DG-739-053-01-DD,6500 - DG,Direction Dew,RENAME,NC->NCI: NC6500SECT-DG-739-053-01-DD -> NCI6500SECT-DG-739-053-01-DD,OK
NCI6500SECT-DG-739-053-01-CV,6500 - DG,Canvas Navy,RENAME,NC->NCI: NC6500SECT-DG-739-053-01-CV -> NCI6500SECT-DG-739-053-01-CV,OK
NCI6500SECT-DG-739-053-01-BD-SPT739,6500 - DG,Bliss Dew,RENAME,NC->NCI: NC6500SECT-DG-739-053-01-BD-SPT739 -> NCI6500SECT-DG-739-053-01-BD-SPT739,OK
NCI6500SECT-DG-739-053-01-SC,6500 - DG,Spectrum Cilantro,RENAME,NC->NCI: NC6500SECT-DG-739-053-01-SC -> NCI6500SECT-DG-739-053-01-SC,OK
NCI6500SECT-DG-739-053-01-CV-SPT739,6500 - DG,Canvas Navy,RENAME,NC->NCI: NC6500SECT-DG-739-053-01-CV-SPT739 -> NCI6500SECT-DG-739-053-01-CV-SPT739,OK
NCI6500SECT-DG-739-053-01-SD,6500 - DG,Spectrum Dove,RENAME,NC->NCI: NC6500SECT-DG-739-053-01-SD -> NCI6500SECT-DG-739-053-01-SD,OK
NCI6500SECT-DG-739-053-01-RHA-SPT739,6500 - DG,Relate Harbor,RENAME,NC->NCI: NC6500SECT-DG-739-053-01-RHA-SPT739 -> NCI6500SECT-DG-739-053-01-RHA-SPT739,OK
NCI6500SECT-DG-739-053-01-RHA,6500 - DG,Relate Harbor,RENAME,NC->NCI: NC6500SECT-DG-739-053-01-RHA -> NCI6500SECT-DG-739-053-01-RHA,OK
NCI6500SECT-DG-739-053-01-CW-SPT739,6500 - DG,Canvas White,RENAME,NC->NCI: NC6500SECT-DG-739-053-01-CW-SPT739 -> NCI6500SECT-DG-739-053-01-CW-SPT739,OK
NCI6500SECT-DG-739-053-01-DD-SPT739,6500 - DG,Direction Dew,RENAME,NC->NCI: NC6500SECT-DG-739-053-01-DD-SPT739 -> NCI6500SECT-DG-739-053-01-DD-SPT739,OK
NCI6500SECT-DG-739-053-01-SD-SPT739,6500 - DG,Spectrum Dove,RENAME,NC->NCI: NC6500SECT-DG-739-053-01-SD-SPT739 -> NCI6500SECT-DG-739-053-01-SD-SPT739,OK
NCI6500-DG-739-260-01-CV,6500 - DG,Canvas Navy,RENAME,NC->NCI: NC6500-DG-739-260-01-CV -> NCI6500-DG-739-260-01-CV,OK
NCI6500-DG-739-260-01-CW,6500 - DG,Canvas White,RENAME,NC->NCI: NC6500-DG-739-260-01-CW -> NCI6500-DG-739-260-01-CW,OK
NCI6500-DG-739-260-01-DD,6500 - DG,Direction Dew,RENAME,NC->NCI: NC6500-DG-739-260-01-DD -> NCI6500-DG-739-260-01-DD,OK
NCI6500SECT-DG-739-053-01-SC-SPT739,6500 - DG,Spectrum Cilantro,RENAME,NC->NCI: NC6500SECT-DG-739-053-01-SC-SPT739 -> NCI6500SECT-DG-739-053-01-SC-SPT739,OK
NCI6500-DG-739-260-01-CW-SPT739,6500 - DG,Canvas White,RENAME,NC->NCI: NC6500-DG-739-260-01-CW-SPT739 -> NCI6500-DG-739-260-01-CW-SPT739,OK
NCI6500-DG-739-260-01-RHA,6500 - DG,Relate Harbor,RENAME,NC->NCI: NC6500-DG-739-260-01-RHA -> NCI6500-DG-739-260-01-RHA,OK
NCI6500-DG-739-260-01-CV-SPT739,6500 - DG,Canvas Navy,RENAME,NC->NCI: NC6500-DG-739-260-01-CV-SPT739 -> NCI6500-DG-739-260-01-CV-SPT739,OK
NCI6500-DG-739-260-01-DD-SPT739,6500 - DG,Direction Dew,RENAME,NC->NCI: NC6500-DG-739-260-01-DD-SPT739 -> NCI6500-DG-739-260-01-DD-SPT739,OK
NCI6500-DG-739-260-01-SC,6500 - DG,Spectrum Cilantro,RENAME,NC->NCI: NC6500-DG-739-260-01-SC -> NCI6500-DG-739-260-01-SC,OK
NCI6500-DG-739-260-01-RHA-SPT739,6500 - DG,Relate Harbor,RENAME,NC->NCI: NC6500-DG-739-260-01-RHA-SPT739 -> NCI6500-DG-739-260-01-RHA-SPT739,OK
NCI6500-DG-739-260-01-BD-SPT739,6500 - DG,Bliss Dew,RENAME,NC->NCI: NC6500-DG-739-260-01-BD-SPT739 -> NCI6500-DG-739-260-01-BD-SPT739,OK
NCI6500-DG-739-260-01-BD,6500 - DG,Bliss Dew,RENAME,NC->NCI: NC6500-DG-739-260-01-BD -> NCI6500-DG-739-260-01-BD,OK
NCI6500-DG-739-260-01-SD,6500 - DG,Spectrum Dove,RENAME,NC->NCI: NC6500-DG-739-260-01-SD -> NCI6500-DG-739-260-01-SD,OK
NCI6500SECT-DG-032-01-BD,6500 - DG,Bliss Dew,RENAME,NC->NCI: NC6500SECT-DG-032-01-BD -> NCI6500SECT-DG-032-01-BD,OK
NCI6500-DG-739-260-01-SC-SPT739,6500 - DG,Spectrum Cilantro,RENAME,NC->NCI: NC6500-DG-739-260-01-SC-SPT739 -> NCI6500-DG-739-260-01-SC-SPT739,OK
NCI6500SECT-DG-032-01-CW,6500 - DG,Canvas White,RENAME,NC->NCI: NC6500SECT-DG-032-01-CW -> NCI6500SECT-DG-032-01-CW,OK
NCI6500-DG-739-260-01-SD-SPT739,6500 - DG,Spectrum Dove,RENAME,NC->NCI: NC6500-DG-739-260-01-SD-SPT739 -> NCI6500-DG-739-260-01-SD-SPT739,OK
NCI6500SECT-DG-032-01-CV,6500 - DG,Canvas Navy,RENAME,NC->NCI: NC6500SECT-DG-032-01-CV -> NCI6500SECT-DG-032-01-CV,OK
NCI6500SECT-DG-032-01-RHA,6500 - DG,Relate Harbor,RENAME,NC->NCI: NC6500SECT-DG-032-01-RHA -> NCI6500SECT-DG-032-01-RHA,OK
NCI6500SECT-DG-304-034-01-BD,6500 - DG,Bliss Dew,RENAME,NC->NCI: NC6500SECT-DG-304-034-01-BD -> NCI6500SECT-DG-304-034-01-BD,OK
NCI6500SECT-DG-032-01-DD,6500 - DG,Direction Dew,RENAME,NC->NCI: NC6500SECT-DG-032-01-DD -> NCI6500SECT-DG-032-01-DD,OK
NCI6500SECT-DG-032-01-SD,6500 - DG,Spectrum Dove,RENAME,NC->NCI: NC6500SECT-DG-032-01-SD -> NCI6500SECT-DG-032-01-SD,OK
NCI6500SECT-DG-032-01-SC,6500 - DG,Spectrum Cilantro,RENAME,NC->NCI: NC6500SECT-DG-032-01-SC -> NCI6500SECT-DG-032-01-SC,OK
NCI6500SECT-DG-304-034-01-CV,6500 - DG,Canvas Navy,RENAME,NC->NCI: NC6500SECT-DG-304-034-01-CV -> NCI6500SECT-DG-304-034-01-CV,OK
NCI6500-WT-304-13S1LSR1S1C1OT1CT-BD,6500 - WT,Bliss Dew,RENAME,NC->NCI: NC6500-WT-304-13S1LSR1S1C1OT1CT-BD -> NCI6500-WT-304-13S1LSR1S1C1OT1CT-BD,OK
NCI6500SECT-DG-304-034-01-CW,6500 - DG,Canvas White,RENAME,NC->NCI: NC6500SECT-DG-304-034-01-CW -> NCI6500SECT-DG-304-034-01-CW,OK
NCI6500SECT-DG-304-034-01-RHA,6500 - DG,Relate Harbor,RENAME,NC->NCI: NC6500SECT-DG-304-034-01-RHA -> NCI6500SECT-DG-304-034-01-RHA,OK
NCI6500SECT-DG-304-034-01-SD,6500 - DG,Spectrum Dove,RENAME,NC->NCI: NC6500SECT-DG-304-034-01-SD -> NCI6500SECT-DG-304-034-01-SD,OK
NCI6500SECT-DG-304-034-01-SC,6500 - DG,Spectrum Cilantro,RENAME,NC->NCI: NC6500SECT-DG-304-034-01-SC -> NCI6500SECT-DG-304-034-01-SC,OK
NCI6500-WT-304-1C13S1CT1LS-SC,6500 - WT,Spectrum Cilantro,RENAME,NC->NCI: NC6500-WT-304-1C13S1CT1LS-SC -> NCI6500-WT-304-1C13S1CT1LS-SC,OK
NCI6500-WT-304-1C1SR1LS13S1CT2CET1OT-BD,6500 - WT,Bliss Dew,RENAME,NC->NCI: NC6500-WT-304-1C1SR1LS13S1CT2CET1OT-BD -> NCI6500-WT-304-1C1SR1LS13S1CT2CET1OT-BD,OK
NCI6500-WT-304-13S1LSR1S1C1OT1CT-RHA,6500 - WT,Relate Harbor,RENAME,NC->NCI: NC6500-WT-304-13S1LSR1S1C1OT1CT-RHA -> NCI6500-WT-304-13S1LSR1S1C1OT1CT-RHA,OK
NCI6500SECT-DG-304-034-01-DD,6500 - DG,Direction Dew,RENAME,NC->NCI: NC6500SECT-DG-304-034-01-DD -> NCI6500SECT-DG-304-034-01-DD,OK
NCI6500-WT-304-1LLS1RLS1SCC1MC1CT-CV,6500 - WT,Canvas Navy,RENAME,NC->NCI: NC6500-WT-304-1LLS1RLS1SCC1MC1CT-CV -> NCI6500-WT-304-1LLS1RLS1SCC1MC1CT-CV,OK
NCI6500-WT-304-1C13S1CT1LS-CV,6500 - WT,Canvas Navy,RENAME,NC->NCI: NC6500-WT-304-1C13S1CT1LS-CV -> NCI6500-WT-304-1C13S1CT1LS-CV,OK
NCI6500-WT-304-1C1SR1LS13S1CT2CET1OT-CV,6500 - WT,Canvas Navy,RENAME,NC->NCI: NC6500-WT-304-1C1SR1LS13S1CT2CET1OT-CV -> NCI6500-WT-304-1C1SR1LS13S1CT2CET1OT-CV,OK
NCI6500-WT-304-1LLS1RLS1SCC1CT-SC,6500 - WT,Spectrum Cilantro,RENAME,NC->NCI: NC6500-WT-304-1LLS1RLS1SCC1CT-SC -> NCI6500-WT-304-1LLS1RLS1SCC1CT-SC,OK
NCI6500-WT-304-13S1LSR1S1C1OT1CT-SC,6500 - WT,Spectrum Cilantro,RENAME,NC->NCI: NC6500-WT-304-13S1LSR1S1C1OT1CT-SC -> NCI6500-WT-304-13S1LSR1S1C1OT1CT-SC,OK
NCI6500-WT-304-13S1LSR1S1C1OT1CT-DD,6500 - WT,Direction Dew,RENAME,NC->NCI: NC6500-WT-304-13S1LSR1S1C1OT1CT-DD -> NCI6500-WT-304-13S1LSR1S1C1OT1CT-DD,OK
NCI6500-WT-304-1LLS1RLS1SCC1MC1CT-DD,6500 - WT,Direction Dew,RENAME,NC->NCI: NC6500-WT-304-1LLS1RLS1SCC1MC1CT-DD -> NCI6500-WT-304-1LLS1RLS1SCC1MC1CT-DD,OK
NCI6500-WT-304-1LLS1RLS1SCC1MC1CT-SC,6500 - WT,Spectrum Cilantro,RENAME,NC->NCI: NC6500-WT-304-1LLS1RLS1SCC1MC1CT-SC -> NCI6500-WT-304-1LLS1RLS1SCC1MC1CT-SC,OK
NCI6500-WT-304-1LLS1RLS1SCC1CT-CV,6500 - WT,Canvas Navy,RENAME,NC->NCI: NC6500-WT-304-1LLS1RLS1SCC1CT-CV -> NCI6500-WT-304-1LLS1RLS1SCC1CT-CV,OK
NCI6500-WT-304-1C13S1CT1LS-CW,6500 - WT,Canvas White,RENAME,NC->NCI: NC6500-WT-304-1C13S1CT1LS-CW -> NCI6500-WT-304-1C13S1CT1LS-CW,OK
NCI6500-WT-304-1LLS1RLS1SCC1MC1CT-RHA,6500 - WT,Relate Harbor,RENAME,NC->NCI: NC6500-WT-304-1LLS1RLS1SCC1MC1CT-RHA -> NCI6500-WT-304-1LLS1RLS1SCC1MC1CT-RHA,OK
NCI6500-WT-304-1C1SR1LS13S1CT2CET1OT-CW,6500 - WT,Canvas White,RENAME,NC->NCI: NC6500-WT-304-1C1SR1LS13S1CT2CET1OT-CW -> NCI6500-WT-304-1C1SR1LS13S1CT2CET1OT-CW,OK
NCI6500-WT-304-1C1SR1LS13S1CT2CET1OT-SD,6500 - WT,Spectrum Dove,RENAME,NC->NCI: NC6500-WT-304-1C1SR1LS13S1CT2CET1OT-SD -> NCI6500-WT-304-1C1SR1LS13S1CT2CET1OT-SD,OK
NCI6500-WT-304-1C1SR1LS13S1CT2CET1OT-SC,6500 - WT,Spectrum Cilantro,RENAME,NC->NCI: NC6500-WT-304-1C1SR1LS13S1CT2CET1OT-SC -> NCI6500-WT-304-1C1SR1LS13S1CT2CET1OT-SC,OK
NCI6500-WT-304-1LLS1RLS1SCC1MC1CT-CW,6500 - WT,Canvas White,RENAME,NC->NCI: NC6500-WT-304-1LLS1RLS1SCC1MC1CT-CW -> NCI6500-WT-304-1LLS1RLS1SCC1MC1CT-CW,OK
NCI6500-WT-304-1C13S1CT1LS-RHA,6500 - WT,Relate Harbor,RENAME,NC->NCI: NC6500-WT-304-1C13S1CT1LS-RHA -> NCI6500-WT-304-1C13S1CT1LS-RHA,OK
NCI6500-WT-304-2C13S1CT2ET-DD,6500 - WT,Direction Dew,RENAME,NC->NCI: NC6500-WT-304-2C13S1CT2ET-DD -> NCI6500-WT-304-2C13S1CT2ET-DD,OK
NCI6500-WT-304-006-01-BD,6500 - WT,Bliss Dew,RENAME,NC->NCI: NC6500-WT-304-006-01-BD -> NCI6500-WT-304-006-01-BD,OK
NCI6500-WT-304-006-01-CW,6500 - WT,Canvas White,RENAME,NC->NCI: NC6500-WT-304-006-01-CW -> NCI6500-WT-304-006-01-CW,OK
NCI6500-WT-304-1C13S1CT1LS-SD,6500 - WT,Spectrum Dove,RENAME,NC->NCI: NC6500-WT-304-1C13S1CT1LS-SD -> NCI6500-WT-304-1C13S1CT1LS-SD,OK
NCI6500-WT-304-1C13S1CT1LS-BD,6500 - WT,Bliss Dew,RENAME,NC->NCI: NC6500-WT-304-1C13S1CT1LS-BD -> NCI6500-WT-304-1C13S1CT1LS-BD,OK
NCI6500-WT-304-1LLS1RLS1SCC1CT-CW,6500 - WT,Canvas White,RENAME,NC->NCI: NC6500-WT-304-1LLS1RLS1SCC1CT-CW -> NCI6500-WT-304-1LLS1RLS1SCC1CT-CW,OK
NCI6500-WT-304-1LLS1RLS1SCC1CT-SD,6500 - WT,Spectrum Dove,RENAME,NC->NCI: NC6500-WT-304-1LLS1RLS1SCC1CT-SD -> NCI6500-WT-304-1LLS1RLS1SCC1CT-SD,OK
NCI6500-WT-304-2C13S1CT2ET-SC,6500 - WT,Spectrum Cilantro,RENAME,NC->NCI: NC6500-WT-304-2C13S1CT2ET-SC -> NCI6500-WT-304-2C13S1CT2ET-SC,OK
NCI6500-WT-304-1LLS1RLS1SCC1CT-DD,6500 - WT,Direction Dew,RENAME,NC->NCI: NC6500-WT-304-1LLS1RLS1SCC1CT-DD -> NCI6500-WT-304-1LLS1RLS1SCC1CT-DD,OK
NCI6500-WT-304-006-01-RHA,6500 - WT,Relate Harbor,RENAME,NC->NCI: NC6500-WT-304-006-01-RHA -> NCI6500-WT-304-006-01-RHA,OK
NCI6500-WT-304-2C1CT1LS-RHA,6500 - WT,Relate Harbor,RENAME,NC->NCI: NC6500-WT-304-2C1CT1LS-RHA -> NCI6500-WT-304-2C1CT1LS-RHA,OK
NCI6500-WT-304-2C13S1CT2ET-CW,6500 - WT,Canvas White,RENAME,NC->NCI: NC6500-WT-304-2C13S1CT2ET-CW -> NCI6500-WT-304-2C13S1CT2ET-CW,OK
NCI6500-WT-304-006-01-CV,6500 - WT,Canvas Navy,RENAME,NC->NCI: NC6500-WT-304-006-01-CV -> NCI6500-WT-304-006-01-CV,OK
NCI6500-WT-304-1LLS1RLS1SCC1CT-RHA,6500 - WT,Relate Harbor,RENAME,NC->NCI: NC6500-WT-304-1LLS1RLS1SCC1CT-RHA -> NCI6500-WT-304-1LLS1RLS1SCC1CT-RHA,OK
NCI6500-WT-304-2C13S1CT2ET-CV,6500 - WT,Canvas Navy,RENAME,NC->NCI: NC6500-WT-304-2C13S1CT2ET-CV -> NCI6500-WT-304-2C13S1CT2ET-CV,OK
NCI6500-WT-304-006-01-DD,6500 - WT,Direction Dew,RENAME,NC->NCI: NC6500-WT-304-006-01-DD -> NCI6500-WT-304-006-01-DD,OK
NCI6500-WT-304-2C13S1CT2ET-BD,6500 - WT,Bliss Dew,RENAME,NC->NCI: NC6500-WT-304-2C13S1CT2ET-BD -> NCI6500-WT-304-2C13S1CT2ET-BD,OK
NCI6500-WT-304-001-01-CW,6500 - WT,Canvas White,RENAME,NC->NCI: NC6500-WT-304-001-01-CW -> NCI6500-WT-304-001-01-CW,OK
NCI6500-WT-304-13S1LSR1S1C1OT1CT-CW,6500 - WT,Canvas White,RENAME,NC->NCI: NC6500-WT-304-13S1LSR1S1C1OT1CT-CW -> NCI6500-WT-304-13S1LSR1S1C1OT1CT-CW,OK
NCI6500-WT-304-13S1LSR1S1C1OT1CT-CV,6500 - WT,Canvas Navy,RENAME,NC->NCI: NC6500-WT-304-13S1LSR1S1C1OT1CT-CV -> NCI6500-WT-304-13S1LSR1S1C1OT1CT-CV,OK
NCI6500-WT-304-1LLS1RLS1SCC1MC1CT-SD,6500 - WT,Spectrum Dove,RENAME,NC->NCI: NC6500-WT-304-1LLS1RLS1SCC1MC1CT-SD -> NCI6500-WT-304-1LLS1RLS1SCC1MC1CT-SD,OK
NCI6500-WT-304-4SR-CV,6500 - WT,Canvas Navy,RENAME,NC->NCI: NC6500-WT-304-4SR-CV -> NCI6500-WT-304-4SR-CV,OK
NCI6500-WT-304-1C1SR1LS13S1CT2CET1OT-DD,6500 - WT,Direction Dew,RENAME,NC->NCI: NC6500-WT-304-1C1SR1LS13S1CT2CET1OT-DD -> NCI6500-WT-304-1C1SR1LS13S1CT2CET1OT-DD,OK
NCI6500-WT-304-13S1LSR1S1C1OT1CT-SD,6500 - WT,Spectrum Dove,RENAME,NC->NCI: NC6500-WT-304-13S1LSR1S1C1OT1CT-SD -> NCI6500-WT-304-13S1LSR1S1C1OT1CT-SD,OK
NCI6500-WT-304-1LLS1RLS1SCC1CT-BD,6500 - WT,Bliss Dew,RENAME,NC->NCI: NC6500-WT-304-1LLS1RLS1SCC1CT-BD -> NCI6500-WT-304-1LLS1RLS1SCC1CT-BD,OK
NCI6500-WT-304-006-01-SC,6500 - WT,Spectrum Cilantro,RENAME,NC->NCI: NC6500-WT-304-006-01-SC -> NCI6500-WT-304-006-01-SC,OK
NCI6500-WT-304-001-01-CV,6500 - WT,Canvas Navy,RENAME,NC->NCI: NC6500-WT-304-001-01-CV -> NCI6500-WT-304-001-01-CV,OK
NCI6500-WT-304-1C1SR1LS13S1CT2CET1OT-RHA,6500 - WT,Relate Harbor,RENAME,NC->NCI: NC6500-WT-304-1C1SR1LS13S1CT2CET1OT-RHA -> NCI6500-WT-304-1C1SR1LS13S1CT2CET1OT-RHA,OK
NCI6500-WT-304-2C1CT1LS-CV,6500 - WT,Canvas Navy,RENAME,NC->NCI: NC6500-WT-304-2C1CT1LS-CV -> NCI6500-WT-304-2C1CT1LS-CV,OK
NCI6500-WT-304-1LLS1RLS1SCC1MC1CT-BD,6500 - WT,Bliss Dew,RENAME,NC->NCI: NC6500-WT-304-1LLS1RLS1SCC1MC1CT-BD -> NCI6500-WT-304-1LLS1RLS1SCC1MC1CT-BD,OK
NCI6500-WT-304-1C13S1CT1LS-DD,6500 - WT,Direction Dew,RENAME,NC->NCI: NC6500-WT-304-1C13S1CT1LS-DD -> NCI6500-WT-304-1C13S1CT1LS-DD,OK
NCI6500-WT-304-001-01-BD,6500 - WT,Bliss Dew,RENAME,NC->NCI: NC6500-WT-304-001-01-BD -> NCI6500-WT-304-001-01-BD,OK
NCI6500-WT-304-2C1CT1LS-CW,6500 - WT,Canvas White,RENAME,NC->NCI: NC6500-WT-304-2C1CT1LS-CW -> NCI6500-WT-304-2C1CT1LS-CW,OK
NCI6500-WT-304-006-01-SD,6500 - WT,Spectrum Dove,RENAME,NC->NCI: NC6500-WT-304-006-01-SD -> NCI6500-WT-304-006-01-SD,OK
NCI6500-WT-304-4SR-RHA,6500 - WT,Relate Harbor,RENAME,NC->NCI: NC6500-WT-304-4SR-RHA -> NCI6500-WT-304-4SR-RHA,OK
NCI6500-WT-304-2C13S1CT2ET-SD,6500 - WT,Spectrum Dove,RENAME,NC->NCI: NC6500-WT-304-2C13S1CT2ET-SD -> NCI6500-WT-304-2C13S1CT2ET-SD,OK
NCI6500-WT-304-4SR-DD,6500 - WT,Direction Dew,RENAME,NC->NCI: NC6500-WT-304-4SR-DD -> NCI6500-WT-304-4SR-DD,OK
NCI6500-WT-304-4SR-SD,6500 - WT,Spectrum Dove,RENAME,NC->NCI: NC6500-WT-304-4SR-SD -> NCI6500-WT-304-4SR-SD,OK
NCI6500-WT-304-2C1CT1LS-SC,6500 - WT,Spectrum Cilantro,RENAME,NC->NCI: NC6500-WT-304-2C1CT1LS-SC -> NCI6500-WT-304-2C1CT1LS-SC,OK
NCI6500-WT-304-2C1CT1LS-SD,6500 - WT,Spectrum Dove,RENAME,NC->NCI: NC6500-WT-304-2C1CT1LS-SD -> NCI6500-WT-304-2C1CT1LS-SD,OK
NCI6500-WT-304-001-01-RHA,6500 - WT,Relate Harbor,RENAME,NC->NCI: NC6500-WT-304-001-01-RHA -> NCI6500-WT-304-001-01-RHA,OK
NCI6500-WT-304-001-01-DD,6500 - WT,Direction Dew,RENAME,NC->NCI: NC6500-WT-304-001-01-DD -> NCI6500-WT-304-001-01-DD,OK
NCI6500-WT-304-4SR-SC,6500 - WT,Spectrum Cilantro,RENAME,NC->NCI: NC6500-WT-304-4SR-SC -> NCI6500-WT-304-4SR-SC,OK
NCI6500-WT-304-001-01-SC,6500 - WT,Spectrum Cilantro,RENAME,NC->NCI: NC6500-WT-304-001-01-SC -> NCI6500-WT-304-001-01-SC,OK
NCI6500-WT-304-4SR-BD,6500 - WT,Bliss Dew,RENAME,NC->NCI: NC6500-WT-304-4SR-BD -> NCI6500-WT-304-4SR-BD,OK
NCI6500-WT-304-2C1CT1LS-DD,6500 - WT,Direction Dew,RENAME,NC->NCI: NC6500-WT-304-2C1CT1LS-DD -> NCI6500-WT-304-2C1CT1LS-DD,OK
NCI6500-WT-304-2C13S1CT2ET-RHA,6500 - WT,Relate Harbor,RENAME,NC->NCI: NC6500-WT-304-2C13S1CT2ET-RHA -> NCI6500-WT-304-2C13S1CT2ET-RHA,OK
NCI6500-WT-304-4SR-CW,6500 - WT,Canvas White,RENAME,NC->NCI: NC6500-WT-304-4SR-CW -> NCI6500-WT-304-4SR-CW,OK
NCI6500SECT-WT-304-052-01-CW,6500 - WT,Canvas White,RENAME,NC->NCI: NC6500SECT-WT-304-052-01-CW -> NCI6500SECT-WT-304-052-01-CW,OK
NCI6500-WT-304-001-01-SD,6500 - WT,Spectrum Dove,RENAME,NC->NCI: NC6500-WT-304-001-01-SD -> NCI6500-WT-304-001-01-SD,OK
NCI6500-WT-304-2C1CT1LS-BD,6500 - WT,Bliss Dew,RENAME,NC->NCI: NC6500-WT-304-2C1CT1LS-BD -> NCI6500-WT-304-2C1CT1LS-BD,OK
NCI6500SECT-WT-304-052-01-BD,6500 - WT,Bliss Dew,RENAME,NC->NCI: NC6500SECT-WT-304-052-01-BD -> NCI6500SECT-WT-304-052-01-BD,OK
NCI6500SECT-WT-304-052-01-DD,6500 - WT,Direction Dew,RENAME,NC->NCI: NC6500SECT-WT-304-052-01-DD -> NCI6500SECT-WT-304-052-01-DD,OK
NCI6500SECT-WT-304-052-01-CV,6500 - WT,Canvas Navy,RENAME,NC->NCI: NC6500SECT-WT-304-052-01-CV -> NCI6500SECT-WT-304-052-01-CV,OK
NCI6500-WT-304-002-01-CV,6500 - WT,Canvas Navy,RENAME,NC->NCI: NC6500-WT-304-002-01-CV -> NCI6500-WT-304-002-01-CV,OK
NCI6500-WT-304-260-01-CW,6500 - WT,Canvas White,RENAME,NC->NCI: NC6500-WT-304-260-01-CW -> NCI6500-WT-304-260-01-CW,OK
NCI6500SECT-WT-304-053-01-SD,6500 - WT,Spectrum Dove,RENAME,NC->NCI: NC6500SECT-WT-304-053-01-SD -> NCI6500SECT-WT-304-053-01-SD,OK
NCI6500-WT-304-260-01-SD,6500 - WT,Spectrum Dove,RENAME,NC->NCI: NC6500-WT-304-260-01-SD -> NCI6500-WT-304-260-01-SD,OK
NCI6500SECT-WT-304-052-01-SC,6500 - WT,Spectrum Cilantro,RENAME,NC->NCI: NC6500SECT-WT-304-052-01-SC -> NCI6500SECT-WT-304-052-01-SC,OK
NCI6500-WT-304-002-01-DD,6500 - WT,Direction Dew,RENAME,NC->NCI: NC6500-WT-304-002-01-DD -> NCI6500-WT-304-002-01-DD,OK
NCI6500-WT-304-260-01-SC,6500 - WT,Spectrum Cilantro,RENAME,NC->NCI: NC6500-WT-304-260-01-SC -> NCI6500-WT-304-260-01-SC,OK
NCI6500-WT-304-002-01-SC,6500 - WT,Spectrum Cilantro,RENAME,NC->NCI: NC6500-WT-304-002-01-SC -> NCI6500-WT-304-002-01-SC,OK
NCI6500-WT-304-002-01-CW,6500 - WT,Canvas White,RENAME,NC->NCI: NC6500-WT-304-002-01-CW -> NCI6500-WT-304-002-01-CW,OK
NCI6500SECT-WT-304-053-01-DD,6500 - WT,Direction Dew,RENAME,NC->NCI: NC6500SECT-WT-304-053-01-DD -> NCI6500SECT-WT-304-053-01-DD,OK
NCI6500-WT-304-002-01-RHA,6500 - WT,Relate Harbor,RENAME,NC->NCI: NC6500-WT-304-002-01-RHA -> NCI6500-WT-304-002-01-RHA,OK
NCI6500SECT-WT-304-052-01-SD,6500 - WT,Spectrum Dove,RENAME,NC->NCI: NC6500SECT-WT-304-052-01-SD -> NCI6500SECT-WT-304-052-01-SD,OK
NCI6500SECT-WT-304-053-01-BD,6500 - WT,Bliss Dew,RENAME,NC->NCI: NC6500SECT-WT-304-053-01-BD -> NCI6500SECT-WT-304-053-01-BD,OK
NCI6500SECT-WT-304-053-01-CW,6500 - WT,Canvas White,RENAME,NC->NCI: NC6500SECT-WT-304-053-01-CW -> NCI6500SECT-WT-304-053-01-CW,OK
NCI6500-WT-304-002-01-SD,6500 - WT,Spectrum Dove,RENAME,NC->NCI: NC6500-WT-304-002-01-SD -> NCI6500-WT-304-002-01-SD,OK
NCI6500SECT-WT-304-053-01-CV,6500 - WT,Canvas Navy,RENAME,NC->NCI: NC6500SECT-WT-304-053-01-CV -> NCI6500SECT-WT-304-053-01-CV,OK
NCI6500-WT-304-002-01-BD,6500 - WT,Bliss Dew,RENAME,NC->NCI: NC6500-WT-304-002-01-BD -> NCI6500-WT-304-002-01-BD,OK
NCI6500-WT-304-260-01-RHA,6500 - WT,Relate Harbor,RENAME,NC->NCI: NC6500-WT-304-260-01-RHA -> NCI6500-WT-304-260-01-RHA,OK
NCI6500SECT-WT-304-053-01-RHA,6500 - WT,Relate Harbor,RENAME,NC->NCI: NC6500SECT-WT-304-053-01-RHA -> NCI6500SECT-WT-304-053-01-RHA,OK
NCI6500-WT-304-260-01-DD,6500 - WT,Direction Dew,RENAME,NC->NCI: NC6500-WT-304-260-01-DD -> NCI6500-WT-304-260-01-DD,OK
NCI6500SECT-WT-304-053-01-SC,6500 - WT,Spectrum Cilantro,RENAME,NC->NCI: NC6500SECT-WT-304-053-01-SC -> NCI6500SECT-WT-304-053-01-SC,OK
NCI6500-WT-713-13S1LS1SR1C1OT1CT-BD,6500 - WT,Bliss Dew,RENAME,NC->NCI: NC6500-WT-713-13S1LS1SR1C1OT1CT-BD -> NCI6500-WT-713-13S1LS1SR1C1OT1CT-BD,OK
NCI6500-WT-713-13S1LS1SR1C1OT1CT-CV,6500 - WT,Canvas Navy,RENAME,NC->NCI: NC6500-WT-713-13S1LS1SR1C1OT1CT-CV -> NCI6500-WT-713-13S1LS1SR1C1OT1CT-CV,OK
NCI6500-WT-304-260-01-CV,6500 - WT,Canvas Navy,RENAME,NC->NCI: NC6500-WT-304-260-01-CV -> NCI6500-WT-304-260-01-CV,OK
NCI6500-WT-304-260-01-BD,6500 - WT,Bliss Dew,RENAME,NC->NCI: NC6500-WT-304-260-01-BD -> NCI6500-WT-304-260-01-BD,OK
NCI6500-WT-713-13S1LSR1S1C1OT1CT-RHA,6500 - WT,Relate Harbor,RENAME,NC->NCI: NC6500-WT-713-13S1LSR1S1C1OT1CT-RHA -> NCI6500-WT-713-13S1LSR1S1C1OT1CT-RHA,OK
NCI6500-WT-713-13S1LS1SR1C1OT1CT-DD,6500 - WT,Direction Dew,RENAME,NC->NCI: NC6500-WT-713-13S1LS1SR1C1OT1CT-DD -> NCI6500-WT-713-13S1LS1SR1C1OT1CT-DD,OK
NCI6500-WT-713-13S1LS1SR1C1OT1CT-SC,6500 - WT,Spectrum Cilantro,RENAME,NC->NCI: NC6500-WT-713-13S1LS1SR1C1OT1CT-SC -> NCI6500-WT-713-13S1LS1SR1C1OT1CT-SC,OK
NCI6500-WT-713-13S1LS1SR1C1OT1CT-BD-SPT713,6500 - WT,Bliss Dew,RENAME,NC->NCI: NC6500-WT-713-13S1LS1SR1C1OT1CT-BD-SPT713 -> NCI6500-WT-713-13S1LS1SR1C1OT1CT-BD-SPT713,OK
NCI6500-WT-713-13S1LS1SR1C1OT1CT-CW,6500 - WT,Canvas White,RENAME,NC->NCI: NC6500-WT-713-13S1LS1SR1C1OT1CT-CW -> NCI6500-WT-713-13S1LS1SR1C1OT1CT-CW,OK
NCI6500-WT-713-13S1LS1SR1C1OT1CT-CV-SPT713,6500 - WT,Canvas Navy,RENAME,NC->NCI: NC6500-WT-713-13S1LS1SR1C1OT1CT-CV-SPT713 -> NCI6500-WT-713-13S1LS1SR1C1OT1CT-CV-SPT713,OK
NCI6500-WT-713-13S1LS1SR1C1OT1CT-DD-SPT713,6500 - WT,Direction Dew,RENAME,NC->NCI: NC6500-WT-713-13S1LS1SR1C1OT1CT-DD-SPT713 -> NCI6500-WT-713-13S1LS1SR1C1OT1CT-DD-SPT713,OK
NCI6500-WT-713-13S1LS1SR1C1OT1CT-CW-SPT713,6500 - WT,Canvas White,RENAME,NC->NCI: NC6500-WT-713-13S1LS1SR1C1OT1CT-CW-SPT713 -> NCI6500-WT-713-13S1LS1SR1C1OT1CT-CW-SPT713,OK
NCI6500-WT-713-13S1LS1SR1C1OT1CT-RHA-SPT713,6500 - WT,Relate Harbor,RENAME,NC->NCI: NC6500-WT-713-13S1LS1SR1C1OT1CT-RHA-SPT713 -> NCI6500-WT-713-13S1LS1SR1C1OT1CT-RHA-SPT713,OK
NCI6500-WT-713-13S1LS1SR1C1OT1CT-SC-SPT713,6500 - WT,Spectrum Cilantro,RENAME,NC->NCI: NC6500-WT-713-13S1LS1SR1C1OT1CT-SC-SPT713 -> NCI6500-WT-713-13S1LS1SR1C1OT1CT-SC-SPT713,OK
NCI6500-WT-713-13S1LS1SR1C1OT1CT-SD-SPT713,6500 - WT,Spectrum Dove,RENAME,NC->NCI: NC6500-WT-713-13S1LS1SR1C1OT1CT-SD-SPT713 -> NCI6500-WT-713-13S1LS1SR1C1OT1CT-SD-SPT713,OK
NCI6500-WT-713-1C13S1CT1LS-CV,6500 - WT,Canvas Navy,RENAME,NC->NCI: NC6500-WT-713-1C13S1CT1LS-CV -> NCI6500-WT-713-1C13S1CT1LS-CV,OK
NCI6500-WT-713-1C13S1CT1LS-BD,6500 - WT,Bliss Dew,RENAME,NC->NCI: NC6500-WT-713-1C13S1CT1LS-BD -> NCI6500-WT-713-1C13S1CT1LS-BD,OK
NCI6500-WT-713-1C13S1CT1LS-CW,6500 - WT,Canvas White,RENAME,NC->NCI: NC6500-WT-713-1C13S1CT1LS-CW -> NCI6500-WT-713-1C13S1CT1LS-CW,OK
NCI6500-WT-713-13S1LS1SR1C1OT1CT-SD,6500 - WT,Spectrum Dove,RENAME,NC->NCI: NC6500-WT-713-13S1LS1SR1C1OT1CT-SD -> NCI6500-WT-713-13S1LS1SR1C1OT1CT-SD,OK
NCI6500-WT-713-1C13S1CT1LS-SD,6500 - WT,Spectrum Dove,RENAME,NC->NCI: NC6500-WT-713-1C13S1CT1LS-SD -> NCI6500-WT-713-1C13S1CT1LS-SD,OK
NCI6500-WT-713-1C13S1CT1LS-SC,6500 - WT,Spectrum Cilantro,RENAME,NC->NCI: NC6500-WT-713-1C13S1CT1LS-SC -> NCI6500-WT-713-1C13S1CT1LS-SC,OK
NCI6500-WT-713-1C13S1CT1LS-RHA,6500 - WT,Relate Harbor,RENAME,NC->NCI: NC6500-WT-713-1C13S1CT1LS-RHA -> NCI6500-WT-713-1C13S1CT1LS-RHA,OK
NCI6500-WT-713-1C13S1CT1LS-DD,6500 - WT,Direction Dew,RENAME,NC->NCI: NC6500-WT-713-1C13S1CT1LS-DD -> NCI6500-WT-713-1C13S1CT1LS-DD,OK
NCI6500-WT-713-1C13S1CT1LS-BD-SPT713,6500 - WT,Bliss Dew,RENAME,NC->NCI: NC6500-WT-713-1C13S1CT1LS-BD-SPT713 -> NCI6500-WT-713-1C13S1CT1LS-BD-SPT713,OK
NCI6500-WT-713-1C13S1CT1LS-DD-SPT713,6500 - WT,Direction Dew,RENAME,NC->NCI: NC6500-WT-713-1C13S1CT1LS-DD-SPT713 -> NCI6500-WT-713-1C13S1CT1LS-DD-SPT713,OK
NCI6500-WT-713-1C13S1CT1LS-CV-SPT713,6500 - WT,Canvas Navy,RENAME,NC->NCI: NC6500-WT-713-1C13S1CT1LS-CV-SPT713 -> NCI6500-WT-713-1C13S1CT1LS-CV-SPT713,OK
NCI6500-WT-713-1C13S1CT1LS-CW-SPT713,6500 - WT,Canvas White,RENAME,NC->NCI: NC6500-WT-713-1C13S1CT1LS-CW-SPT713 -> NCI6500-WT-713-1C13S1CT1LS-CW-SPT713,OK
NCI6500-WT-713-1C13S1CT1LS-RHA-SPT713,6500 - WT,Relate Harbor,RENAME,NC->NCI: NC6500-WT-713-1C13S1CT1LS-RHA-SPT713 -> NCI6500-WT-713-1C13S1CT1LS-RHA-SPT713,OK
NCI6500-WT-713-1C13S1CT1LS-SC-SPT713,6500 - WT,Spectrum Cilantro,RENAME,NC->NCI: NC6500-WT-713-1C13S1CT1LS-SC-SPT713 -> NCI6500-WT-713-1C13S1CT1LS-SC-SPT713,OK
NCI6500-WT-713-1C1SR1LS13S1CT2CET1OT-DD-SPT713,6500 - WT,Direction Dew,RENAME,NC->NCI: NC6500-WT-713-1C1SR1LS13S1CT2CET1OT-DD-SPT713 -> NCI6500-WT-713-1C1SR1LS13S1CT2CET1OT-DD-SPT713,OK
NCI6500-WT-713-1C1SR1LS13S1CT2CET1OT-CV,6500 - WT,Canvas Navy,RENAME,NC->NCI: NC6500-WT-713-1C1SR1LS13S1CT2CET1OT-CV -> NCI6500-WT-713-1C1SR1LS13S1CT2CET1OT-CV,OK
NCI6500-WT-713-1LLS1RLS1SCC1CT-SC,6500 - WT,Spectrum Cilantro,RENAME,NC->NCI: NC6500-WT-713-1LLS1RLS1SCC1CT-SC -> NCI6500-WT-713-1LLS1RLS1SCC1CT-SC,OK
NCI6500-WT-713-1C1SR1LS13S1CT2CET1OT-CW,6500 - WT,Canvas White,RENAME,NC->NCI: NC6500-WT-713-1C1SR1LS13S1CT2CET1OT-CW -> NCI6500-WT-713-1C1SR1LS13S1CT2CET1OT-CW,OK
NCI6500-WT-713-1C1SR1LS13S1CT2CET1OT-CV-SPT713,6500 - WT,Canvas Navy,RENAME,NC->NCI: NC6500-WT-713-1C1SR1LS13S1CT2CET1OT-CV-SPT713 -> NCI6500-WT-713-1C1SR1LS13S1CT2CET1OT-CV-SPT713,OK
NCI6500-WT-713-1C1SR1LS13S1CT2CET1OT-CW-SPT713,6500 - WT,Canvas White,RENAME,NC->NCI: NC6500-WT-713-1C1SR1LS13S1CT2CET1OT-CW-SPT713 -> NCI6500-WT-713-1C1SR1LS13S1CT2CET1OT-CW-SPT713,OK
NCI6500-WT-713-1C1SR1LS13S1CT2CET1OT-BD-SPT713,6500 - WT,Bliss Dew,RENAME,NC->NCI: NC6500-WT-713-1C1SR1LS13S1CT2CET1OT-BD-SPT713 -> NCI6500-WT-713-1C1SR1LS13S1CT2CET1OT-BD-SPT713,OK
NCI6500-WT-713-1C13S1CT1LS-SD-SPT713,6500 - WT,Spectrum Dove,RENAME,NC->NCI: NC6500-WT-713-1C13S1CT1LS-SD-SPT713 -> NCI6500-WT-713-1C13S1CT1LS-SD-SPT713,OK
NCI6500-WT-713-1LLS1RLS1SCC1CT-BD,6500 - WT,Bliss Dew,RENAME,NC->NCI: NC6500-WT-713-1LLS1RLS1SCC1CT-BD -> NCI6500-WT-713-1LLS1RLS1SCC1CT-BD,OK
NCI6500-WT-713-1LLS1RLS1SCC1CT-BD-SPT713,6500 - WT,Bliss Dew,RENAME,NC->NCI: NC6500-WT-713-1LLS1RLS1SCC1CT-BD-SPT713 -> NCI6500-WT-713-1LLS1RLS1SCC1CT-BD-SPT713,OK
NCI6500-WT-713-1LLS1RLS1SCC1CT-SD-SPT713,6500 - WT,Spectrum Dove,RENAME,NC->NCI: NC6500-WT-713-1LLS1RLS1SCC1CT-SD-SPT713 -> NCI6500-WT-713-1LLS1RLS1SCC1CT-SD-SPT713,OK
NCI6500-WT-713-1LLS1RLS1SCC1CT-CV,6500 - WT,Canvas Navy,RENAME,NC->NCI: NC6500-WT-713-1LLS1RLS1SCC1CT-CV -> NCI6500-WT-713-1LLS1RLS1SCC1CT-CV,OK
NCI6500-WT-713-1C1SR1LS13S1CT2CET1OT-SD,6500 - WT,Spectrum Dove,RENAME,NC->NCI: NC6500-WT-713-1C1SR1LS13S1CT2CET1OT-SD -> NCI6500-WT-713-1C1SR1LS13S1CT2CET1OT-SD,OK
NCI6500-WT-713-1LLS1RLS1SCC1CT-SD,6500 - WT,Spectrum Dove,RENAME,NC->NCI: NC6500-WT-713-1LLS1RLS1SCC1CT-SD -> NCI6500-WT-713-1LLS1RLS1SCC1CT-SD,OK
NCI6500-WT-713-2C13S1CT2ET-BD,6500 - WT,Bliss Dew,RENAME,NC->NCI: NC6500-WT-713-2C13S1CT2ET-BD -> NCI6500-WT-713-2C13S1CT2ET-BD,OK
NCI6500-WT-713-1LLS1RLS1SCC1CT-SC-SPT713,6500 - WT,Spectrum Cilantro,RENAME,NC->NCI: NC6500-WT-713-1LLS1RLS1SCC1CT-SC-SPT713 -> NCI6500-WT-713-1LLS1RLS1SCC1CT-SC-SPT713,OK
NCI6500-WT-713-1LLS1RLS1SCC1CT-RHA,6500 - WT,Relate Harbor,RENAME,NC->NCI: NC6500-WT-713-1LLS1RLS1SCC1CT-RHA -> NCI6500-WT-713-1LLS1RLS1SCC1CT-RHA,OK
NCI6500-WT-713-1LLS1RLS1SCC1CT-CV-SPT713,6500 - WT,Canvas Navy,RENAME,NC->NCI: NC6500-WT-713-1LLS1RLS1SCC1CT-CV-SPT713 -> NCI6500-WT-713-1LLS1RLS1SCC1CT-CV-SPT713,OK
NCI6500-WT-713-1LLS1RLS1SCC1MC1CT-DD-SPT713,6500 - WT,Direction Dew,RENAME,NC->NCI: NC6500-WT-713-1LLS1RLS1SCC1MC1CT-DD-SPT713 -> NCI6500-WT-713-1LLS1RLS1SCC1MC1CT-DD-SPT713,OK
NCI6500-WT-713-1LLS1RLS1SCC1CT-CW-SPT713,6500 - WT,Canvas White,RENAME,NC->NCI: NC6500-WT-713-1LLS1RLS1SCC1CT-CW-SPT713 -> NCI6500-WT-713-1LLS1RLS1SCC1CT-CW-SPT713,OK
NCI6500-WT-713-1LLS1RLS1SCC1CT-CW,6500 - WT,Canvas White,RENAME,NC->NCI: NC6500-WT-713-1LLS1RLS1SCC1CT-CW -> NCI6500-WT-713-1LLS1RLS1SCC1CT-CW,OK
NCI6500-WT-713-1LLS1RLS1SCC1CT-RHA-SPT713,6500 - WT,Relate Harbor,RENAME,NC->NCI: NC6500-WT-713-1LLS1RLS1SCC1CT-RHA-SPT713 -> NCI6500-WT-713-1LLS1RLS1SCC1CT-RHA-SPT713,OK
NCI6500-WT-713-1LLS1RLS1SCC1MC1CT-BD,6500 - WT,Bliss Dew,RENAME,NC->NCI: NC6500-WT-713-1LLS1RLS1SCC1MC1CT-BD -> NCI6500-WT-713-1LLS1RLS1SCC1MC1CT-BD,OK
NCI6500-WT-713-1C1SR1LS13S1CT2CET1OT-RHA-SPT713,6500 - WT,Relate Harbor,RENAME,NC->NCI: NC6500-WT-713-1C1SR1LS13S1CT2CET1OT-RHA-SPT713 -> NCI6500-WT-713-1C1SR1LS13S1CT2CET1OT-RHA-SPT713,OK
NCI6500-WT-713-1LLS1RLS1SCC1MC1CT-SC-SPT713,6500 - WT,Spectrum Cilantro,RENAME,NC->NCI: NC6500-WT-713-1LLS1RLS1SCC1MC1CT-SC-SPT713 -> NCI6500-WT-713-1LLS1RLS1SCC1MC1CT-SC-SPT713,OK
NCI6500-WT-713-1LLS1RLS1SCC1MC1CT-SD-SPT713,6500 - WT,Spectrum Dove,RENAME,NC->NCI: NC6500-WT-713-1LLS1RLS1SCC1MC1CT-SD-SPT713 -> NCI6500-WT-713-1LLS1RLS1SCC1MC1CT-SD-SPT713,OK
NCI6500-WT-713-1C1SR1LS13S1CT2CET1OT-SC,6500 - WT,Spectrum Cilantro,RENAME,NC->NCI: NC6500-WT-713-1C1SR1LS13S1CT2CET1OT-SC -> NCI6500-WT-713-1C1SR1LS13S1CT2CET1OT-SC,OK
NCI6500-WT-713-1LLS1RLS1SCC1MC1CT-CW-SPT713,6500 - WT,Canvas White,RENAME,NC->NCI: NC6500-WT-713-1LLS1RLS1SCC1MC1CT-CW-SPT713 -> NCI6500-WT-713-1LLS1RLS1SCC1MC1CT-CW-SPT713,OK
NCI6500-WT-713-1LLS1RLS1SCC1MC1CT-RHA-SPT713,6500 - WT,Relate Harbor,RENAME,NC->NCI: NC6500-WT-713-1LLS1RLS1SCC1MC1CT-RHA-SPT713 -> NCI6500-WT-713-1LLS1RLS1SCC1MC1CT-RHA-SPT713,OK
NCI6500-WT-713-1LLS1RLS1SCC1MC1CT-CW,6500 - WT,Canvas White,RENAME,NC->NCI: NC6500-WT-713-1LLS1RLS1SCC1MC1CT-CW -> NCI6500-WT-713-1LLS1RLS1SCC1MC1CT-CW,OK
NCI6500-WT-713-1C1SR1LS13S1CT2CET1OT-DD,6500 - WT,Direction Dew,RENAME,NC->NCI: NC6500-WT-713-1C1SR1LS13S1CT2CET1OT-DD -> NCI6500-WT-713-1C1SR1LS13S1CT2CET1OT-DD,OK
NCI6500-WT-713-1C1SR1LS13S1CT2CET1OT-RHA,6500 - WT,Relate Harbor,RENAME,NC->NCI: NC6500-WT-713-1C1SR1LS13S1CT2CET1OT-RHA -> NCI6500-WT-713-1C1SR1LS13S1CT2CET1OT-RHA,OK
NCI6500-WT-713-1LLS1RLS1SCC1MC1CT-SC,6500 - WT,Spectrum Cilantro,RENAME,NC->NCI: NC6500-WT-713-1LLS1RLS1SCC1MC1CT-SC -> NCI6500-WT-713-1LLS1RLS1SCC1MC1CT-SC,OK
NCI6500-WT-713-2C13S1CT2ET-CV,6500 - WT,Canvas Navy,RENAME,NC->NCI: NC6500-WT-713-2C13S1CT2ET-CV -> NCI6500-WT-713-2C13S1CT2ET-CV,OK
NCI6500-WT-713-1C1SR1LS13S1CT2CET1OT-SC-SPT713,6500 - WT,Spectrum Cilantro,RENAME,NC->NCI: NC6500-WT-713-1C1SR1LS13S1CT2CET1OT-SC-SPT713 -> NCI6500-WT-713-1C1SR1LS13S1CT2CET1OT-SC-SPT713,OK
NCI6500-WT-713-2C13S1CT2ET-CW,6500 - WT,Canvas White,RENAME,NC->NCI: NC6500-WT-713-2C13S1CT2ET-CW -> NCI6500-WT-713-2C13S1CT2ET-CW,OK
NCI6500-WT-713-1C1SR1LS13S1CT2CET1OT-BD,6500 - WT,Bliss Dew,RENAME,NC->NCI: NC6500-WT-713-1C1SR1LS13S1CT2CET1OT-BD -> NCI6500-WT-713-1C1SR1LS13S1CT2CET1OT-BD,OK
NCI6500-WT-713-1LLS1RLS1SCC1MC1CT-CV,6500 - WT,Canvas Navy,RENAME,NC->NCI: NC6500-WT-713-1LLS1RLS1SCC1MC1CT-CV -> NCI6500-WT-713-1LLS1RLS1SCC1MC1CT-CV,OK
NCI6500-WT-713-1LLS1RLS1SCC1MC1CT-DD,6500 - WT,Direction Dew,RENAME,NC->NCI: NC6500-WT-713-1LLS1RLS1SCC1MC1CT-DD -> NCI6500-WT-713-1LLS1RLS1SCC1MC1CT-DD,OK
NCI6500-WT-713-1LLS1RLS1SCC1MC1CT-RHA,6500 - WT,Relate Harbor,RENAME,NC->NCI: NC6500-WT-713-1LLS1RLS1SCC1MC1CT-RHA -> NCI6500-WT-713-1LLS1RLS1SCC1MC1CT-RHA,OK
NCI6500-WT-713-1LLS1RLS1SCC1MC1CT-CV-SPT713,6500 - WT,Canvas Navy,RENAME,NC->NCI: NC6500-WT-713-1LLS1RLS1SCC1MC1CT-CV-SPT713 -> NCI6500-WT-713-1LLS1RLS1SCC1MC1CT-CV-SPT713,OK
NCI6500-WT-713-1LLS1RLS1SCC1MC1CT-SD,6500 - WT,Spectrum Dove,RENAME,NC->NCI: NC6500-WT-713-1LLS1RLS1SCC1MC1CT-SD -> NCI6500-WT-713-1LLS1RLS1SCC1MC1CT-SD,OK
NCI6500-WT-713-1LLS1RLS1SCC1MC1CT-BD-SPT713,6500 - WT,Bliss Dew,RENAME,NC->NCI: NC6500-WT-713-1LLS1RLS1SCC1MC1CT-BD-SPT713 -> NCI6500-WT-713-1LLS1RLS1SCC1MC1CT-BD-SPT713,OK
NCI6500-WT-713-2C13S1CT2ET-DD,6500 - WT,Direction Dew,RENAME,NC->NCI: NC6500-WT-713-2C13S1CT2ET-DD -> NCI6500-WT-713-2C13S1CT2ET-DD,OK
NCI6500-WT-713-2C13S1CT2ET-SD,6500 - WT,Spectrum Dove,RENAME,NC->NCI: NC6500-WT-713-2C13S1CT2ET-SD -> NCI6500-WT-713-2C13S1CT2ET-SD,OK
NCI6500-WT-713-2C13S1CT2ET-BD-SPT713,6500 - WT,Bliss Dew,RENAME,NC->NCI: NC6500-WT-713-2C13S1CT2ET-BD-SPT713 -> NCI6500-WT-713-2C13S1CT2ET-BD-SPT713,OK
NCI6500-WT-713-2C13S1CT2ET-CV-SPT713,6500 - WT,Canvas Navy,RENAME,NC->NCI: NC6500-WT-713-2C13S1CT2ET-CV-SPT713 -> NCI6500-WT-713-2C13S1CT2ET-CV-SPT713,OK
NCI6500-WT-713-2C13S1CT2ET-RHA,6500 - WT,Relate Harbor,RENAME,NC->NCI: NC6500-WT-713-2C13S1CT2ET-RHA -> NCI6500-WT-713-2C13S1CT2ET-RHA,OK
NCI6500-WT-713-2C1CT1LS-BD,6500 - WT,Bliss Dew,RENAME,NC->NCI: NC6500-WT-713-2C1CT1LS-BD -> NCI6500-WT-713-2C1CT1LS-BD,OK
NCI6500-WT-713-2C13S1CT2ET-CW-SPT713,6500 - WT,Canvas White,RENAME,NC->NCI: NC6500-WT-713-2C13S1CT2ET-CW-SPT713 -> NCI6500-WT-713-2C13S1CT2ET-CW-SPT713,OK
NCI6500-WT-713-2C13S1CT2ET-RHA-SPT713,6500 - WT,Relate Harbor,RENAME,NC->NCI: NC6500-WT-713-2C13S1CT2ET-RHA-SPT713 -> NCI6500-WT-713-2C13S1CT2ET-RHA-SPT713,OK
NCI6500-WT-713-2C13S1CT2ET-DD-SPT713,6500 - WT,Direction Dew,RENAME,NC->NCI: NC6500-WT-713-2C13S1CT2ET-DD-SPT713 -> NCI6500-WT-713-2C13S1CT2ET-DD-SPT713,OK
NCI6500-WT-713-2C1CT1LS-CV,6500 - WT,Canvas Navy,RENAME,NC->NCI: NC6500-WT-713-2C1CT1LS-CV -> NCI6500-WT-713-2C1CT1LS-CV,OK
NCI6500-WT-713-2C13S1CT2ET-SC-SPT713,6500 - WT,Spectrum Cilantro,RENAME,NC->NCI: NC6500-WT-713-2C13S1CT2ET-SC-SPT713 -> NCI6500-WT-713-2C13S1CT2ET-SC-SPT713,OK
NCI6500-WT-713-2C13S1CT2ET-SD-SPT713,6500 - WT,Spectrum Dove,RENAME,NC->NCI: NC6500-WT-713-2C13S1CT2ET-SD-SPT713 -> NCI6500-WT-713-2C13S1CT2ET-SD-SPT713,OK
NCI6500-WT-713-2C13S1CT2ET-SC,6500 - WT,Spectrum Cilantro,RENAME,NC->NCI: NC6500-WT-713-2C13S1CT2ET-SC -> NCI6500-WT-713-2C13S1CT2ET-SC,OK
NCI6500-WT-713-2C1CT1LS-CW,6500 - WT,Canvas White,RENAME,NC->NCI: NC6500-WT-713-2C1CT1LS-CW -> NCI6500-WT-713-2C1CT1LS-CW,OK
NCI6500-WT-713-1C1SR1LS13S1CT2CET1OT-SD-SPT713,6500 - WT,Spectrum Dove,RENAME,NC->NCI: NC6500-WT-713-1C1SR1LS13S1CT2CET1OT-SD-SPT713 -> NCI6500-WT-713-1C1SR1LS13S1CT2CET1OT-SD-SPT713,OK
NCI6500-WT-713-2C1CT1LS-CW-SPT713,6500 - WT,Canvas White,RENAME,NC->NCI: NC6500-WT-713-2C1CT1LS-CW-SPT713 -> NCI6500-WT-713-2C1CT1LS-CW-SPT713,OK
NCI6500-WT-713-2C1CT1LS-BD-SPT713,6500 - WT,Bliss Dew,RENAME,NC->NCI: NC6500-WT-713-2C1CT1LS-BD-SPT713 -> NCI6500-WT-713-2C1CT1LS-BD-SPT713,OK
NCI6500-WT-713-2C1CT1LS-RHA,6500 - WT,Relate Harbor,RENAME,NC->NCI: NC6500-WT-713-2C1CT1LS-RHA -> NCI6500-WT-713-2C1CT1LS-RHA,OK
NCI6500-WT-713-2C1CT1LS-SD,6500 - WT,Spectrum Dove,RENAME,NC->NCI: NC6500-WT-713-2C1CT1LS-SD -> NCI6500-WT-713-2C1CT1LS-SD,OK
NCI6500-WT-713-2C1CT1LS-SC,6500 - WT,Spectrum Cilantro,RENAME,NC->NCI: NC6500-WT-713-2C1CT1LS-SC -> NCI6500-WT-713-2C1CT1LS-SC,OK
NCI6500-WT-713-2C1CT1LS-DD-SPT713,6500 - WT,Direction Dew,RENAME,NC->NCI: NC6500-WT-713-2C1CT1LS-DD-SPT713 -> NCI6500-WT-713-2C1CT1LS-DD-SPT713,OK
NCI6500-WT-713-2C1CT1LS-SD-SPT713,6500 - WT,Spectrum Dove,RENAME,NC->NCI: NC6500-WT-713-2C1CT1LS-SD-SPT713 -> NCI6500-WT-713-2C1CT1LS-SD-SPT713,OK
NCI6500-WT-713-2C1CT1LS-SC-SPT713,6500 - WT,Spectrum Cilantro,RENAME,NC->NCI: NC6500-WT-713-2C1CT1LS-SC-SPT713 -> NCI6500-WT-713-2C1CT1LS-SC-SPT713,OK
NCI6500-WT-713-2C1CT1LS-RHA-SPT713,6500 - WT,Relate Harbor,RENAME,NC->NCI: NC6500-WT-713-2C1CT1LS-RHA-SPT713 -> NCI6500-WT-713-2C1CT1LS-RHA-SPT713,OK
NCI6500-WT-713-2C1CT1LS-CV-SPT713,6500 - WT,Canvas Navy,RENAME,NC->NCI: NC6500-WT-713-2C1CT1LS-CV-SPT713 -> NCI6500-WT-713-2C1CT1LS-CV-SPT713,OK
NCI6500-WT-713-006-01-DD,6500 - WT,Direction Dew,RENAME,NC->NCI: NC6500-WT-713-006-01-DD -> NCI6500-WT-713-006-01-DD,OK
NCI6500-WT-713-2C1CT1LS-DD,6500 - WT,Direction Dew,RENAME,NC->NCI: NC6500-WT-713-2C1CT1LS-DD -> NCI6500-WT-713-2C1CT1LS-DD,OK
NCI6500-WT-713-001-01-CV,6500 - WT,Canvas Navy,RENAME,NC->NCI: NC6500-WT-713-001-01-CV -> NCI6500-WT-713-001-01-CV,OK
NCI6500-WT-713-001-01-CW,6500 - WT,Canvas White,RENAME,NC->NCI: NC6500-WT-713-001-01-CW -> NCI6500-WT-713-001-01-CW,OK
NCI6500-WT-713-4SR-CW,6500 - WT,Canvas White,RENAME,NC->NCI: NC6500-WT-713-4SR-CW -> NCI6500-WT-713-4SR-CW,OK
NCI6500-WT-713-001-01-RHA,6500 - WT,Relate Harbor,RENAME,NC->NCI: NC6500-WT-713-001-01-RHA -> NCI6500-WT-713-001-01-RHA,OK
NCI6500-WT-713-001-01-DD,6500 - WT,Direction Dew,RENAME,NC->NCI: NC6500-WT-713-001-01-DD -> NCI6500-WT-713-001-01-DD,OK
NCI6500-WT-713-006-01-DD-SPT713,6500 - WT,Direction Dew,RENAME,NC->NCI: NC6500-WT-713-006-01-DD-SPT713 -> NCI6500-WT-713-006-01-DD-SPT713,OK
NCI6500-WT-713-001-01-SC,6500 - WT,Spectrum Cilantro,RENAME,NC->NCI: NC6500-WT-713-001-01-SC -> NCI6500-WT-713-001-01-SC,OK
NCI6500-WT-713-4SR-RHA-SPT713,6500 - WT,Relate Harbor,RENAME,NC->NCI: NC6500-WT-713-4SR-RHA-SPT713 -> NCI6500-WT-713-4SR-RHA-SPT713,OK
NCI6500-WT-713-4SR-RHA,6500 - WT,Relate Harbor,RENAME,NC->NCI: NC6500-WT-713-4SR-RHA -> NCI6500-WT-713-4SR-RHA,OK
NCI6500-WT-713-4SR-CV-SPT713,6500 - WT,Canvas Navy,RENAME,NC->NCI: NC6500-WT-713-4SR-CV-SPT713 -> NCI6500-WT-713-4SR-CV-SPT713,OK
NCI6500-WT-713-4SR-BD,6500 - WT,Bliss Dew,RENAME,NC->NCI: NC6500-WT-713-4SR-BD -> NCI6500-WT-713-4SR-BD,OK
NCI6500-WT-713-001-01-BD,6500 - WT,Bliss Dew,RENAME,NC->NCI: NC6500-WT-713-001-01-BD -> NCI6500-WT-713-001-01-BD,OK
NCI6500-WT-713-4SR-CV,6500 - WT,Canvas Navy,RENAME,NC->NCI: NC6500-WT-713-4SR-CV -> NCI6500-WT-713-4SR-CV,OK
NCI6500-WT-713-4SR-CW-SPT713,6500 - WT,Canvas White,RENAME,NC->NCI: NC6500-WT-713-4SR-CW-SPT713 -> NCI6500-WT-713-4SR-CW-SPT713,OK
NCI6500-WT-713-4SR-SD-SPT713,6500 - WT,Spectrum Dove,RENAME,NC->NCI: NC6500-WT-713-4SR-SD-SPT713 -> NCI6500-WT-713-4SR-SD-SPT713,OK
NCI6500-WT-713-001-01-SD,6500 - WT,Spectrum Dove,RENAME,NC->NCI: NC6500-WT-713-001-01-SD -> NCI6500-WT-713-001-01-SD,OK
NCI6500-WT-713-001-01-BD-SPT713,6500 - WT,Bliss Dew,RENAME,NC->NCI: NC6500-WT-713-001-01-BD-SPT713 -> NCI6500-WT-713-001-01-BD-SPT713,OK
NCI6500-WT-713-001-01-CV-SPT713,6500 - WT,Canvas Navy,RENAME,NC->NCI: NC6500-WT-713-001-01-CV-SPT713 -> NCI6500-WT-713-001-01-CV-SPT713,OK
NCI6500-WT-713-4SR-BD-SPT713,6500 - WT,Bliss Dew,RENAME,NC->NCI: NC6500-WT-713-4SR-BD-SPT713 -> NCI6500-WT-713-4SR-BD-SPT713,OK
NCI6500-WT-713-001-01-RHA-SPT713,6500 - WT,Relate Harbor,RENAME,NC->NCI: NC6500-WT-713-001-01-RHA-SPT713 -> NCI6500-WT-713-001-01-RHA-SPT713,OK
NCI6500-WT-713-001-01-CW-SPT713,6500 - WT,Canvas White,RENAME,NC->NCI: NC6500-WT-713-001-01-CW-SPT713 -> NCI6500-WT-713-001-01-CW-SPT713,OK
NCI6500-WT-713-4SR-SC-SPT713,6500 - WT,Spectrum Cilantro,RENAME,NC->NCI: NC6500-WT-713-4SR-SC-SPT713 -> NCI6500-WT-713-4SR-SC-SPT713,OK
NCI6500-WT-713-001-01-DD-SPT713,6500 - WT,Direction Dew,RENAME,NC->NCI: NC6500-WT-713-001-01-DD-SPT713 -> NCI6500-WT-713-001-01-DD-SPT713,OK
NCI6500-WT-713-4SR-SC,6500 - WT,Spectrum Cilantro,RENAME,NC->NCI: NC6500-WT-713-4SR-SC -> NCI6500-WT-713-4SR-SC,OK
NCI6500-WT-713-4SR-SD,6500 - WT,Spectrum Dove,RENAME,NC->NCI: NC6500-WT-713-4SR-SD -> NCI6500-WT-713-4SR-SD,OK
NCI6500-WT-713-001-01-SD-SPT713,6500 - WT,Spectrum Dove,RENAME,NC->NCI: NC6500-WT-713-001-01-SD-SPT713 -> NCI6500-WT-713-001-01-SD-SPT713,OK
NCI6500SECT-WT-713-052-01-CV,6500 - WT,Canvas Navy,RENAME,NC->NCI: NC6500SECT-WT-713-052-01-CV -> NCI6500SECT-WT-713-052-01-CV,OK
NCI6500-WT-713-001-01-SC-SPT713,6500 - WT,Spectrum Cilantro,RENAME,NC->NCI: NC6500-WT-713-001-01-SC-SPT713 -> NCI6500-WT-713-001-01-SC-SPT713,OK
NCI6500SECT-WT-713-052-01-BD,6500 - WT,Bliss Dew,RENAME,NC->NCI: NC6500SECT-WT-713-052-01-BD -> NCI6500SECT-WT-713-052-01-BD,OK
NCI6500SECT-WT-713-052-01-CW,6500 - WT,Canvas White,RENAME,NC->NCI: NC6500SECT-WT-713-052-01-CW -> NCI6500SECT-WT-713-052-01-CW,OK
NCI6500SECT-WT-713-052-01-RHA,6500 - WT,Relate Harbor,RENAME,NC->NCI: NC6500SECT-WT-713-052-01-RHA -> NCI6500SECT-WT-713-052-01-RHA,OK
NCI6500SECT-WT-713-052-01-DD,6500 - WT,Direction Dew,RENAME,NC->NCI: NC6500SECT-WT-713-052-01-DD -> NCI6500SECT-WT-713-052-01-DD,OK
NCI6500SECT-WT-713-052-01-SD,6500 - WT,Spectrum Dove,RENAME,NC->NCI: NC6500SECT-WT-713-052-01-SD -> NCI6500SECT-WT-713-052-01-SD,OK
NCI6500SECT-WT-713-052-01-CV-SPT713,6500 - WT,Canvas Navy,RENAME,NC->NCI: NC6500SECT-WT-713-052-01-CV-SPT713 -> NCI6500SECT-WT-713-052-01-CV-SPT713,OK
NCI6500SECT-WT-713-052-01-BD-SPT713,6500 - WT,Bliss Dew,RENAME,NC->NCI: NC6500SECT-WT-713-052-01-BD-SPT713 -> NCI6500SECT-WT-713-052-01-BD-SPT713,OK
NCI6500SECT-WT-713-052-01-CW-SPT713,6500 - WT,Canvas White,RENAME,NC->NCI: NC6500SECT-WT-713-052-01-CW-SPT713 -> NCI6500SECT-WT-713-052-01-CW-SPT713,OK
NCI6500SECT-WT-713-052-01-DD-SPT713,6500 - WT,Direction Dew,RENAME,NC->NCI: NC6500SECT-WT-713-052-01-DD-SPT713 -> NCI6500SECT-WT-713-052-01-DD-SPT713,OK
NCI6500SECT-WT-713-052-01-SC-SPT713,6500 - WT,Spectrum Cilantro,RENAME,NC->NCI: NC6500SECT-WT-713-052-01-SC-SPT713 -> NCI6500SECT-WT-713-052-01-SC-SPT713,OK
NCI6500SECT-WT-713-052-01-RHA-SPT713,6500 - WT,Relate Harbor,RENAME,NC->NCI: NC6500SECT-WT-713-052-01-RHA-SPT713 -> NCI6500SECT-WT-713-052-01-RHA-SPT713,OK
NCI6500SECT-WT-713-052-01-SD-SPT713,6500 - WT,Spectrum Dove,RENAME,NC->NCI: NC6500SECT-WT-713-052-01-SD-SPT713 -> NCI6500SECT-WT-713-052-01-SD-SPT713,OK
NCI6500SECT-WT-713-052-01-SC,6500 - WT,Spectrum Cilantro,RENAME,NC->NCI: NC6500SECT-WT-713-052-01-SC -> NCI6500SECT-WT-713-052-01-SC,OK
NCI6500-WT-713-002-01-DD,6500 - WT,Direction Dew,RENAME,NC->NCI: NC6500-WT-713-002-01-DD -> NCI6500-WT-713-002-01-DD,OK
NCI6500SECT-WT-713-053-01-CV,6500 - WT,Canvas Navy,RENAME,NC->NCI: NC6500SECT-WT-713-053-01-CV -> NCI6500SECT-WT-713-053-01-CV,OK
NCI6500-WT-713-002-01-DD-SPT713,6500 - WT,Direction Dew,RENAME,NC->NCI: NC6500-WT-713-002-01-DD-SPT713 -> NCI6500-WT-713-002-01-DD-SPT713,OK
NCI6500SECT-WT-713-053-01-CW,6500 - WT,Canvas White,RENAME,NC->NCI: NC6500SECT-WT-713-053-01-CW -> NCI6500SECT-WT-713-053-01-CW,OK
NCI6500SECT-WT-713-053-01-RHA,6500 - WT,Relate Harbor,RENAME,NC->NCI: NC6500SECT-WT-713-053-01-RHA -> NCI6500SECT-WT-713-053-01-RHA,OK
NCI6500SECT-WT-713-053-01-DD,6500 - WT,Direction Dew,RENAME,NC->NCI: NC6500SECT-WT-713-053-01-DD -> NCI6500SECT-WT-713-053-01-DD,OK
NCI6500SECT-WT-713-053-01-SD,6500 - WT,Spectrum Dove,RENAME,NC->NCI: NC6500SECT-WT-713-053-01-SD -> NCI6500SECT-WT-713-053-01-SD,OK
NCI6500SECT-WT-713-053-01-BD,6500 - WT,Bliss Dew,RENAME,NC->NCI: NC6500SECT-WT-713-053-01-BD -> NCI6500SECT-WT-713-053-01-BD,OK
NCI6500SECT-WT-713-053-01-SC,6500 - WT,Spectrum Cilantro,RENAME,NC->NCI: NC6500SECT-WT-713-053-01-SC -> NCI6500SECT-WT-713-053-01-SC,OK
NCI6500SECT-WT-713-053-01-BD-SPT713,6500 - WT,Bliss Dew,RENAME,NC->NCI: NC6500SECT-WT-713-053-01-BD-SPT713 -> NCI6500SECT-WT-713-053-01-BD-SPT713,OK
NCI6500SECT-WT-713-053-01-DD-SPT713,6500 - WT,Direction Dew,RENAME,NC->NCI: NC6500SECT-WT-713-053-01-DD-SPT713 -> NCI6500SECT-WT-713-053-01-DD-SPT713,OK
NCI6500SECT-WT-713-053-01-CW-SPT713,6500 - WT,Canvas White,RENAME,NC->NCI: NC6500SECT-WT-713-053-01-CW-SPT713 -> NCI6500SECT-WT-713-053-01-CW-SPT713,OK
NCI6500SECT-WT-713-053-01-CV-SPT713,6500 - WT,Canvas Navy,RENAME,NC->NCI: NC6500SECT-WT-713-053-01-CV-SPT713 -> NCI6500SECT-WT-713-053-01-CV-SPT713,OK
NCI6500SECT-WT-713-053-01-RHA-SPT713,6500 - WT,Relate Harbor,RENAME,NC->NCI: NC6500SECT-WT-713-053-01-RHA-SPT713 -> NCI6500SECT-WT-713-053-01-RHA-SPT713,OK
NCI6500SECT-WT-713-053-01-SC-SPT713,6500 - WT,Spectrum Cilantro,RENAME,NC->NCI: NC6500SECT-WT-713-053-01-SC-SPT713 -> NCI6500SECT-WT-713-053-01-SC-SPT713,OK
NCI6500-WT-713-260-01-BD,6500 - WT,Bliss Dew,RENAME,NC->NCI: NC6500-WT-713-260-01-BD -> NCI6500-WT-713-260-01-BD,OK
NCI6500-WT-713-260-01-CV,6500 - WT,Canvas Navy,RENAME,NC->NCI: NC6500-WT-713-260-01-CV -> NCI6500-WT-713-260-01-CV,OK
NCI6500SECT-WT-713-053-01-SD-SPT713,6500 - WT,Spectrum Dove,RENAME,NC->NCI: NC6500SECT-WT-713-053-01-SD-SPT713 -> NCI6500SECT-WT-713-053-01-SD-SPT713,OK
NCI6500-WT-713-260-01-SD,6500 - WT,Spectrum Dove,RENAME,NC->NCI: NC6500-WT-713-260-01-SD -> NCI6500-WT-713-260-01-SD,OK
NCI6500-WT-713-260-01-DD,6500 - WT,Direction Dew,RENAME,NC->NCI: NC6500-WT-713-260-01-DD -> NCI6500-WT-713-260-01-DD,OK
NCI6500-WT-713-260-01-RHA,6500 - WT,Relate Harbor,RENAME,NC->NCI: NC6500-WT-713-260-01-RHA -> NCI6500-WT-713-260-01-RHA,OK
NCI6500-WT-713-260-01-CW,6500 - WT,Canvas White,RENAME,NC->NCI: NC6500-WT-713-260-01-CW -> NCI6500-WT-713-260-01-CW,OK
NCI6500-WT-713-260-01-DD-SPT713,6500 - WT,Direction Dew,RENAME,NC->NCI: NC6500-WT-713-260-01-DD-SPT713 -> NCI6500-WT-713-260-01-DD-SPT713,OK
NCI6500-WT-713-260-01-RHA-SPT713,6500 - WT,Relate Harbor,RENAME,NC->NCI: NC6500-WT-713-260-01-RHA-SPT713 -> NCI6500-WT-713-260-01-RHA-SPT713,OK
NCI6500-WT-713-260-01-CV-SPT713,6500 - WT,Canvas Navy,RENAME,NC->NCI: NC6500-WT-713-260-01-CV-SPT713 -> NCI6500-WT-713-260-01-CV-SPT713,OK
NCI6500-WT-713-260-01-CW-SPT713,6500 - WT,Canvas White,RENAME,NC->NCI: NC6500-WT-713-260-01-CW-SPT713 -> NCI6500-WT-713-260-01-CW-SPT713,OK
NCI6500-WT-713-260-01-SC-SPT713,6500 - WT,Spectrum Cilantro,RENAME,NC->NCI: NC6500-WT-713-260-01-SC-SPT713 -> NCI6500-WT-713-260-01-SC-SPT713,OK
NCI6500-WT-696-13S1LS1SR1C1OT1CT-BD,6500 - WT,Bliss Dew,RENAME,NC->NCI: NC6500-WT-696-13S1LS1SR1C1OT1CT-BD -> NCI6500-WT-696-13S1LS1SR1C1OT1CT-BD,OK
NCI6500-WT-696-13S1LS1SR1C1OT1CT-CV,6500 - WT,Canvas Navy,RENAME,NC->NCI: NC6500-WT-696-13S1LS1SR1C1OT1CT-CV -> NCI6500-WT-696-13S1LS1SR1C1OT1CT-CV,OK
NCI6500-WT-696-13S1LS1SR1C1OT1CT-CW,6500 - WT,Canvas White,RENAME,NC->NCI: NC6500-WT-696-13S1LS1SR1C1OT1CT-CW -> NCI6500-WT-696-13S1LS1SR1C1OT1CT-CW,OK
NCI6500-WT-696-13S1LS1SR1C1OT1CT-SD,6500 - WT,Spectrum Dove,RENAME,NC->NCI: NC6500-WT-696-13S1LS1SR1C1OT1CT-SD -> NCI6500-WT-696-13S1LS1SR1C1OT1CT-SD,OK
NCI6500-WT-696-13S1LS1SR1C1OT1CT-DD,6500 - WT,Direction Dew,RENAME,NC->NCI: NC6500-WT-696-13S1LS1SR1C1OT1CT-DD -> NCI6500-WT-696-13S1LS1SR1C1OT1CT-DD,OK
NCI6500-WT-696-13S1LS1SR1C1OT1CT-SC,6500 - WT,Spectrum Cilantro,RENAME,NC->NCI: NC6500-WT-696-13S1LS1SR1C1OT1CT-SC -> NCI6500-WT-696-13S1LS1SR1C1OT1CT-SC,OK
NCI6500-WT-696-13S1LS1SR1C1OT1CT-RHA,6500 - WT,Relate Harbor,RENAME,NC->NCI: NC6500-WT-696-13S1LS1SR1C1OT1CT-RHA -> NCI6500-WT-696-13S1LS1SR1C1OT1CT-RHA,OK
NCI6500-WT-713-260-01-SC,6500 - WT,Spectrum Cilantro,RENAME,NC->NCI: NC6500-WT-713-260-01-SC -> NCI6500-WT-713-260-01-SC,OK
NCI6500-WT-713-260-01-SD-SPT713,6500 - WT,Spectrum Dove,RENAME,NC->NCI: NC6500-WT-713-260-01-SD-SPT713 -> NCI6500-WT-713-260-01-SD-SPT713,OK
NCI6500-WT-696-13S1LS1SR1C1OT1CT-CV-SPT696,6500 - WT,Canvas Navy,RENAME,NC->NCI: NC6500-WT-696-13S1LS1SR1C1OT1CT-CV-SPT696 -> NCI6500-WT-696-13S1LS1SR1C1OT1CT-CV-SPT696,OK
NCI6500-WT-696-1C13S1CT1LS-CV,6500 - WT,Canvas Navy,RENAME,NC->NCI: NC6500-WT-696-1C13S1CT1LS-CV -> NCI6500-WT-696-1C13S1CT1LS-CV,OK
NCI6500-WT-696-13S1LS1SR1C1OT1CT-BD-SPT696,6500 - WT,Bliss Dew,RENAME,NC->NCI: NC6500-WT-696-13S1LS1SR1C1OT1CT-BD-SPT696 -> NCI6500-WT-696-13S1LS1SR1C1OT1CT-BD-SPT696,OK
NCI6500-WT-696-13S1LS1SR1C1OT1CT-DD-SPT696,6500 - WT,Direction Dew,RENAME,NC->NCI: NC6500-WT-696-13S1LS1SR1C1OT1CT-DD-SPT696 -> NCI6500-WT-696-13S1LS1SR1C1OT1CT-DD-SPT696,OK
NCI6500-WT-696-13S1LS1SR1C1OT1CT-CW-SPT696,6500 - WT,Canvas White,RENAME,NC->NCI: NC6500-WT-696-13S1LS1SR1C1OT1CT-CW-SPT696 -> NCI6500-WT-696-13S1LS1SR1C1OT1CT-CW-SPT696,OK
NCI6500-WT-696-1C13S1CT1LS-BD,6500 - WT,Bliss Dew,RENAME,NC->NCI: NC6500-WT-696-1C13S1CT1LS-BD -> NCI6500-WT-696-1C13S1CT1LS-BD,OK
NCI6500-WT-696-1C13S1CT1LS-CW,6500 - WT,Canvas White,RENAME,NC->NCI: NC6500-WT-696-1C13S1CT1LS-CW -> NCI6500-WT-696-1C13S1CT1LS-CW,OK
NCI6500-WT-713-260-01-BD-SPT713,6500 - WT,Bliss Dew,RENAME,NC->NCI: NC6500-WT-713-260-01-BD-SPT713 -> NCI6500-WT-713-260-01-BD-SPT713,OK
NCI6500-WT-696-13S1LS1SR1C1OT1CT-RHA-SPT696,6500 - WT,Relate Harbor,RENAME,NC->NCI: NC6500-WT-696-13S1LS1SR1C1OT1CT-RHA-SPT696 -> NCI6500-WT-696-13S1LS1SR1C1OT1CT-RHA-SPT696,OK
NCI6500-WT-696-13S1LS1SR1C1OT1CT-SC-SPT696,6500 - WT,Spectrum Cilantro,RENAME,NC->NCI: NC6500-WT-696-13S1LS1SR1C1OT1CT-SC-SPT696 -> NCI6500-WT-696-13S1LS1SR1C1OT1CT-SC-SPT696,OK
NCI6500-WT-696-13S1LS1SR1C1OT1CT-SD-SPT696,6500 - WT,Spectrum Dove,RENAME,NC->NCI: NC6500-WT-696-13S1LS1SR1C1OT1CT-SD-SPT696 -> NCI6500-WT-696-13S1LS1SR1C1OT1CT-SD-SPT696,OK
NCI6500-WT-696-1C13S1CT1LS-SC,6500 - WT,Spectrum Cilantro,RENAME,NC->NCI: NC6500-WT-696-1C13S1CT1LS-SC -> NCI6500-WT-696-1C13S1CT1LS-SC,OK
NCI6500-WT-696-1C13S1CT1LS-CV-SPT696,6500 - WT,Canvas Navy,RENAME,NC->NCI: NC6500-WT-696-1C13S1CT1LS-CV-SPT696 -> NCI6500-WT-696-1C13S1CT1LS-CV-SPT696,OK
NCI6500-WT-696-1C13S1CT1LS-RHA,6500 - WT,Relate Harbor,RENAME,NC->NCI: NC6500-WT-696-1C13S1CT1LS-RHA -> NCI6500-WT-696-1C13S1CT1LS-RHA,OK
NCI6500-WT-696-1C13S1CT1LS-DD,6500 - WT,Direction Dew,RENAME,NC->NCI: NC6500-WT-696-1C13S1CT1LS-DD -> NCI6500-WT-696-1C13S1CT1LS-DD,OK
NCI6500-WT-696-1C13S1CT1LS-BD-SPT696,6500 - WT,Bliss Dew,RENAME,NC->NCI: NC6500-WT-696-1C13S1CT1LS-BD-SPT696 -> NCI6500-WT-696-1C13S1CT1LS-BD-SPT696,OK
NCI6500-WT-696-1C13S1CT1LS-DD-SPT696,6500 - WT,Direction Dew,RENAME,NC->NCI: NC6500-WT-696-1C13S1CT1LS-DD-SPT696 -> NCI6500-WT-696-1C13S1CT1LS-DD-SPT696,OK
NCI6500-WT-696-1C13S1CT1LS-SC-SPT696,6500 - WT,Spectrum Cilantro,RENAME,NC->NCI: NC6500-WT-696-1C13S1CT1LS-SC-SPT696 -> NCI6500-WT-696-1C13S1CT1LS-SC-SPT696,OK
NCI6500-WT-696-1C13S1CT1LS-RHA-SPT696,6500 - WT,Relate Harbor,RENAME,NC->NCI: NC6500-WT-696-1C13S1CT1LS-RHA-SPT696 -> NCI6500-WT-696-1C13S1CT1LS-RHA-SPT696,OK
NCI6500-WT-696-1C1SR1LS13S1CT2CET1OT-DD,6500 - WT,Direction Dew,RENAME,NC->NCI: NC6500-WT-696-1C1SR1LS13S1CT2CET1OT-DD -> NCI6500-WT-696-1C1SR1LS13S1CT2CET1OT-DD,OK
NCI6500-WT-696-1C13S1CT1LS-SD,6500 - WT,Spectrum Dove,RENAME,NC->NCI: NC6500-WT-696-1C13S1CT1LS-SD -> NCI6500-WT-696-1C13S1CT1LS-SD,OK
NCI6500-WT-696-1C1SR1LS13S1CT2CET1OT-SD-SPT696,6500 - WT,Spectrum Dove,RENAME,NC->NCI: NC6500-WT-696-1C1SR1LS13S1CT2CET1OT-SD-SPT696 -> NCI6500-WT-696-1C1SR1LS13S1CT2CET1OT-SD-SPT696,OK
NCI6500-WT-696-1C1SR1LS13S1CT2CET1OT-BD,6500 - WT,Bliss Dew,RENAME,NC->NCI: NC6500-WT-696-1C1SR1LS13S1CT2CET1OT-BD -> NCI6500-WT-696-1C1SR1LS13S1CT2CET1OT-BD,OK
NCI6500-WT-696-1C1SR1LS13S1CT2CET1OT-SD,6500 - WT,Spectrum Dove,RENAME,NC->NCI: NC6500-WT-696-1C1SR1LS13S1CT2CET1OT-SD -> NCI6500-WT-696-1C1SR1LS13S1CT2CET1OT-SD,OK
NCI6500-WT-696-1C1SR1LS13S1CT2CET1OT-CV,6500 - WT,Canvas Navy,RENAME,NC->NCI: NC6500-WT-696-1C1SR1LS13S1CT2CET1OT-CV -> NCI6500-WT-696-1C1SR1LS13S1CT2CET1OT-CV,OK
NCI6500-WT-696-1LLS1RLS1SCC1MC1CT-SC,6500 - WT,Spectrum Cilantro,RENAME,NC->NCI: NC6500-WT-696-1LLS1RLS1SCC1MC1CT-SC -> NCI6500-WT-696-1LLS1RLS1SCC1MC1CT-SC,OK
NCI6500-WT-696-1C13S1CT1LS-CW-SPT696,6500 - WT,Canvas White,RENAME,NC->NCI: NC6500-WT-696-1C13S1CT1LS-CW-SPT696 -> NCI6500-WT-696-1C13S1CT1LS-CW-SPT696,OK
NCI6500-WT-696-1LLS1RLS1SCC1CT-SD,6500 - WT,Spectrum Dove,RENAME,NC->NCI: NC6500-WT-696-1LLS1RLS1SCC1CT-SD -> NCI6500-WT-696-1LLS1RLS1SCC1CT-SD,OK
NCI6500-WT-696-1C1SR1LS13S1CT2CET1OT-SC,6500 - WT,Spectrum Cilantro,RENAME,NC->NCI: NC6500-WT-696-1C1SR1LS13S1CT2CET1OT-SC -> NCI6500-WT-696-1C1SR1LS13S1CT2CET1OT-SC,OK
NCI6500-WT-696-1C1SR1LS13S1CT2CET1OT-RHA,6500 - WT,Relate Harbor,RENAME,NC->NCI: NC6500-WT-696-1C1SR1LS13S1CT2CET1OT-RHA -> NCI6500-WT-696-1C1SR1LS13S1CT2CET1OT-RHA,OK
NCI6500-WT-696-1C13S1CT1LS-SD-SPT696,6500 - WT,Spectrum Dove,RENAME,NC->NCI: NC6500-WT-696-1C13S1CT1LS-SD-SPT696 -> NCI6500-WT-696-1C13S1CT1LS-SD-SPT696,OK
NCI6500-WT-696-1C1SR1LS13S1CT2CET1OT-CW,6500 - WT,Canvas White,RENAME,NC->NCI: NC6500-WT-696-1C1SR1LS13S1CT2CET1OT-CW -> NCI6500-WT-696-1C1SR1LS13S1CT2CET1OT-CW,OK
NCI6500-WT-696-2C13S1CT2ET-BD,6500 - WT,Bliss Dew,RENAME,NC->NCI: NC6500-WT-696-2C13S1CT2ET-BD -> NCI6500-WT-696-2C13S1CT2ET-BD,OK
NCI6500-WT-696-2C13S1CT2ET-CW,6500 - WT,Canvas White,RENAME,NC->NCI: NC6500-WT-696-2C13S1CT2ET-CW -> NCI6500-WT-696-2C13S1CT2ET-CW,OK
NCI6500-WT-696-2C13S1CT2ET-CV,6500 - WT,Canvas Navy,RENAME,NC->NCI: NC6500-WT-696-2C13S1CT2ET-CV -> NCI6500-WT-696-2C13S1CT2ET-CV,OK
NCI6500-WT-696-1LLS1RLS1SCC1MC1CT-CW-SPT696,6500 - WT,Canvas White,RENAME,NC->NCI: NC6500-WT-696-1LLS1RLS1SCC1MC1CT-CW-SPT696 -> NCI6500-WT-696-1LLS1RLS1SCC1MC1CT-CW-SPT696,OK
NCI6500-WT-696-1LLS1RLS1SCC1CT-DD-SPT696,6500 - WT,Direction Dew,RENAME,NC->NCI: NC6500-WT-696-1LLS1RLS1SCC1CT-DD-SPT696 -> NCI6500-WT-696-1LLS1RLS1SCC1CT-DD-SPT696,OK
NCI6500-WT-696-1LLS1RLS1SCC1CT-BD,6500 - WT,Bliss Dew,RENAME,NC->NCI: NC6500-WT-696-1LLS1RLS1SCC1CT-BD -> NCI6500-WT-696-1LLS1RLS1SCC1CT-BD,OK
NCI6500-WT-696-1LLS1RLS1SCC1MC1CT-RHA-SPT696,6500 - WT,Relate Harbor,RENAME,NC->NCI: NC6500-WT-696-1LLS1RLS1SCC1MC1CT-RHA-SPT696 -> NCI6500-WT-696-1LLS1RLS1SCC1MC1CT-RHA-SPT696,OK
NCI6500-WT-696-2C13S1CT2ET-RHA,6500 - WT,Relate Harbor,RENAME,NC->NCI: NC6500-WT-696-2C13S1CT2ET-RHA -> NCI6500-WT-696-2C13S1CT2ET-RHA,OK
NCI6500-WT-696-1LLS1RLS1SCC1CT-RHA-SPT696,6500 - WT,Relate Harbor,RENAME,NC->NCI: NC6500-WT-696-1LLS1RLS1SCC1CT-RHA-SPT696 -> NCI6500-WT-696-1LLS1RLS1SCC1CT-RHA-SPT696,OK
NCI6500-WT-696-1LLS1RLS1SCC1MC1CT-DD-SPT696,6500 - WT,Direction Dew,RENAME,NC->NCI: NC6500-WT-696-1LLS1RLS1SCC1MC1CT-DD-SPT696 -> NCI6500-WT-696-1LLS1RLS1SCC1MC1CT-DD-SPT696,OK
NCI6500-WT-696-2C13S1CT2ET-DD,6500 - WT,Direction Dew,RENAME,NC->NCI: NC6500-WT-696-2C13S1CT2ET-DD -> NCI6500-WT-696-2C13S1CT2ET-DD,OK
NCI6500-WT-696-1LLS1RLS1SCC1MC1CT-BD-SPT696,6500 - WT,Bliss Dew,RENAME,NC->NCI: NC6500-WT-696-1LLS1RLS1SCC1MC1CT-BD-SPT696 -> NCI6500-WT-696-1LLS1RLS1SCC1MC1CT-BD-SPT696,OK
NCI6500-WT-696-1LLS1RLS1SCC1MC1CT-SD,6500 - WT,Spectrum Dove,RENAME,NC->NCI: NC6500-WT-696-1LLS1RLS1SCC1MC1CT-SD -> NCI6500-WT-696-1LLS1RLS1SCC1MC1CT-SD,OK
NCI6500-WT-696-1C1SR1LS13S1CT2CET1OT-CV-SPT696,6500 - WT,Canvas Navy,RENAME,NC->NCI: NC6500-WT-696-1C1SR1LS13S1CT2CET1OT-CV-SPT696 -> NCI6500-WT-696-1C1SR1LS13S1CT2CET1OT-CV-SPT696,OK
NCI6500-WT-696-1LLS1RLS1SCC1MC1CT-SD-SPT696,6500 - WT,Spectrum Dove,RENAME,NC->NCI: NC6500-WT-696-1LLS1RLS1SCC1MC1CT-SD-SPT696 -> NCI6500-WT-696-1LLS1RLS1SCC1MC1CT-SD-SPT696,OK
NCI6500-WT-696-1LLS1RLS1SCC1MC1CT-CV,6500 - WT,Canvas Navy,RENAME,NC->NCI: NC6500-WT-696-1LLS1RLS1SCC1MC1CT-CV -> NCI6500-WT-696-1LLS1RLS1SCC1MC1CT-CV,OK
NCI6500-WT-696-1LLS1RLS1SCC1CT-CW,6500 - WT,Canvas White,RENAME,NC->NCI: NC6500-WT-696-1LLS1RLS1SCC1CT-CW -> NCI6500-WT-696-1LLS1RLS1SCC1CT-CW,OK
NCI6500-WT-696-1LLS1RLS1SCC1CT-SC,6500 - WT,Spectrum Cilantro,RENAME,NC->NCI: NC6500-WT-696-1LLS1RLS1SCC1CT-SC -> NCI6500-WT-696-1LLS1RLS1SCC1CT-SC,OK
NCI6500-WT-696-1LLS1RLS1SCC1MC1CT-CW,6500 - WT,Canvas White,RENAME,NC->NCI: NC6500-WT-696-1LLS1RLS1SCC1MC1CT-CW -> NCI6500-WT-696-1LLS1RLS1SCC1MC1CT-CW,OK
NCI6500-WT-696-2C13S1CT2ET-SD,6500 - WT,Spectrum Dove,RENAME,NC->NCI: NC6500-WT-696-2C13S1CT2ET-SD -> NCI6500-WT-696-2C13S1CT2ET-SD,OK
NCI6500-WT-696-1LLS1RLS1SCC1CT-BD-SPT696,6500 - WT,Bliss Dew,RENAME,NC->NCI: NC6500-WT-696-1LLS1RLS1SCC1CT-BD-SPT696 -> NCI6500-WT-696-1LLS1RLS1SCC1CT-BD-SPT696,OK
NCI6500-WT-696-2C13S1CT2ET-SC,6500 - WT,Spectrum Cilantro,RENAME,NC->NCI: NC6500-WT-696-2C13S1CT2ET-SC -> NCI6500-WT-696-2C13S1CT2ET-SC,OK
NCI6500-WT-696-1C1SR1LS13S1CT2CET1OT-BD-SPT696,6500 - WT,Bliss Dew,RENAME,NC->NCI: NC6500-WT-696-1C1SR1LS13S1CT2CET1OT-BD-SPT696 -> NCI6500-WT-696-1C1SR1LS13S1CT2CET1OT-BD-SPT696,OK
NCI6500-WT-696-2C13S1CT2ET-BD-SPT696,6500 - WT,Bliss Dew,RENAME,NC->NCI: NC6500-WT-696-2C13S1CT2ET-BD-SPT696 -> NCI6500-WT-696-2C13S1CT2ET-BD-SPT696,OK
NCI6500-WT-696-1LLS1RLS1SCC1MC1CT-BD,6500 - WT,Bliss Dew,RENAME,NC->NCI: NC6500-WT-696-1LLS1RLS1SCC1MC1CT-BD -> NCI6500-WT-696-1LLS1RLS1SCC1MC1CT-BD,OK
NCI6500-WT-696-1C1SR1LS13S1CT2CET1OT-CW-SPT696,6500 - WT,Canvas White,RENAME,NC->NCI: NC6500-WT-696-1C1SR1LS13S1CT2CET1OT-CW-SPT696 -> NCI6500-WT-696-1C1SR1LS13S1CT2CET1OT-CW-SPT696,OK
NCI6500-WT-696-2C13S1CT2ET-CW-SPT696,6500 - WT,Canvas White,RENAME,NC->NCI: NC6500-WT-696-2C13S1CT2ET-CW-SPT696 -> NCI6500-WT-696-2C13S1CT2ET-CW-SPT696,OK
NCI6500-WT-696-1LLS1RLS1SCC1CT-CV,6500 - WT,Canvas Navy,RENAME,NC->NCI: NC6500-WT-696-1LLS1RLS1SCC1CT-CV -> NCI6500-WT-696-1LLS1RLS1SCC1CT-CV,OK
NCI6500-WT-696-1LLS1RLS1SCC1MC1CT-CV-SPT696,6500 - WT,Canvas Navy,RENAME,NC->NCI: NC6500-WT-696-1LLS1RLS1SCC1MC1CT-CV-SPT696 -> NCI6500-WT-696-1LLS1RLS1SCC1MC1CT-CV-SPT696,OK
NCI6500-WT-696-1LLS1RLS1SCC1CT-CW-SPT696,6500 - WT,Canvas White,RENAME,NC->NCI: NC6500-WT-696-1LLS1RLS1SCC1CT-CW-SPT696 -> NCI6500-WT-696-1LLS1RLS1SCC1CT-CW-SPT696,OK
NCI6500-WT-696-2C13S1CT2ET-DD-SPT696,6500 - WT,Direction Dew,RENAME,NC->NCI: NC6500-WT-696-2C13S1CT2ET-DD-SPT696 -> NCI6500-WT-696-2C13S1CT2ET-DD-SPT696,OK
NCI6500-WT-696-1LLS1RLS1SCC1CT-DD,6500 - WT,Direction Dew,RENAME,NC->NCI: NC6500-WT-696-1LLS1RLS1SCC1CT-DD -> NCI6500-WT-696-1LLS1RLS1SCC1CT-DD,OK
NCI6500-WT-696-2C13S1CT2ET-SC-SPT696,6500 - WT,Spectrum Cilantro,RENAME,NC->NCI: NC6500-WT-696-2C13S1CT2ET-SC-SPT696 -> NCI6500-WT-696-2C13S1CT2ET-SC-SPT696,OK
NCI6500-WT-696-1LLS1RLS1SCC1CT-RHA,6500 - WT,Relate Harbor,RENAME,NC->NCI: NC6500-WT-696-1LLS1RLS1SCC1CT-RHA -> NCI6500-WT-696-1LLS1RLS1SCC1CT-RHA,OK
NCI6500-WT-696-2C13S1CT2ET-CV-SPT696,6500 - WT,Canvas Navy,RENAME,NC->NCI: NC6500-WT-696-2C13S1CT2ET-CV-SPT696 -> NCI6500-WT-696-2C13S1CT2ET-CV-SPT696,OK
NCI6500-WT-696-1LLS1RLS1SCC1CT-CV-SPT696,6500 - WT,Canvas Navy,RENAME,NC->NCI: NC6500-WT-696-1LLS1RLS1SCC1CT-CV-SPT696 -> NCI6500-WT-696-1LLS1RLS1SCC1CT-CV-SPT696,OK
NCI6500-WT-696-2C13S1CT2ET-RHA-SPT696,6500 - WT,Relate Harbor,RENAME,NC->NCI: NC6500-WT-696-2C13S1CT2ET-RHA-SPT696 -> NCI6500-WT-696-2C13S1CT2ET-RHA-SPT696,OK
NCI6500-WT-696-1LLS1RLS1SCC1MC1CT-SC-SPT696,6500 - WT,Spectrum Cilantro,RENAME,NC->NCI: NC6500-WT-696-1LLS1RLS1SCC1MC1CT-SC-SPT696 -> NCI6500-WT-696-1LLS1RLS1SCC1MC1CT-SC-SPT696,OK
NCI6500-WT-696-2C13S1CT2ET-SD-SPT696,6500 - WT,Spectrum Dove,RENAME,NC->NCI: NC6500-WT-696-2C13S1CT2ET-SD-SPT696 -> NCI6500-WT-696-2C13S1CT2ET-SD-SPT696,OK
NCI6500-WT-696-2C1CT1LS-CV,6500 - WT,Canvas Navy,RENAME,NC->NCI: NC6500-WT-696-2C1CT1LS-CV -> NCI6500-WT-696-2C1CT1LS-CV,OK
NCI6500-WT-696-1C1SR1LS13S1CT2CET1OT-SC-SPT696,6500 - WT,Spectrum Cilantro,RENAME,NC->NCI: NC6500-WT-696-1C1SR1LS13S1CT2CET1OT-SC-SPT696 -> NCI6500-WT-696-1C1SR1LS13S1CT2CET1OT-SC-SPT696,OK
NCI6500-WT-696-2C1CT1LS-BD,6500 - WT,Bliss Dew,RENAME,NC->NCI: NC6500-WT-696-2C1CT1LS-BD -> NCI6500-WT-696-2C1CT1LS-BD,OK
NCI6500-WT-696-1LLS1RLS1SCC1CT-SC-SPT696,6500 - WT,Spectrum Cilantro,RENAME,NC->NCI: NC6500-WT-696-1LLS1RLS1SCC1CT-SC-SPT696 -> NCI6500-WT-696-1LLS1RLS1SCC1CT-SC-SPT696,OK
NCI6500-WT-696-1LLS1RLS1SCC1CT-SD-SPT696,6500 - WT,Spectrum Dove,RENAME,NC->NCI: NC6500-WT-696-1LLS1RLS1SCC1CT-SD-SPT696 -> NCI6500-WT-696-1LLS1RLS1SCC1CT-SD-SPT696,OK
NCI6500-WT-696-1LLS1RLS1SCC1MC1CT-RHA,6500 - WT,Relate Harbor,RENAME,NC->NCI: NC6500-WT-696-1LLS1RLS1SCC1MC1CT-RHA -> NCI6500-WT-696-1LLS1RLS1SCC1MC1CT-RHA,OK
NCI6500-WT-696-1C1SR1LS13S1CT2CET1OT-DD-SPT696,6500 - WT,Direction Dew,RENAME,NC->NCI: NC6500-WT-696-1C1SR1LS13S1CT2CET1OT-DD-SPT696 -> NCI6500-WT-696-1C1SR1LS13S1CT2CET1OT-DD-SPT696,OK
NCI6500-WT-696-1LLS1RLS1SCC1MC1CT-DD,6500 - WT,Direction Dew,RENAME,NC->NCI: NC6500-WT-696-1LLS1RLS1SCC1MC1CT-DD -> NCI6500-WT-696-1LLS1RLS1SCC1MC1CT-DD,OK
NCI6500-WT-696-1C1SR1LS13S1CT2CET1OT-RHA-SPT696,6500 - WT,Relate Harbor,RENAME,NC->NCI: NC6500-WT-696-1C1SR1LS13S1CT2CET1OT-RHA-SPT696 -> NCI6500-WT-696-1C1SR1LS13S1CT2CET1OT-RHA-SPT696,OK
NCI6500-WT-696-2C1CT1LS-CW,6500 - WT,Canvas White,RENAME,NC->NCI: NC6500-WT-696-2C1CT1LS-CW -> NCI6500-WT-696-2C1CT1LS-CW,OK
NCI6500-WT-696-2C1CT1LS-SC,6500 - WT,Spectrum Cilantro,RENAME,NC->NCI: NC6500-WT-696-2C1CT1LS-SC -> NCI6500-WT-696-2C1CT1LS-SC,OK
NCI6500-WT-696-2C1CT1LS-RHA,6500 - WT,Relate Harbor,RENAME,NC->NCI: NC6500-WT-696-2C1CT1LS-RHA -> NCI6500-WT-696-2C1CT1LS-RHA,OK
NCI6500-WT-696-2C1CT1LS-DD,6500 - WT,Direction Dew,RENAME,NC->NCI: NC6500-WT-696-2C1CT1LS-DD -> NCI6500-WT-696-2C1CT1LS-DD,OK
NCI6500-WT-696-2C1CT1LS-CW-SPT696,6500 - WT,Canvas White,RENAME,NC->NCI: NC6500-WT-696-2C1CT1LS-CW-SPT696 -> NCI6500-WT-696-2C1CT1LS-CW-SPT696,OK
NCI6500-WT-696-2C1CT1LS-SD,6500 - WT,Spectrum Dove,RENAME,NC->NCI: NC6500-WT-696-2C1CT1LS-SD -> NCI6500-WT-696-2C1CT1LS-SD,OK
NCI6500-WT-696-2C1CT1LS-RHA-SPT696,6500 - WT,Relate Harbor,RENAME,NC->NCI: NC6500-WT-696-2C1CT1LS-RHA-SPT696 -> NCI6500-WT-696-2C1CT1LS-RHA-SPT696,OK
NCI6500-WT-696-001-01-CV,6500 - WT,Canvas Navy,RENAME,NC->NCI: NC6500-WT-696-001-01-CV -> NCI6500-WT-696-001-01-CV,OK
NCI6500-WT-696-2C1CT1LS-DD-SPT696,6500 - WT,Direction Dew,RENAME,NC->NCI: NC6500-WT-696-2C1CT1LS-DD-SPT696 -> NCI6500-WT-696-2C1CT1LS-DD-SPT696,OK
NCI6500-WT-696-2C1CT1LS-SD-SPT696,6500 - WT,Spectrum Dove,RENAME,NC->NCI: NC6500-WT-696-2C1CT1LS-SD-SPT696 -> NCI6500-WT-696-2C1CT1LS-SD-SPT696,OK
NCI6500-WT-696-2C1CT1LS-SC-SPT696,6500 - WT,Spectrum Cilantro,RENAME,NC->NCI: NC6500-WT-696-2C1CT1LS-SC-SPT696 -> NCI6500-WT-696-2C1CT1LS-SC-SPT696,OK
NCI6500-WT-696-001-01-CW,6500 - WT,Canvas White,RENAME,NC->NCI: NC6500-WT-696-001-01-CW -> NCI6500-WT-696-001-01-CW,OK
NCI6500-WT-696-006-01-DD,6500 - WT,Direction Dew,RENAME,NC->NCI: NC6500-WT-696-006-01-DD -> NCI6500-WT-696-006-01-DD,OK
NCI6500-WT-696-2C1CT1LS-CV-SPT696,6500 - WT,Canvas Navy,RENAME,NC->NCI: NC6500-WT-696-2C1CT1LS-CV-SPT696 -> NCI6500-WT-696-2C1CT1LS-CV-SPT696,OK
NCI6500-WT-696-006-01-DD-SPT696,6500 - WT,Direction Dew,RENAME,NC->NCI: NC6500-WT-696-006-01-DD-SPT696 -> NCI6500-WT-696-006-01-DD-SPT696,OK
NCI6500-WT-696-001-01-RHA-SPT696,6500 - WT,Relate Harbor,RENAME,NC->NCI: NC6500-WT-696-001-01-RHA-SPT696 -> NCI6500-WT-696-001-01-RHA-SPT696,OK
NCI6500-WT-696-001-01-DD,6500 - WT,Direction Dew,RENAME,NC->NCI: NC6500-WT-696-001-01-DD -> NCI6500-WT-696-001-01-DD,OK
NCI6500-WT-696-001-01-SD,6500 - WT,Spectrum Dove,RENAME,NC->NCI: NC6500-WT-696-001-01-SD -> NCI6500-WT-696-001-01-SD,OK
NCI6500-WT-696-4SR-SD,6500 - WT,Spectrum Dove,RENAME,NC->NCI: NC6500-WT-696-4SR-SD -> NCI6500-WT-696-4SR-SD,OK
NCI6500-WT-696-4SR-CW-SPT696,6500 - WT,Canvas White,RENAME,NC->NCI: NC6500-WT-696-4SR-CW-SPT696 -> NCI6500-WT-696-4SR-CW-SPT696,OK
NCI6500-WT-696-4SR-BD,6500 - WT,Bliss Dew,RENAME,NC->NCI: NC6500-WT-696-4SR-BD -> NCI6500-WT-696-4SR-BD,OK
NCI6500-WT-696-4SR-CV,6500 - WT,Canvas Navy,RENAME,NC->NCI: NC6500-WT-696-4SR-CV -> NCI6500-WT-696-4SR-CV,OK
NCI6500-WT-696-4SR-SD-SPT696,6500 - WT,Spectrum Dove,RENAME,NC->NCI: NC6500-WT-696-4SR-SD-SPT696 -> NCI6500-WT-696-4SR-SD-SPT696,OK
NCI6500-WT-696-2C1CT1LS-BD-SPT696,6500 - WT,Bliss Dew,RENAME,NC->NCI: NC6500-WT-696-2C1CT1LS-BD-SPT696 -> NCI6500-WT-696-2C1CT1LS-BD-SPT696,OK
NCI6500-WT-696-001-01-CW-SPT696,6500 - WT,Canvas White,RENAME,NC->NCI: NC6500-WT-696-001-01-CW-SPT696 -> NCI6500-WT-696-001-01-CW-SPT696,OK
NCI6500-WT-696-001-01-RHA,6500 - WT,Relate Harbor,RENAME,NC->NCI: NC6500-WT-696-001-01-RHA -> NCI6500-WT-696-001-01-RHA,OK
NCI6500-WT-696-4SR-SC,6500 - WT,Spectrum Cilantro,RENAME,NC->NCI: NC6500-WT-696-4SR-SC -> NCI6500-WT-696-4SR-SC,OK
NCI6500-WT-696-001-01-CV-SPT696,6500 - WT,Canvas Navy,RENAME,NC->NCI: NC6500-WT-696-001-01-CV-SPT696 -> NCI6500-WT-696-001-01-CV-SPT696,OK
NCI6500-WT-696-001-01-SC-SPT696,6500 - WT,Spectrum Cilantro,RENAME,NC->NCI: NC6500-WT-696-001-01-SC-SPT696 -> NCI6500-WT-696-001-01-SC-SPT696,OK
NCI6500-WT-696-001-01-BD,6500 - WT,Bliss Dew,RENAME,NC->NCI: NC6500-WT-696-001-01-BD -> NCI6500-WT-696-001-01-BD,OK
NCI6500-WT-696-001-01-DD-SPT696,6500 - WT,Direction Dew,RENAME,NC->NCI: NC6500-WT-696-001-01-DD-SPT696 -> NCI6500-WT-696-001-01-DD-SPT696,OK
NCI6500-WT-696-001-01-SD-SPT696,6500 - WT,Spectrum Dove,RENAME,NC->NCI: NC6500-WT-696-001-01-SD-SPT696 -> NCI6500-WT-696-001-01-SD-SPT696,OK
NCI6500-WT-696-001-01-SC,6500 - WT,Spectrum Cilantro,RENAME,NC->NCI: NC6500-WT-696-001-01-SC -> NCI6500-WT-696-001-01-SC,OK
NCI6500-WT-696-4SR-SC-SPT696,6500 - WT,Spectrum Cilantro,RENAME,NC->NCI: NC6500-WT-696-4SR-SC-SPT696 -> NCI6500-WT-696-4SR-SC-SPT696,OK
NCI6500-WT-696-4SR-DD,6500 - WT,Direction Dew,RENAME,NC->NCI: NC6500-WT-696-4SR-DD -> NCI6500-WT-696-4SR-DD,OK
NCI6500-WT-696-001-01-BD-SPT696,6500 - WT,Bliss Dew,RENAME,NC->NCI: NC6500-WT-696-001-01-BD-SPT696 -> NCI6500-WT-696-001-01-BD-SPT696,OK
NCI6500-WT-696-4SR-DD-SPT696,6500 - WT,Direction Dew,RENAME,NC->NCI: NC6500-WT-696-4SR-DD-SPT696 -> NCI6500-WT-696-4SR-DD-SPT696,OK
NCI6500-WT-696-4SR-CW,6500 - WT,Canvas White,RENAME,NC->NCI: NC6500-WT-696-4SR-CW -> NCI6500-WT-696-4SR-CW,OK
NCI6500-WT-696-4SR-RHA-SPT696,6500 - WT,Relate Harbor,RENAME,NC->NCI: NC6500-WT-696-4SR-RHA-SPT696 -> NCI6500-WT-696-4SR-RHA-SPT696,OK
NCI6500-WT-696-4SR-RHA,6500 - WT,Relate Harbor,RENAME,NC->NCI: NC6500-WT-696-4SR-RHA -> NCI6500-WT-696-4SR-RHA,OK
NCI6500-WT-696-4SR-BD-SPT696,6500 - WT,Bliss Dew,RENAME,NC->NCI: NC6500-WT-696-4SR-BD-SPT696 -> NCI6500-WT-696-4SR-BD-SPT696,OK
NCI6500-WT-696-4SR-CV-SPT696,6500 - WT,Canvas Navy,RENAME,NC->NCI: NC6500-WT-696-4SR-CV-SPT696 -> NCI6500-WT-696-4SR-CV-SPT696,OK
NCI6500SECT-WT-696-052-01-CV,6500 - WT,Canvas Navy,RENAME,NC->NCI: NC6500SECT-WT-696-052-01-CV -> NCI6500SECT-WT-696-052-01-CV,OK
NCI6500SECT-WT-696-052-01-SC,6500 - WT,Spectrum Cilantro,RENAME,NC->NCI: NC6500SECT-WT-696-052-01-SC -> NCI6500SECT-WT-696-052-01-SC,OK
NCI6500SECT-WT-696-052-01-BD,6500 - WT,Bliss Dew,RENAME,NC->NCI: NC6500SECT-WT-696-052-01-BD -> NCI6500SECT-WT-696-052-01-BD,OK
NCI6500SECT-WT-696-052-01-RHA,6500 - WT,Relate Harbor,RENAME,NC->NCI: NC6500SECT-WT-696-052-01-RHA -> NCI6500SECT-WT-696-052-01-RHA,OK
NCI6500SECT-WT-696-052-01-DD,6500 - WT,Direction Dew,RENAME,NC->NCI: NC6500SECT-WT-696-052-01-DD -> NCI6500SECT-WT-696-052-01-DD,OK
NCI6500SECT-WT-696-052-01-CW,6500 - WT,Canvas White,RENAME,NC->NCI: NC6500SECT-WT-696-052-01-CW -> NCI6500SECT-WT-696-052-01-CW,OK
NCI6500SECT-WT-696-052-01-SD,6500 - WT,Spectrum Dove,RENAME,NC->NCI: NC6500SECT-WT-696-052-01-SD -> NCI6500SECT-WT-696-052-01-SD,OK
NCI6500SECT-WT-696-052-01-CV-SPT696,6500 - WT,Canvas Navy,RENAME,NC->NCI: NC6500SECT-WT-696-052-01-CV-SPT696 -> NCI6500SECT-WT-696-052-01-CV-SPT696,OK
NCI6500SECT-WT-696-052-01-BD-SPT696,6500 - WT,Bliss Dew,RENAME,NC->NCI: NC6500SECT-WT-696-052-01-BD-SPT696 -> NCI6500SECT-WT-696-052-01-BD-SPT696,OK
NCI6500SECT-WT-696-052-01-DD-SPT696,6500 - WT,Direction Dew,RENAME,NC->NCI: NC6500SECT-WT-696-052-01-DD-SPT696 -> NCI6500SECT-WT-696-052-01-DD-SPT696,OK
NCI6500SECT-WT-696-052-01-SC-SPT696,6500 - WT,Spectrum Cilantro,RENAME,NC->NCI: NC6500SECT-WT-696-052-01-SC-SPT696 -> NCI6500SECT-WT-696-052-01-SC-SPT696,OK
NCI6500SECT-WT-696-052-01-CW-SPT696,6500 - WT,Canvas White,RENAME,NC->NCI: NC6500SECT-WT-696-052-01-CW-SPT696 -> NCI6500SECT-WT-696-052-01-CW-SPT696,OK
NCI6500SECT-WT-696-052-01-RHA-SPT696,6500 - WT,Relate Harbor,RENAME,NC->NCI: NC6500SECT-WT-696-052-01-RHA-SPT696 -> NCI6500SECT-WT-696-052-01-RHA-SPT696,OK
NCI6500SECT-WT-696-052-01-SD-SPT696,6500 - WT,Spectrum Dove,RENAME,NC->NCI: NC6500SECT-WT-696-052-01-SD-SPT696 -> NCI6500SECT-WT-696-052-01-SD-SPT696,OK
NCI6500-WT-696-002-01-DD,6500 - WT,Direction Dew,RENAME,NC->NCI: NC6500-WT-696-002-01-DD -> NCI6500-WT-696-002-01-DD,OK
NCI6500-WT-696-002-01-DD-SPT696,6500 - WT,Direction Dew,RENAME,NC->NCI: NC6500-WT-696-002-01-DD-SPT696 -> NCI6500-WT-696-002-01-DD-SPT696,OK
NCI6500SECT-WT-696-053-01-BD,6500 - WT,Bliss Dew,RENAME,NC->NCI: NC6500SECT-WT-696-053-01-BD -> NCI6500SECT-WT-696-053-01-BD,OK
NCI6500SECT-WT-696-053-01-RHA,6500 - WT,Relate Harbor,RENAME,NC->NCI: NC6500SECT-WT-696-053-01-RHA -> NCI6500SECT-WT-696-053-01-RHA,OK
NCI6500SECT-WT-696-053-01-CV,6500 - WT,Canvas Navy,RENAME,NC->NCI: NC6500SECT-WT-696-053-01-CV -> NCI6500SECT-WT-696-053-01-CV,OK
NCI6500SECT-WT-696-053-01-CW,6500 - WT,Canvas White,RENAME,NC->NCI: NC6500SECT-WT-696-053-01-CW -> NCI6500SECT-WT-696-053-01-CW,OK
NCI6500SECT-WT-696-053-01-CV-SPT696,6500 - WT,Canvas Navy,RENAME,NC->NCI: NC6500SECT-WT-696-053-01-CV-SPT696 -> NCI6500SECT-WT-696-053-01-CV-SPT696,OK
NCI6500SECT-WT-696-053-01-SD,6500 - WT,Spectrum Dove,RENAME,NC->NCI: NC6500SECT-WT-696-053-01-SD -> NCI6500SECT-WT-696-053-01-SD,OK
NCI6500SECT-WT-696-053-01-DD,6500 - WT,Direction Dew,RENAME,NC->NCI: NC6500SECT-WT-696-053-01-DD -> NCI6500SECT-WT-696-053-01-DD,OK
NCI6500SECT-WT-696-053-01-BD-SPT696,6500 - WT,Bliss Dew,RENAME,NC->NCI: NC6500SECT-WT-696-053-01-BD-SPT696 -> NCI6500SECT-WT-696-053-01-BD-SPT696,OK
NCI6500SECT-WT-696-053-01-RHA-SPT696,6500 - WT,Relate Harbor,RENAME,NC->NCI: NC6500SECT-WT-696-053-01-RHA-SPT696 -> NCI6500SECT-WT-696-053-01-RHA-SPT696,OK
NCI6500SECT-WT-696-053-01-SC,6500 - WT,Spectrum Cilantro,RENAME,NC->NCI: NC6500SECT-WT-696-053-01-SC -> NCI6500SECT-WT-696-053-01-SC,OK
NCI6500SECT-WT-696-053-01-DD-SPT696,6500 - WT,Direction Dew,RENAME,NC->NCI: NC6500SECT-WT-696-053-01-DD-SPT696 -> NCI6500SECT-WT-696-053-01-DD-SPT696,OK
NCI6500SECT-WT-696-053-01-SD-SPT696,6500 - WT,Spectrum Dove,RENAME,NC->NCI: NC6500SECT-WT-696-053-01-SD-SPT696 -> NCI6500SECT-WT-696-053-01-SD-SPT696,OK
NCI6500-WT-696-260-01-BD,6500 - WT,Bliss Dew,RENAME,NC->NCI: NC6500-WT-696-260-01-BD -> NCI6500-WT-696-260-01-BD,OK
NCI6500SECT-WT-696-053-01-CW-SPT696,6500 - WT,Canvas White,RENAME,NC->NCI: NC6500SECT-WT-696-053-01-CW-SPT696 -> NCI6500SECT-WT-696-053-01-CW-SPT696,OK
NCI6500SECT-WT-696-053-01-SC-SPT696,6500 - WT,Spectrum Cilantro,RENAME,NC->NCI: NC6500SECT-WT-696-053-01-SC-SPT696 -> NCI6500SECT-WT-696-053-01-SC-SPT696,OK
NCI6500-WT-696-260-01-DD,6500 - WT,Direction Dew,RENAME,NC->NCI: NC6500-WT-696-260-01-DD -> NCI6500-WT-696-260-01-DD,OK
NCI6500-WT-696-260-01-CV,6500 - WT,Canvas Navy,RENAME,NC->NCI: NC6500-WT-696-260-01-CV -> NCI6500-WT-696-260-01-CV,OK
NCI6500-WT-696-260-01-SC,6500 - WT,Spectrum Cilantro,RENAME,NC->NCI: NC6500-WT-696-260-01-SC -> NCI6500-WT-696-260-01-SC,OK
NCI6500-WT-696-260-01-CW-SPT696,6500 - WT,Canvas White,RENAME,NC->NCI: NC6500-WT-696-260-01-CW-SPT696 -> NCI6500-WT-696-260-01-CW-SPT696,OK
NCI6500-WT-696-260-01-SD,6500 - WT,Spectrum Dove,RENAME,NC->NCI: NC6500-WT-696-260-01-SD -> NCI6500-WT-696-260-01-SD,OK
NCI6500-WT-696-260-01-RHA,6500 - WT,Relate Harbor,RENAME,NC->NCI: NC6500-WT-696-260-01-RHA -> NCI6500-WT-696-260-01-RHA,OK
NCI6500-WT-696-260-01-CW,6500 - WT,Canvas White,RENAME,NC->NCI: NC6500-WT-696-260-01-CW -> NCI6500-WT-696-260-01-CW,OK
NCI6500-WT-696-260-01-DD-SPT696,6500 - WT,Direction Dew,RENAME,NC->NCI: NC6500-WT-696-260-01-DD-SPT696 -> NCI6500-WT-696-260-01-DD-SPT696,OK
NCI6500-WT-696-260-01-SC-SPT696,6500 - WT,Spectrum Cilantro,RENAME,NC->NCI: NC6500-WT-696-260-01-SC-SPT696 -> NCI6500-WT-696-260-01-SC-SPT696,OK
NCI6500-WT-696-260-01-RHA-SPT696,6500 - WT,Relate Harbor,RENAME,NC->NCI: NC6500-WT-696-260-01-RHA-SPT696 -> NCI6500-WT-696-260-01-RHA-SPT696,OK
NCI6500-WT-696-260-01-CV-SPT696,6500 - WT,Canvas Navy,RENAME,NC->NCI: NC6500-WT-696-260-01-CV-SPT696 -> NCI6500-WT-696-260-01-CV-SPT696,OK
NCI6500-WT-696-260-01-BD-SPT696,6500 - WT,Bliss Dew,RENAME,NC->NCI: NC6500-WT-696-260-01-BD-SPT696 -> NCI6500-WT-696-260-01-BD-SPT696,OK
NCI6500-WT-696-260-01-SD-SPT696,6500 - WT,Spectrum Dove,RENAME,NC->NCI: NC6500-WT-696-260-01-SD-SPT696 -> NCI6500-WT-696-260-01-SD-SPT696,OK
NCI6500-WT-739-13S1LS1SR1C1OT1CT-CV,6500 - WT,Canvas Navy,RENAME,NC->NCI: NC6500-WT-739-13S1LS1SR1C1OT1CT-CV -> NCI6500-WT-739-13S1LS1SR1C1OT1CT-CV,OK
NCI6500-WT-739-13S1LS1SR1C1OT1CT-BD,6500 - WT,Bliss Dew,RENAME,NC->NCI: NC6500-WT-739-13S1LS1SR1C1OT1CT-BD -> NCI6500-WT-739-13S1LS1SR1C1OT1CT-BD,OK
NCI6500-WT-739-13S1LS1SR1C1OT1CT-CW,6500 - WT,Canvas White,RENAME,NC->NCI: NC6500-WT-739-13S1LS1SR1C1OT1CT-CW -> NCI6500-WT-739-13S1LS1SR1C1OT1CT-CW,OK
NCI6500-WT-739-13S1LS1SR1C1OT1CT-SC,6500 - WT,Spectrum Cilantro,RENAME,NC->NCI: NC6500-WT-739-13S1LS1SR1C1OT1CT-SC -> NCI6500-WT-739-13S1LS1SR1C1OT1CT-SC,OK
NCI6500-WT-739-13S1LS1SR1C1OT1CT-DD,6500 - WT,Direction Dew,RENAME,NC->NCI: NC6500-WT-739-13S1LS1SR1C1OT1CT-DD -> NCI6500-WT-739-13S1LS1SR1C1OT1CT-DD,OK
NCI6500-WT-739-13S1LS1SR1C1OT1CT-BD-SPT739,6500 - WT,Bliss Dew,RENAME,NC->NCI: NC6500-WT-739-13S1LS1SR1C1OT1CT-BD-SPT739 -> NCI6500-WT-739-13S1LS1SR1C1OT1CT-BD-SPT739,OK
NCI6500-WT-739-13S1LS1SR1C1OT1CT-RHA,6500 - WT,Relate Harbor,RENAME,NC->NCI: NC6500-WT-739-13S1LS1SR1C1OT1CT-RHA -> NCI6500-WT-739-13S1LS1SR1C1OT1CT-RHA,OK
NCI6500-WT-739-13S1LS1SR1C1OT1CT-CV-SPT739,6500 - WT,Canvas Navy,RENAME,NC->NCI: NC6500-WT-739-13S1LS1SR1C1OT1CT-CV-SPT739 -> NCI6500-WT-739-13S1LS1SR1C1OT1CT-CV-SPT739,OK
NCI6500-WT-739-13S1LS1SR1C1OT1CT-DD-SPT739,6500 - WT,Direction Dew,RENAME,NC->NCI: NC6500-WT-739-13S1LS1SR1C1OT1CT-DD-SPT739 -> NCI6500-WT-739-13S1LS1SR1C1OT1CT-DD-SPT739,OK
NCI6500-WT-739-13S1LS1SR1C1OT1CT-CW-SPT739,6500 - WT,Canvas White,RENAME,NC->NCI: NC6500-WT-739-13S1LS1SR1C1OT1CT-CW-SPT739 -> NCI6500-WT-739-13S1LS1SR1C1OT1CT-CW-SPT739,OK
NCI6500-WT-739-13S1LS1SR1C1OT1CT-SD,6500 - WT,Spectrum Dove,RENAME,NC->NCI: NC6500-WT-739-13S1LS1SR1C1OT1CT-SD -> NCI6500-WT-739-13S1LS1SR1C1OT1CT-SD,OK
NCI6500-WT-739-13S1LS1SR1C1OT1CT-RHA-SPT739,6500 - WT,Relate Harbor,RENAME,NC->NCI: NC6500-WT-739-13S1LS1SR1C1OT1CT-RHA-SPT739 -> NCI6500-WT-739-13S1LS1SR1C1OT1CT-RHA-SPT739,OK
NCI6500-WT-739-13S1LS1SR1C1OT1CT-SC-SPT739,6500 - WT,Spectrum Cilantro,RENAME,NC->NCI: NC6500-WT-739-13S1LS1SR1C1OT1CT-SC-SPT739 -> NCI6500-WT-739-13S1LS1SR1C1OT1CT-SC-SPT739,OK
NCI6500-WT-739-1C13S1CT1LS-CV,6500 - WT,Canvas Navy,RENAME,NC->NCI: NC6500-WT-739-1C13S1CT1LS-CV -> NCI6500-WT-739-1C13S1CT1LS-CV,OK
NCI6500-WT-739-1C13S1CT1LS-CW,6500 - WT,Canvas White,RENAME,NC->NCI: NC6500-WT-739-1C13S1CT1LS-CW -> NCI6500-WT-739-1C13S1CT1LS-CW,OK
NCI6500-WT-739-1C13S1CT1LS-DD,6500 - WT,Direction Dew,RENAME,NC->NCI: NC6500-WT-739-1C13S1CT1LS-DD -> NCI6500-WT-739-1C13S1CT1LS-DD,OK
NCI6500-WT-739-13S1LS1SR1C1OT1CT-SD-SPT739,6500 - WT,Spectrum Dove,RENAME,NC->NCI: NC6500-WT-739-13S1LS1SR1C1OT1CT-SD-SPT739 -> NCI6500-WT-739-13S1LS1SR1C1OT1CT-SD-SPT739,OK
NCI6500-WT-739-1C13S1CT1LS-BD,6500 - WT,Bliss Dew,RENAME,NC->NCI: NC6500-WT-739-1C13S1CT1LS-BD -> NCI6500-WT-739-1C13S1CT1LS-BD,OK
NCI6500-WT-739-1C13S1CT1LS-SC,6500 - WT,Spectrum Cilantro,RENAME,NC->NCI: NC6500-WT-739-1C13S1CT1LS-SC -> NCI6500-WT-739-1C13S1CT1LS-SC,OK
NCI6500-WT-739-1C13S1CT1LS-BD-SPT739,6500 - WT,Bliss Dew,RENAME,NC->NCI: NC6500-WT-739-1C13S1CT1LS-BD-SPT739 -> NCI6500-WT-739-1C13S1CT1LS-BD-SPT739,OK
NCI6500-WT-739-1C13S1CT1LS-SC-SPT739,6500 - WT,Spectrum Cilantro,RENAME,NC->NCI: NC6500-WT-739-1C13S1CT1LS-SC-SPT739 -> NCI6500-WT-739-1C13S1CT1LS-SC-SPT739,OK
NCI6500-WT-739-1C13S1CT1LS-RHA,6500 - WT,Relate Harbor,RENAME,NC->NCI: NC6500-WT-739-1C13S1CT1LS-RHA -> NCI6500-WT-739-1C13S1CT1LS-RHA,OK
NCI6500-WT-739-1C13S1CT1LS-CV-SPT739,6500 - WT,Canvas Navy,RENAME,NC->NCI: NC6500-WT-739-1C13S1CT1LS-CV-SPT739 -> NCI6500-WT-739-1C13S1CT1LS-CV-SPT739,OK
NCI6500-WT-739-1C13S1CT1LS-SD,6500 - WT,Spectrum Dove,RENAME,NC->NCI: NC6500-WT-739-1C13S1CT1LS-SD -> NCI6500-WT-739-1C13S1CT1LS-SD,OK
NCI6500-WT-739-1C13S1CT1LS-CW-SPT739,6500 - WT,Canvas White,RENAME,NC->NCI: NC6500-WT-739-1C13S1CT1LS-CW-SPT739 -> NCI6500-WT-739-1C13S1CT1LS-CW-SPT739,OK
NCI6500-WT-739-1C13S1CT1LS-RHA-SPT739,6500 - WT,Relate Harbor,RENAME,NC->NCI: NC6500-WT-739-1C13S1CT1LS-RHA-SPT739 -> NCI6500-WT-739-1C13S1CT1LS-RHA-SPT739,OK
NCI6500-WT-739-1C13S1CT1LS-SD-SPT739,6500 - WT,Spectrum Dove,RENAME,NC->NCI: NC6500-WT-739-1C13S1CT1LS-SD-SPT739 -> NCI6500-WT-739-1C13S1CT1LS-SD-SPT739,OK
NCI6500-WT-739-1C1SR1LS13S1CT2CET1OT-RHA-SPT739,6500 - WT,Relate Harbor,RENAME,NC->NCI: NC6500-WT-739-1C1SR1LS13S1CT2CET1OT-RHA-SPT739 -> NCI6500-WT-739-1C1SR1LS13S1CT2CET1OT-RHA-SPT739,OK
NCI6500-WT-739-1C1SR1LS13S1CT2CET1OT-SD,6500 - WT,Spectrum Dove,RENAME,NC->NCI: NC6500-WT-739-1C1SR1LS13S1CT2CET1OT-SD -> NCI6500-WT-739-1C1SR1LS13S1CT2CET1OT-SD,OK
NCI6500-WT-739-1C13S1CT1LS-DD-SPT739,6500 - WT,Direction Dew,RENAME,NC->NCI: NC6500-WT-739-1C13S1CT1LS-DD-SPT739 -> NCI6500-WT-739-1C13S1CT1LS-DD-SPT739,OK
NCI6500-WT-739-1C1SR1LS13S1CT2CET1OT-SC,6500 - WT,Spectrum Cilantro,RENAME,NC->NCI: NC6500-WT-739-1C1SR1LS13S1CT2CET1OT-SC -> NCI6500-WT-739-1C1SR1LS13S1CT2CET1OT-SC,OK
NCI6500-WT-739-1C1SR1LS13S1CT2CET1OT-SC-SPT739,6500 - WT,Spectrum Cilantro,RENAME,NC->NCI: NC6500-WT-739-1C1SR1LS13S1CT2CET1OT-SC-SPT739 -> NCI6500-WT-739-1C1SR1LS13S1CT2CET1OT-SC-SPT739,OK
NCI6500-WT-739-1C1SR1LS13S1CT2CET1OT-RHA,6500 - WT,Relate Harbor,RENAME,NC->NCI: NC6500-WT-739-1C1SR1LS13S1CT2CET1OT-RHA -> NCI6500-WT-739-1C1SR1LS13S1CT2CET1OT-RHA,OK
NCI6500-WT-739-1C1SR1LS13S1CT2CET1OT-CV-SPT739,6500 - WT,Canvas Navy,RENAME,NC->NCI: NC6500-WT-739-1C1SR1LS13S1CT2CET1OT-CV-SPT739 -> NCI6500-WT-739-1C1SR1LS13S1CT2CET1OT-CV-SPT739,OK
NCI6500-WT-739-1LLS1RLS1SCC1CT-SC,6500 - WT,Spectrum Cilantro,RENAME,NC->NCI: NC6500-WT-739-1LLS1RLS1SCC1CT-SC -> NCI6500-WT-739-1LLS1RLS1SCC1CT-SC,OK
NCI6500-WT-739-1LLS1RLS1SCC1CT-CV-SPT739,6500 - WT,Canvas Navy,RENAME,NC->NCI: NC6500-WT-739-1LLS1RLS1SCC1CT-CV-SPT739 -> NCI6500-WT-739-1LLS1RLS1SCC1CT-CV-SPT739,OK
NCI6500-WT-739-1LLS1RLS1SCC1CT-BD,6500 - WT,Bliss Dew,RENAME,NC->NCI: NC6500-WT-739-1LLS1RLS1SCC1CT-BD -> NCI6500-WT-739-1LLS1RLS1SCC1CT-BD,OK
NCI6500-WT-739-1C1SR1LS13S1CT2CET1OT-DD-SPT739,6500 - WT,Direction Dew,RENAME,NC->NCI: NC6500-WT-739-1C1SR1LS13S1CT2CET1OT-DD-SPT739 -> NCI6500-WT-739-1C1SR1LS13S1CT2CET1OT-DD-SPT739,OK
NCI6500-WT-739-1C1SR1LS13S1CT2CET1OT-CW-SPT739,6500 - WT,Canvas White,RENAME,NC->NCI: NC6500-WT-739-1C1SR1LS13S1CT2CET1OT-CW-SPT739 -> NCI6500-WT-739-1C1SR1LS13S1CT2CET1OT-CW-SPT739,OK
NCI6500-WT-739-1LLS1RLS1SCC1CT-RHA,6500 - WT,Relate Harbor,RENAME,NC->NCI: NC6500-WT-739-1LLS1RLS1SCC1CT-RHA -> NCI6500-WT-739-1LLS1RLS1SCC1CT-RHA,OK
NCI6500-WT-739-1LLS1RLS1SCC1CT-BD-SPT739,6500 - WT,Bliss Dew,RENAME,NC->NCI: NC6500-WT-739-1LLS1RLS1SCC1CT-BD-SPT739 -> NCI6500-WT-739-1LLS1RLS1SCC1CT-BD-SPT739,OK
NCI6500-WT-739-1LLS1RLS1SCC1CT-CW-SPT739,6500 - WT,Canvas White,RENAME,NC->NCI: NC6500-WT-739-1LLS1RLS1SCC1CT-CW-SPT739 -> NCI6500-WT-739-1LLS1RLS1SCC1CT-CW-SPT739,OK
NCI6500-WT-739-1LLS1RLS1SCC1MC1CT-CV,6500 - WT,Canvas Navy,RENAME,NC->NCI: NC6500-WT-739-1LLS1RLS1SCC1MC1CT-CV -> NCI6500-WT-739-1LLS1RLS1SCC1MC1CT-CV,OK
NCI6500-WT-739-1C1SR1LS13S1CT2CET1OT-DD,6500 - WT,Direction Dew,RENAME,NC->NCI: NC6500-WT-739-1C1SR1LS13S1CT2CET1OT-DD -> NCI6500-WT-739-1C1SR1LS13S1CT2CET1OT-DD,OK
NCI6500-WT-739-1C1SR1LS13S1CT2CET1OT-BD-SPT739,6500 - WT,Bliss Dew,RENAME,NC->NCI: NC6500-WT-739-1C1SR1LS13S1CT2CET1OT-BD-SPT739 -> NCI6500-WT-739-1C1SR1LS13S1CT2CET1OT-BD-SPT739,OK
NCI6500-WT-739-1LLS1RLS1SCC1MC1CT-DD,6500 - WT,Direction Dew,RENAME,NC->NCI: NC6500-WT-739-1LLS1RLS1SCC1MC1CT-DD -> NCI6500-WT-739-1LLS1RLS1SCC1MC1CT-DD,OK
NCI6500-WT-739-1LLS1RLS1SCC1MC1CT-CW,6500 - WT,Canvas White,RENAME,NC->NCI: NC6500-WT-739-1LLS1RLS1SCC1MC1CT-CW -> NCI6500-WT-739-1LLS1RLS1SCC1MC1CT-CW,OK
NCI6500-WT-739-1LLS1RLS1SCC1MC1CT-SD,6500 - WT,Spectrum Dove,RENAME,NC->NCI: NC6500-WT-739-1LLS1RLS1SCC1MC1CT-SD -> NCI6500-WT-739-1LLS1RLS1SCC1MC1CT-SD,OK
NCI6500-WT-739-1LLS1RLS1SCC1CT-CW,6500 - WT,Canvas White,RENAME,NC->NCI: NC6500-WT-739-1LLS1RLS1SCC1CT-CW -> NCI6500-WT-739-1LLS1RLS1SCC1CT-CW,OK
NCI6500-WT-739-2C13S1CT2ET-BD,6500 - WT,Bliss Dew,RENAME,NC->NCI: NC6500-WT-739-2C13S1CT2ET-BD -> NCI6500-WT-739-2C13S1CT2ET-BD,OK
NCI6500-WT-739-1LLS1RLS1SCC1MC1CT-BD,6500 - WT,Bliss Dew,RENAME,NC->NCI: NC6500-WT-739-1LLS1RLS1SCC1MC1CT-BD -> NCI6500-WT-739-1LLS1RLS1SCC1MC1CT-BD,OK
NCI6500-WT-739-1LLS1RLS1SCC1MC1CT-SC,6500 - WT,Spectrum Cilantro,RENAME,NC->NCI: NC6500-WT-739-1LLS1RLS1SCC1MC1CT-SC -> NCI6500-WT-739-1LLS1RLS1SCC1MC1CT-SC,OK
NCI6500-WT-739-1LLS1RLS1SCC1CT-DD-SPT739,6500 - WT,Direction Dew,RENAME,NC->NCI: NC6500-WT-739-1LLS1RLS1SCC1CT-DD-SPT739 -> NCI6500-WT-739-1LLS1RLS1SCC1CT-DD-SPT739,OK
NCI6500-WT-739-2C13S1CT2ET-CV,6500 - WT,Canvas Navy,RENAME,NC->NCI: NC6500-WT-739-2C13S1CT2ET-CV -> NCI6500-WT-739-2C13S1CT2ET-CV,OK
NCI6500-WT-739-1LLS1RLS1SCC1CT-SC-SPT739,6500 - WT,Spectrum Cilantro,RENAME,NC->NCI: NC6500-WT-739-1LLS1RLS1SCC1CT-SC-SPT739 -> NCI6500-WT-739-1LLS1RLS1SCC1CT-SC-SPT739,OK
NCI6500-WT-739-1LLS1RLS1SCC1CT-DD,6500 - WT,Direction Dew,RENAME,NC->NCI: NC6500-WT-739-1LLS1RLS1SCC1CT-DD -> NCI6500-WT-739-1LLS1RLS1SCC1CT-DD,OK
NCI6500-WT-739-2C13S1CT2ET-DD,6500 - WT,Direction Dew,RENAME,NC->NCI: NC6500-WT-739-2C13S1CT2ET-DD -> NCI6500-WT-739-2C13S1CT2ET-DD,OK
NCI6500-WT-739-2C13S1CT2ET-RHA,6500 - WT,Relate Harbor,RENAME,NC->NCI: NC6500-WT-739-2C13S1CT2ET-RHA -> NCI6500-WT-739-2C13S1CT2ET-RHA,OK
NCI6500-WT-739-2C13S1CT2ET-CW,6500 - WT,Canvas White,RENAME,NC->NCI: NC6500-WT-739-2C13S1CT2ET-CW -> NCI6500-WT-739-2C13S1CT2ET-CW,OK
NCI6500-WT-739-1LLS1RLS1SCC1MC1CT-BD-SPT739,6500 - WT,Bliss Dew,RENAME,NC->NCI: NC6500-WT-739-1LLS1RLS1SCC1MC1CT-BD-SPT739 -> NCI6500-WT-739-1LLS1RLS1SCC1MC1CT-BD-SPT739,OK
NCI6500-WT-739-1C1SR1LS13S1CT2CET1OT-CW,6500 - WT,Canvas White,RENAME,NC->NCI: NC6500-WT-739-1C1SR1LS13S1CT2CET1OT-CW -> NCI6500-WT-739-1C1SR1LS13S1CT2CET1OT-CW,OK
NCI6500-WT-739-2C1CT1LS-CW-SPT739,6500 - WT,Canvas White,RENAME,NC->NCI: NC6500-WT-739-2C1CT1LS-CW-SPT739 -> NCI6500-WT-739-2C1CT1LS-CW-SPT739,OK
NCI6500-WT-739-2C1CT1LS-SD,6500 - WT,Spectrum Dove,RENAME,NC->NCI: NC6500-WT-739-2C1CT1LS-SD -> NCI6500-WT-739-2C1CT1LS-SD,OK
NCI6500-WT-739-1C1SR1LS13S1CT2CET1OT-SD-SPT739,6500 - WT,Spectrum Dove,RENAME,NC->NCI: NC6500-WT-739-1C1SR1LS13S1CT2CET1OT-SD-SPT739 -> NCI6500-WT-739-1C1SR1LS13S1CT2CET1OT-SD-SPT739,OK
NCI6500-WT-739-2C1CT1LS-CV-SPT739,6500 - WT,Canvas Navy,RENAME,NC->NCI: NC6500-WT-739-2C1CT1LS-CV-SPT739 -> NCI6500-WT-739-2C1CT1LS-CV-SPT739,OK
NCI6500-WT-739-2C1CT1LS-RHA-SPT739,6500 - WT,Relate Harbor,RENAME,NC->NCI: NC6500-WT-739-2C1CT1LS-RHA-SPT739 -> NCI6500-WT-739-2C1CT1LS-RHA-SPT739,OK
NCI6500-WT-739-1LLS1RLS1SCC1MC1CT-RHA,6500 - WT,Relate Harbor,RENAME,NC->NCI: NC6500-WT-739-1LLS1RLS1SCC1MC1CT-RHA -> NCI6500-WT-739-1LLS1RLS1SCC1MC1CT-RHA,OK
NCI6500-WT-739-1LLS1RLS1SCC1CT-CV,6500 - WT,Canvas Navy,RENAME,NC->NCI: NC6500-WT-739-1LLS1RLS1SCC1CT-CV -> NCI6500-WT-739-1LLS1RLS1SCC1CT-CV,OK
NCI6500-WT-739-2C13S1CT2ET-BD-SPT739,6500 - WT,Bliss Dew,RENAME,NC->NCI: NC6500-WT-739-2C13S1CT2ET-BD-SPT739 -> NCI6500-WT-739-2C13S1CT2ET-BD-SPT739,OK
NCI6500-WT-739-2C1CT1LS-CW,6500 - WT,Canvas White,RENAME,NC->NCI: NC6500-WT-739-2C1CT1LS-CW -> NCI6500-WT-739-2C1CT1LS-CW,OK
NCI6500-WT-739-2C1CT1LS-SC-SPT739,6500 - WT,Spectrum Cilantro,RENAME,NC->NCI: NC6500-WT-739-2C1CT1LS-SC-SPT739 -> NCI6500-WT-739-2C1CT1LS-SC-SPT739,OK
NCI6500-WT-739-1LLS1RLS1SCC1CT-SD,6500 - WT,Spectrum Dove,RENAME,NC->NCI: NC6500-WT-739-1LLS1RLS1SCC1CT-SD -> NCI6500-WT-739-1LLS1RLS1SCC1CT-SD,OK
NCI6500-WT-739-1LLS1RLS1SCC1CT-SD-SPT739,6500 - WT,Spectrum Dove,RENAME,NC->NCI: NC6500-WT-739-1LLS1RLS1SCC1CT-SD-SPT739 -> NCI6500-WT-739-1LLS1RLS1SCC1CT-SD-SPT739,OK
NCI6500-WT-739-2C13S1CT2ET-SD-SPT739,6500 - WT,Spectrum Dove,RENAME,NC->NCI: NC6500-WT-739-2C13S1CT2ET-SD-SPT739 -> NCI6500-WT-739-2C13S1CT2ET-SD-SPT739,OK
NCI6500-WT-739-2C1CT1LS-DD-SPT739,6500 - WT,Direction Dew,RENAME,NC->NCI: NC6500-WT-739-2C1CT1LS-DD-SPT739 -> NCI6500-WT-739-2C1CT1LS-DD-SPT739,OK
NCI6500-WT-739-2C1CT1LS-CV,6500 - WT,Canvas Navy,RENAME,NC->NCI: NC6500-WT-739-2C1CT1LS-CV -> NCI6500-WT-739-2C1CT1LS-CV,OK
NCI6500-WT-739-2C1CT1LS-BD-SPT739,6500 - WT,Bliss Dew,RENAME,NC->NCI: NC6500-WT-739-2C1CT1LS-BD-SPT739 -> NCI6500-WT-739-2C1CT1LS-BD-SPT739,OK
NCI6500-WT-739-2C1CT1LS-SD-SPT739,6500 - WT,Spectrum Dove,RENAME,NC->NCI: NC6500-WT-739-2C1CT1LS-SD-SPT739 -> NCI6500-WT-739-2C1CT1LS-SD-SPT739,OK
NCI6500-WT-739-1LLS1RLS1SCC1MC1CT-CW-SPT739,6500 - WT,Canvas White,RENAME,NC->NCI: NC6500-WT-739-1LLS1RLS1SCC1MC1CT-CW-SPT739 -> NCI6500-WT-739-1LLS1RLS1SCC1MC1CT-CW-SPT739,OK
NCI6500-WT-739-1LLS1RLS1SCC1MC1CT-CV-SPT739,6500 - WT,Canvas Navy,RENAME,NC->NCI: NC6500-WT-739-1LLS1RLS1SCC1MC1CT-CV-SPT739 -> NCI6500-WT-739-1LLS1RLS1SCC1MC1CT-CV-SPT739,OK
NCI6500-WT-739-2C1CT1LS-RHA,6500 - WT,Relate Harbor,RENAME,NC->NCI: NC6500-WT-739-2C1CT1LS-RHA -> NCI6500-WT-739-2C1CT1LS-RHA,OK
NCI6500-WT-739-2C1CT1LS-DD,6500 - WT,Direction Dew,RENAME,NC->NCI: NC6500-WT-739-2C1CT1LS-DD -> NCI6500-WT-739-2C1CT1LS-DD,OK
NCI6500-WT-739-1C1SR1LS13S1CT2CET1OT-CV,6500 - WT,Canvas Navy,RENAME,NC->NCI: NC6500-WT-739-1C1SR1LS13S1CT2CET1OT-CV -> NCI6500-WT-739-1C1SR1LS13S1CT2CET1OT-CV,OK
NCI6500-WT-739-1LLS1RLS1SCC1CT-RHA-SPT739,6500 - WT,Relate Harbor,RENAME,NC->NCI: NC6500-WT-739-1LLS1RLS1SCC1CT-RHA-SPT739 -> NCI6500-WT-739-1LLS1RLS1SCC1CT-RHA-SPT739,OK
NCI6500-WT-739-1LLS1RLS1SCC1MC1CT-DD-SPT739,6500 - WT,Direction Dew,RENAME,NC->NCI: NC6500-WT-739-1LLS1RLS1SCC1MC1CT-DD-SPT739 -> NCI6500-WT-739-1LLS1RLS1SCC1MC1CT-DD-SPT739,OK
NCI6500-WT-739-1C1SR1LS13S1CT2CET1OT-BD,6500 - WT,Bliss Dew,RENAME,NC->NCI: NC6500-WT-739-1C1SR1LS13S1CT2CET1OT-BD -> NCI6500-WT-739-1C1SR1LS13S1CT2CET1OT-BD,OK
NCI6500-WT-739-2C13S1CT2ET-CW-SPT739,6500 - WT,Canvas White,RENAME,NC->NCI: NC6500-WT-739-2C13S1CT2ET-CW-SPT739 -> NCI6500-WT-739-2C13S1CT2ET-CW-SPT739,OK
NCI6500-WT-739-2C13S1CT2ET-CV-SPT739,6500 - WT,Canvas Navy,RENAME,NC->NCI: NC6500-WT-739-2C13S1CT2ET-CV-SPT739 -> NCI6500-WT-739-2C13S1CT2ET-CV-SPT739,OK
NCI6500-WT-739-2C13S1CT2ET-DD-SPT739,6500 - WT,Direction Dew,RENAME,NC->NCI: NC6500-WT-739-2C13S1CT2ET-DD-SPT739 -> NCI6500-WT-739-2C13S1CT2ET-DD-SPT739,OK
NCI6500-WT-739-2C13S1CT2ET-SC,6500 - WT,Spectrum Cilantro,RENAME,NC->NCI: NC6500-WT-739-2C13S1CT2ET-SC -> NCI6500-WT-739-2C13S1CT2ET-SC,OK
NCI6500-WT-739-2C13S1CT2ET-SD,6500 - WT,Spectrum Dove,RENAME,NC->NCI: NC6500-WT-739-2C13S1CT2ET-SD -> NCI6500-WT-739-2C13S1CT2ET-SD,OK
NCI6500-WT-739-2C13S1CT2ET-RHA-SPT739,6500 - WT,Relate Harbor,RENAME,NC->NCI: NC6500-WT-739-2C13S1CT2ET-RHA-SPT739 -> NCI6500-WT-739-2C13S1CT2ET-RHA-SPT739,OK
NCI6500-WT-739-1LLS1RLS1SCC1MC1CT-SD-SPT739,6500 - WT,Spectrum Dove,RENAME,NC->NCI: NC6500-WT-739-1LLS1RLS1SCC1MC1CT-SD-SPT739 -> NCI6500-WT-739-1LLS1RLS1SCC1MC1CT-SD-SPT739,OK
NCI6500-WT-739-2C13S1CT2ET-SC-SPT739,6500 - WT,Spectrum Cilantro,RENAME,NC->NCI: NC6500-WT-739-2C13S1CT2ET-SC-SPT739 -> NCI6500-WT-739-2C13S1CT2ET-SC-SPT739,OK
NCI6500-WT-739-2C1CT1LS-BD,6500 - WT,Bliss Dew,RENAME,NC->NCI: NC6500-WT-739-2C1CT1LS-BD -> NCI6500-WT-739-2C1CT1LS-BD,OK
NCI6500-WT-739-1LLS1RLS1SCC1MC1CT-RHA-SPT739,6500 - WT,Relate Harbor,RENAME,NC->NCI: NC6500-WT-739-1LLS1RLS1SCC1MC1CT-RHA-SPT739 -> NCI6500-WT-739-1LLS1RLS1SCC1MC1CT-RHA-SPT739,OK
NCI6500-WT-739-2C1CT1LS-SC,6500 - WT,Spectrum Cilantro,RENAME,NC->NCI: NC6500-WT-739-2C1CT1LS-SC -> NCI6500-WT-739-2C1CT1LS-SC,OK
NCI6500-WT-739-1LLS1RLS1SCC1MC1CT-SC-SPT739,6500 - WT,Spectrum Cilantro,RENAME,NC->NCI: NC6500-WT-739-1LLS1RLS1SCC1MC1CT-SC-SPT739 -> NCI6500-WT-739-1LLS1RLS1SCC1MC1CT-SC-SPT739,OK
NCI6500-WT-739-006-01-DD,6500 - WT,Direction Dew,RENAME,NC->NCI: NC6500-WT-739-006-01-DD -> NCI6500-WT-739-006-01-DD,OK
NCI6500-WT-739-006-01-DD-SPT739,6500 - WT,Direction Dew,RENAME,NC->NCI: NC6500-WT-739-006-01-DD-SPT739 -> NCI6500-WT-739-006-01-DD-SPT739,OK
NCI6500-WT-739-001-01-CV,6500 - WT,Canvas Navy,RENAME,NC->NCI: NC6500-WT-739-001-01-CV -> NCI6500-WT-739-001-01-CV,OK
NCI6500-WT-739-4SR-CW,6500 - WT,Canvas White,RENAME,NC->NCI: NC6500-WT-739-4SR-CW -> NCI6500-WT-739-4SR-CW,OK
NCI6500-WT-739-4SR-DD,6500 - WT,Direction Dew,RENAME,NC->NCI: NC6500-WT-739-4SR-DD -> NCI6500-WT-739-4SR-DD,OK
NCI6500-WT-739-001-01-CW,6500 - WT,Canvas White,RENAME,NC->NCI: NC6500-WT-739-001-01-CW -> NCI6500-WT-739-001-01-CW,OK
NCI6500-WT-739-4SR-BD,6500 - WT,Bliss Dew,RENAME,NC->NCI: NC6500-WT-739-4SR-BD -> NCI6500-WT-739-4SR-BD,OK
NCI6500-WT-739-001-01-SC,6500 - WT,Spectrum Cilantro,RENAME,NC->NCI: NC6500-WT-739-001-01-SC -> NCI6500-WT-739-001-01-SC,OK
NCI6500-WT-739-001-01-BD,6500 - WT,Bliss Dew,RENAME,NC->NCI: NC6500-WT-739-001-01-BD -> NCI6500-WT-739-001-01-BD,OK
NCI6500-WT-739-001-01-RHA,6500 - WT,Relate Harbor,RENAME,NC->NCI: NC6500-WT-739-001-01-RHA -> NCI6500-WT-739-001-01-RHA,OK
NCI6500-WT-739-001-01-CW-SPT739,6500 - WT,Canvas White,RENAME,NC->NCI: NC6500-WT-739-001-01-CW-SPT739 -> NCI6500-WT-739-001-01-CW-SPT739,OK
NCI6500-WT-739-001-01-BD-SPT739,6500 - WT,Bliss Dew,RENAME,NC->NCI: NC6500-WT-739-001-01-BD-SPT739 -> NCI6500-WT-739-001-01-BD-SPT739,OK
NCI6500-WT-739-001-01-DD,6500 - WT,Direction Dew,RENAME,NC->NCI: NC6500-WT-739-001-01-DD -> NCI6500-WT-739-001-01-DD,OK
NCI6500-WT-739-001-01-CV-SPT739,6500 - WT,Canvas Navy,RENAME,NC->NCI: NC6500-WT-739-001-01-CV-SPT739 -> NCI6500-WT-739-001-01-CV-SPT739,OK
NCI6500-WT-739-001-01-SD,6500 - WT,Spectrum Dove,RENAME,NC->NCI: NC6500-WT-739-001-01-SD -> NCI6500-WT-739-001-01-SD,OK
NCI6500-WT-739-4SR-CW-SPT739,6500 - WT,Canvas White,RENAME,NC->NCI: NC6500-WT-739-4SR-CW-SPT739 -> NCI6500-WT-739-4SR-CW-SPT739,OK
NCI6500-WT-739-4SR-CV,6500 - WT,Canvas Navy,RENAME,NC->NCI: NC6500-WT-739-4SR-CV -> NCI6500-WT-739-4SR-CV,OK
NCI6500-WT-739-001-01-DD-SPT739,6500 - WT,Direction Dew,RENAME,NC->NCI: NC6500-WT-739-001-01-DD-SPT739 -> NCI6500-WT-739-001-01-DD-SPT739,OK
NCI6500-WT-739-4SR-SD,6500 - WT,Spectrum Dove,RENAME,NC->NCI: NC6500-WT-739-4SR-SD -> NCI6500-WT-739-4SR-SD,OK
NCI6500-WT-739-4SR-SD-SPT739,6500 - WT,Spectrum Dove,RENAME,NC->NCI: NC6500-WT-739-4SR-SD-SPT739 -> NCI6500-WT-739-4SR-SD-SPT739,OK
NCI6500-WT-739-4SR-RHA,6500 - WT,Relate Harbor,RENAME,NC->NCI: NC6500-WT-739-4SR-RHA -> NCI6500-WT-739-4SR-RHA,OK
NCI6500-WT-739-4SR-CV-SPT739,6500 - WT,Canvas Navy,RENAME,NC->NCI: NC6500-WT-739-4SR-CV-SPT739 -> NCI6500-WT-739-4SR-CV-SPT739,OK
NCI6500-WT-739-4SR-DD-SPT739,6500 - WT,Direction Dew,RENAME,NC->NCI: NC6500-WT-739-4SR-DD-SPT739 -> NCI6500-WT-739-4SR-DD-SPT739,OK
NCI6500-WT-739-4SR-SC-SPT739,6500 - WT,Spectrum Cilantro,RENAME,NC->NCI: NC6500-WT-739-4SR-SC-SPT739 -> NCI6500-WT-739-4SR-SC-SPT739,OK
NCI6500-WT-739-4SR-SC,6500 - WT,Spectrum Cilantro,RENAME,NC->NCI: NC6500-WT-739-4SR-SC -> NCI6500-WT-739-4SR-SC,OK
NCI6500-WT-739-4SR-RHA-SPT739,6500 - WT,Relate Harbor,RENAME,NC->NCI: NC6500-WT-739-4SR-RHA-SPT739 -> NCI6500-WT-739-4SR-RHA-SPT739,OK
NCI6500-WT-739-4SR-BD-SPT739,6500 - WT,Bliss Dew,RENAME,NC->NCI: NC6500-WT-739-4SR-BD-SPT739 -> NCI6500-WT-739-4SR-BD-SPT739,OK
NCI6500SECT-WT-739-052-01-DD,6500 - WT,Direction Dew,RENAME,NC->NCI: NC6500SECT-WT-739-052-01-DD -> NCI6500SECT-WT-739-052-01-DD,OK
NCI6500SECT-WT-739-052-01-SC,6500 - WT,Spectrum Cilantro,RENAME,NC->NCI: NC6500SECT-WT-739-052-01-SC -> NCI6500SECT-WT-739-052-01-SC,OK
NCI6500SECT-WT-739-052-01-CV,6500 - WT,Canvas Navy,RENAME,NC->NCI: NC6500SECT-WT-739-052-01-CV -> NCI6500SECT-WT-739-052-01-CV,OK
NCI6500SECT-WT-739-052-01-RHA,6500 - WT,Relate Harbor,RENAME,NC->NCI: NC6500SECT-WT-739-052-01-RHA -> NCI6500SECT-WT-739-052-01-RHA,OK
NCI6500-WT-739-001-01-RHA-SPT739,6500 - WT,Relate Harbor,RENAME,NC->NCI: NC6500-WT-739-001-01-RHA-SPT739 -> NCI6500-WT-739-001-01-RHA-SPT739,OK
NCI6500SECT-WT-739-052-01-CW,6500 - WT,Canvas White,RENAME,NC->NCI: NC6500SECT-WT-739-052-01-CW -> NCI6500SECT-WT-739-052-01-CW,OK
NCI6500SECT-WT-739-052-01-SD,6500 - WT,Spectrum Dove,RENAME,NC->NCI: NC6500SECT-WT-739-052-01-SD -> NCI6500SECT-WT-739-052-01-SD,OK
NCI6500SECT-WT-739-052-01-DD-SPT739,6500 - WT,Direction Dew,RENAME,NC->NCI: NC6500SECT-WT-739-052-01-DD-SPT739 -> NCI6500SECT-WT-739-052-01-DD-SPT739,OK
NCI6500SECT-WT-739-052-01-CV-SPT739,6500 - WT,Canvas Navy,RENAME,NC->NCI: NC6500SECT-WT-739-052-01-CV-SPT739 -> NCI6500SECT-WT-739-052-01-CV-SPT739,OK
NCI6500SECT-WT-739-052-01-BD,6500 - WT,Bliss Dew,RENAME,NC->NCI: NC6500SECT-WT-739-052-01-BD -> NCI6500SECT-WT-739-052-01-BD,OK
NCI6500SECT-WT-739-052-01-CW-SPT739,6500 - WT,Canvas White,RENAME,NC->NCI: NC6500SECT-WT-739-052-01-CW-SPT739 -> NCI6500SECT-WT-739-052-01-CW-SPT739,OK
NCI6500SECT-WT-739-052-01-SC-SPT739,6500 - WT,Spectrum Cilantro,RENAME,NC->NCI: NC6500SECT-WT-739-052-01-SC-SPT739 -> NCI6500SECT-WT-739-052-01-SC-SPT739,OK
NCI6500SECT-WT-739-052-01-BD-SPT739,6500 - WT,Bliss Dew,RENAME,NC->NCI: NC6500SECT-WT-739-052-01-BD-SPT739 -> NCI6500SECT-WT-739-052-01-BD-SPT739,OK
NCI6500SECT-WT-739-052-01-RHA-SPT739,6500 - WT,Relate Harbor,RENAME,NC->NCI: NC6500SECT-WT-739-052-01-RHA-SPT739 -> NCI6500SECT-WT-739-052-01-RHA-SPT739,OK
NCI6500SECT-WT-739-052-01-SD-SPT739,6500 - WT,Spectrum Dove,RENAME,NC->NCI: NC6500SECT-WT-739-052-01-SD-SPT739 -> NCI6500SECT-WT-739-052-01-SD-SPT739,OK
NCI6500-WT-739-002-01-DD,6500 - WT,Direction Dew,RENAME,NC->NCI: NC6500-WT-739-002-01-DD -> NCI6500-WT-739-002-01-DD,OK
NCI6500SECT-WT-739-053-01-CW,6500 - WT,Canvas White,RENAME,NC->NCI: NC6500SECT-WT-739-053-01-CW -> NCI6500SECT-WT-739-053-01-CW,OK
NCI6500-WT-304-002-01-DD-SPT739,6500 - WT,Direction Dew,RENAME,NC->NCI: NC6500-WT-304-002-01-DD-SPT739 -> NCI6500-WT-304-002-01-DD-SPT739,OK
NCI6500-WT-739-001-01-SC-SPT739,6500 - WT,Spectrum Cilantro,RENAME,NC->NCI: NC6500-WT-739-001-01-SC-SPT739 -> NCI6500-WT-739-001-01-SC-SPT739,OK
NCI6500SECT-WT-739-053-01-CV-SPT739,6500 - WT,Canvas Navy,RENAME,NC->NCI: NC6500SECT-WT-739-053-01-CV-SPT739 -> NCI6500SECT-WT-739-053-01-CV-SPT739,OK
NCI6500SECT-WT-739-053-01-DD,6500 - WT,Direction Dew,RENAME,NC->NCI: NC6500SECT-WT-739-053-01-DD -> NCI6500SECT-WT-739-053-01-DD,OK
NCI6500SECT-WT-739-053-01-CV,6500 - WT,Canvas Navy,RENAME,NC->NCI: NC6500SECT-WT-739-053-01-CV -> NCI6500SECT-WT-739-053-01-CV,OK
NCI6500SECT-WT-739-053-01-BD,6500 - WT,Bliss Dew,RENAME,NC->NCI: NC6500SECT-WT-739-053-01-BD -> NCI6500SECT-WT-739-053-01-BD,OK
NCI6500-WT-739-001-01-SD-SPT739,6500 - WT,Spectrum Dove,RENAME,NC->NCI: NC6500-WT-739-001-01-SD-SPT739 -> NCI6500-WT-739-001-01-SD-SPT739,OK
NCI6500SECT-WT-739-053-01-SD,6500 - WT,Spectrum Dove,RENAME,NC->NCI: NC6500SECT-WT-739-053-01-SD -> NCI6500SECT-WT-739-053-01-SD,OK
NCI6500SECT-WT-739-053-01-BD-SPT739,6500 - WT,Bliss Dew,RENAME,NC->NCI: NC6500SECT-WT-739-053-01-BD-SPT739 -> NCI6500SECT-WT-739-053-01-BD-SPT739,OK
NCI6500SECT-WT-739-053-01-RHA,6500 - WT,Relate Harbor,RENAME,NC->NCI: NC6500SECT-WT-739-053-01-RHA -> NCI6500SECT-WT-739-053-01-RHA,OK
NCI6500SECT-WT-739-053-01-SC,6500 - WT,Spectrum Cilantro,RENAME,NC->NCI: NC6500SECT-WT-739-053-01-SC -> NCI6500SECT-WT-739-053-01-SC,OK
NCI6500SECT-WT-739-053-01-CW-SPT739,6500 - WT,Canvas White,RENAME,NC->NCI: NC6500SECT-WT-739-053-01-CW-SPT739 -> NCI6500SECT-WT-739-053-01-CW-SPT739,OK
NCI6500SECT-WT-739-053-01-DD-SPT739,6500 - WT,Direction Dew,RENAME,NC->NCI: NC6500SECT-WT-739-053-01-DD-SPT739 -> NCI6500SECT-WT-739-053-01-DD-SPT739,OK
NCI6500SECT-WT-739-053-01-SC-SPT739,6500 - WT,Spectrum Cilantro,RENAME,NC->NCI: NC6500SECT-WT-739-053-01-SC-SPT739 -> NCI6500SECT-WT-739-053-01-SC-SPT739,OK
NCI6500SECT-WT-739-053-01-SD-SPT739,6500 - WT,Spectrum Dove,RENAME,NC->NCI: NC6500SECT-WT-739-053-01-SD-SPT739 -> NCI6500SECT-WT-739-053-01-SD-SPT739,OK
NCI6500SECT-WT-739-053-01-RHA-SPT739,6500 - WT,Relate Harbor,RENAME,NC->NCI: NC6500SECT-WT-739-053-01-RHA-SPT739 -> NCI6500SECT-WT-739-053-01-RHA-SPT739,OK
NCI6500-WT-739-260-01-BD,6500 - WT,Bliss Dew,RENAME,NC->NCI: NC6500-WT-739-260-01-BD -> NCI6500-WT-739-260-01-BD,OK
NCI6500-WT-739-260-01-CV,6500 - WT,Canvas Navy,RENAME,NC->NCI: NC6500-WT-739-260-01-CV -> NCI6500-WT-739-260-01-CV,OK
NCI6500SECT-WT-032-01-DD,6500 - WT,Direction Dew,RENAME,NC->NCI: NC6500SECT-WT-032-01-DD -> NCI6500SECT-WT-032-01-DD,OK
NCI6500SECT-WT-034-01-DD,6500 - WT,Direction Dew,RENAME,NC->NCI: NC6500SECT-WT-034-01-DD -> NCI6500SECT-WT-034-01-DD,OK
NCI6500-WT-739-260-01-RHA,6500 - WT,Relate Harbor,RENAME,NC->NCI: NC6500-WT-739-260-01-RHA -> NCI6500-WT-739-260-01-RHA,OK
NCI6500SECT-WT-032-01-CV,6500 - WT,Canvas Navy,RENAME,NC->NCI: NC6500SECT-WT-032-01-CV -> NCI6500SECT-WT-032-01-CV,OK
NCI6500SECT-WT-032-01-BD,6500 - WT,Bliss Dew,RENAME,NC->NCI: NC6500SECT-WT-032-01-BD -> NCI6500SECT-WT-032-01-BD,OK
NCI6500-WT-739-260-01-SD,6500 - WT,Spectrum Dove,RENAME,NC->NCI: NC6500-WT-739-260-01-SD -> NCI6500-WT-739-260-01-SD,OK
NCI6500-WT-739-260-01-SC-SPT739,6500 - WT,Spectrum Cilantro,RENAME,NC->NCI: NC6500-WT-739-260-01-SC-SPT739 -> NCI6500-WT-739-260-01-SC-SPT739,OK
NCI6500-WT-739-260-01-SC,6500 - WT,Spectrum Cilantro,RENAME,NC->NCI: NC6500-WT-739-260-01-SC -> NCI6500-WT-739-260-01-SC,OK
NCI6500-WT-739-260-01-DD-SPT739,6500 - WT,Direction Dew,RENAME,NC->NCI: NC6500-WT-739-260-01-DD-SPT739 -> NCI6500-WT-739-260-01-DD-SPT739,OK
NCI6500-WT-739-260-01-DD,6500 - WT,Direction Dew,RENAME,NC->NCI: NC6500-WT-739-260-01-DD -> NCI6500-WT-739-260-01-DD,OK
NCI6500-WT-739-260-01-RHA-SPT739,6500 - WT,Relate Harbor,RENAME,NC->NCI: NC6500-WT-739-260-01-RHA-SPT739 -> NCI6500-WT-739-260-01-RHA-SPT739,OK
NCI6500-WT-739-260-01-CW,6500 - WT,Canvas White,RENAME,NC->NCI: NC6500-WT-739-260-01-CW -> NCI6500-WT-739-260-01-CW,OK
NCI6500SECT-WT-032-01-CW,6500 - WT,Canvas White,RENAME,NC->NCI: NC6500SECT-WT-032-01-CW -> NCI6500SECT-WT-032-01-CW,OK
NCI6500-WT-739-260-01-CW-SPT739,6500 - WT,Canvas White,RENAME,NC->NCI: NC6500-WT-739-260-01-CW-SPT739 -> NCI6500-WT-739-260-01-CW-SPT739,OK
NCI6500-WT-739-260-01-CV-SPT739,6500 - WT,Canvas Navy,RENAME,NC->NCI: NC6500-WT-739-260-01-CV-SPT739 -> NCI6500-WT-739-260-01-CV-SPT739,OK
NCI6500-WT-739-260-01-SD-SPT739,6500 - WT,Spectrum Dove,RENAME,NC->NCI: NC6500-WT-739-260-01-SD-SPT739 -> NCI6500-WT-739-260-01-SD-SPT739,OK
NCI6500SECT-WT-034-01-CV,6500 - WT,Canvas Navy,RENAME,NC->NCI: NC6500SECT-WT-034-01-CV -> NCI6500SECT-WT-034-01-CV,OK
NCI6500-WT-739-260-01-BD-SPT739,6500 - WT,Bliss Dew,RENAME,NC->NCI: NC6500-WT-739-260-01-BD-SPT739 -> NCI6500-WT-739-260-01-BD-SPT739,OK
NCI6500SECT-WT-032-01-SD,6500 - WT,Spectrum Dove,RENAME,NC->NCI: NC6500SECT-WT-032-01-SD -> NCI6500SECT-WT-032-01-SD,OK
NCI6500SECT-WT-034-01-SC,6500 - WT,Spectrum Cilantro,RENAME,NC->NCI: NC6500SECT-WT-034-01-SC -> NCI6500SECT-WT-034-01-SC,OK
NCI6500SECT-WT-032-01-RHA,6500 - WT,Relate Harbor,RENAME,NC->NCI: NC6500SECT-WT-032-01-RHA -> NCI6500SECT-WT-032-01-RHA,OK
NCI6500SECT-WT-032-01-SC,6500 - WT,Spectrum Cilantro,RENAME,NC->NCI: NC6500SECT-WT-032-01-SC -> NCI6500SECT-WT-032-01-SC,OK
NCI6500SECT-WT-034-01-RHA,6500 - WT,Relate Harbor,RENAME,NC->NCI: NC6500SECT-WT-034-01-RHA -> NCI6500SECT-WT-034-01-RHA,OK
NCI6500-WT-713-4SR-DD-SPT713,6500 - WT,Direction Dew,RENAME,NC->NCI: NC6500-WT-713-4SR-DD-SPT713 -> NCI6500-WT-713-4SR-DD-SPT713,OK
NCI6500SECT-WT-034-01-BD,6500 - WT,Bliss Dew,RENAME,NC->NCI: NC6500SECT-WT-034-01-BD -> NCI6500SECT-WT-034-01-BD,OK
NCI6500SECT-WT-034-01-CW,6500 - WT,Canvas White,RENAME,NC->NCI: NC6500SECT-WT-034-01-CW -> NCI6500SECT-WT-034-01-CW,OK
NCI6500SECT-WT-034-01-SD,6500 - WT,Spectrum Dove,RENAME,NC->NCI: NC6500SECT-WT-034-01-SD -> NCI6500SECT-WT-034-01-SD,OK
NCI6500-WT-713-4SR-DD,6500 - WT,Direction Dew,RENAME,NC->NCI: NC6500-WT-713-4SR-DD -> NCI6500-WT-713-4SR-DD,OK
CUSHBOL207-SRB-AM-AB,CUSHBOL207,Canvas Antique Beige,URL_CHANGE,old=5 new=5 del_thumbs=5,OK
CUSHBOL207-SRB-AM-HE,CUSHBOL207,Canvas Heather Beige,URL_CHANGE,old=5 new=5 del_thumbs=5,OK
CUSHBOL207-SRB-AM-JR,CUSHBOL207,Canvas Jockey Red,URL_CHANGE,old=5 new=5 del_thumbs=5,OK
CUSHBOL207-SRB-AM-CB,CUSHBOL207,Canvas Air Blue,URL_CHANGE,old=5 new=5 del_thumbs=5,OK
CUSHBOL207-CSS,CUSHBOL207,Canvas Seasalt,URL_CHANGE,old=5 new=5 del_thumbs=5,OK
CUSHBOL207-SRB-CFNTHICK,CUSHBOL207,Canvas Fern Thick,URL_CHANGE,old=5 new=5 del_thumbs=5,OK
CUSHBOL207-SRB-AM-CG,CUSHBOL207,Canvas Granite,URL_CHANGE,old=5 new=5 del_thumbs=5,OK
CUSHBOL207-SRB-AM-ASA,CUSHBOL207,Assemble Sand,URL_CHANGE,old=5 new=5 del_thumbs=5,OK
CUSHBOL207-SRB-CSY,CUSHBOL207,Canvas Sunflower Yellow,URL_CHANGE,old=5 new=5 del_thumbs=5,OK
CUSHBOL207-SRB-AM-CV,CUSHBOL207,Canvas Navy,URL_CHANGE,old=5 new=5 del_thumbs=5,OK
CUSHBOL207-SRB-AM-CPM,CUSHBOL207,Canvas Persimmon,URL_CHANGE,old=5 new=5 del_thumbs=5,OK
CUSHBOL207-SRB-AM-CN,CUSHBOL207,Canvas Natural,URL_CHANGE,old=5 new=5 del_thumbs=5,OK
CUSHBOL207-SRB-CSYTHICK,CUSHBOL207,Canvas Sunflower Yellow Thick,URL_CHANGE,old=5 new=5 del_thumbs=5,OK
CUSHBOL207-SRB-AM-OC,CUSHBOL207,Cast Ocean,URL_CHANGE,old=5 new=5 del_thumbs=4,OK
CUSHBOL207-SRB-AM-SG,CUSHBOL207,Cast Sage,URL_CHANGE,old=5 new=5 del_thumbs=5,OK
CUSHBOL207-SRB-AM-BR,CUSHBOL207,Cast Breeze,URL_CHANGE,old=5 new=5 del_thumbs=5,OK
CUSHBOL207-SRB-JM-ES,CUSHBOL207,Expressive Sparrow,URL_CHANGE,old=5 new=5 del_thumbs=5,OK
CUSHBOL207-SRB-AM-CH,CUSHBOL207,Cast Horizon,URL_CHANGE,old=5 new=5 del_thumbs=5,OK
CUSHBOL207-SRB-JM-EM,CUSHBOL207,Expressive Mist,URL_CHANGE,old=5 new=5 del_thumbs=5,OK
CUSHBOL207-MBB,CUSHBOL207,Mira Bluebell,URL_CHANGE,old=5 new=5 del_thumbs=5,OK
CUSHBOL207-SRB-PLATHICK,CUSHBOL207,Play Adobe Thick,URL_CHANGE,old=5 new=5 del_thumbs=5,OK
CUSHBOL207-SRB-PLA,CUSHBOL207,Play Adobe,URL_CHANGE,old=5 new=5 del_thumbs=5,OK
CUSHBOL207-SRB-AM-PSN,CUSHBOL207,Play Snow,URL_CHANGE,old=5 new=5 del_thumbs=5,OK
CUSHBOL207-SRB-AM-PLC,CUSHBOL207,Play Camel,URL_CHANGE,old=5 new=5 del_thumbs=5,OK
CUSHBOL207-SRB-AM-PLM,CUSHBOL207,Play Mocha,URL_CHANGE,old=5 new=5 del_thumbs=5,OK
CUSHBOL207-MLY,CUSHBOL207,Mira Sunshine,URL_CHANGE,old=5 new=5 del_thumbs=5,OK
CUSHBOL207-SRB-AM-PSK,CUSHBOL207,Play Sky,URL_CHANGE,old=5 new=5 del_thumbs=5,OK
CUSHBOL207-SRB-AM-SAD,CUSHBOL207,Sail Away Denim,URL_CHANGE,old=5 new=5 del_thumbs=5,OK
CUSHBOL207-SAS,CUSHBOL207,Sail Away Sunflower,URL_CHANGE,old=5 new=5 del_thumbs=5,OK
CUSHBOL207-SRB-JM-SAA,CUSHBOL207,Sail Away Aloe,URL_CHANGE,old=5 new=5 del_thumbs=5,OK
CUSHBOL207-SRB-AM-SAJ,CUSHBOL207,Sail Away Java,URL_CHANGE,old=5 new=5 del_thumbs=5,OK
CUSHBOL207-SRB-AM-ASC,CUSHBOL207,Assemble Clay,URL_CHANGE,old=5 new=5 del_thumbs=5,OK
CUSHBOL207-SRB-AM-SI,CUSHBOL207,Spectrum Indigo,URL_CHANGE,old=5 new=5 del_thumbs=5,OK
CUSHBOL207-SRB-AM-SC,CUSHBOL207,Spectrum Cilantro,URL_CHANGE,old=5 new=5 del_thumbs=5,OK
CUSHBOL207-SRB-AM-CD,CUSHBOL207,Spectrum Denim,URL_CHANGE,old=5 new=5 del_thumbs=5,OK
CUSHBOL207-TS,CUSHBOL207,Tranquil Sage,URL_CHANGE,old=5 new=5 del_thumbs=5,OK
CUSHBOL207-US,CUSHBOL207,Unwind Sky,URL_CHANGE,old=5 new=5 del_thumbs=5,OK
CUSHBOL207-SRB-AM-SM,CUSHBOL207,Spectrum Mushroom,URL_CHANGE,old=5 new=5 del_thumbs=5,OK
CUSHBOL207-SRB-JM-UC,CUSHBOL207,Unwind Cameo,URL_CHANGE,old=5 new=5 del_thumbs=5,OK
CUSHBOL207-SRB-JM-UD,CUSHBOL207,Unwind Driftwood,URL_CHANGE,old=5 new=5 del_thumbs=5,OK
CUSHBOL207-UR,CUSHBOL207,Unwind Rainwashed,URL_CHANGE,old=5 new=5 del_thumbs=5,OK
CUSHLUM1420-CSS,CUSHLUM1420,Canvas Seasalt,URL_CHANGE,old=5 new=5 del_thumbs=5,OK
CUSHTH14-SRB-JM-ES,CUSHTH14,Expressive Sparrow,URL_CHANGE,old=5 new=5 del_thumbs=5,OK
CUSHTH14-SRB-JM-SAA,CUSHTH14,Sail Away Aloe,URL_CHANGE,old=5 new=5 del_thumbs=5,OK
CUSHBOL207-SRB-AM-SH,CUSHBOL207,Cast Shale,URL_CHANGE,old=5 new=5 del_thumbs=5,OK
CUSHTH14-SRB-JM-UR,CUSHTH14,Unwind Rainwashed,URL_CHANGE,old=5 new=5 del_thumbs=5,OK
CUSHTH14-SRB-JM-UD,CUSHTH14,Unwind Driftwood,URL_CHANGE,old=5 new=5 del_thumbs=5,OK
CUSHTH14-SRB-JM-UC,CUSHTH14,Unwind Cameo,URL_CHANGE,old=5 new=5 del_thumbs=5,OK
CUSHTH16-SRB-AM-CLH,CUSHTH16,Canvas Lichen,URL_CHANGE,old=5 new=5 del_thumbs=5,OK
CUSHTH16-SRB-AM-ASA,CUSHTH16,Assemble Sand,URL_CHANGE,old=5 new=5 del_thumbs=5,OK
CUSHTH16-SRB-AM-ASC,CUSHTH16,Assemble Clay,URL_CHANGE,old=5 new=5 del_thumbs=5,OK
CUSHTH16-SRB-AM-CSS,CUSHTH16,Canvas Seasalt,URL_CHANGE,old=5 new=5 del_thumbs=5,OK
CUSHTH16-SRB-AM-CPM,CUSHTH16,Canvas Persimmon,URL_CHANGE,old=5 new=5 del_thumbs=5,OK
CUSHTH16-CSY,CUSHTH16,Canvas Sunflower Yellow,URL_CHANGE,old=5 new=5 del_thumbs=5,OK
CUSHTH16-SRB-AM-PCA,CUSHTH16,Play Cameo,URL_CHANGE,old=5 new=5 del_thumbs=5,OK
CUSHTH16-SRB-AM-PLM,CUSHTH16,Play Mocha,URL_CHANGE,old=5 new=5 del_thumbs=5,OK
CUSHTH16-PLA,CUSHTH16,Play Adobe,URL_CHANGE,old=5 new=5 del_thumbs=5,OK
CUSHTH16-SRB-AM-PSK,CUSHTH16,Play Sky,URL_CHANGE,old=5 new=5 del_thumbs=5,OK
CUSHTH16-SRB-AM-SG,CUSHTH16,Cast Sage,URL_CHANGE,old=5 new=5 del_thumbs=5,OK
CUSHTH16-SRB-AM-SAS,CUSHTH16,Sail Away Sunflower,URL_CHANGE,old=5 new=5 del_thumbs=5,OK
CUSHTH18-AB,CUSHTH18,Canvas Antique Beige,URL_CHANGE,old=5 new=5 del_thumbs=5,OK
CUSHTH16-SRB-AM-SAJ,CUSHTH16,Sail Away Java,URL_CHANGE,old=5 new=5 del_thumbs=5,OK
CUSHTH16-SRB-AM-PSN,CUSHTH16,Play Snow,URL_CHANGE,old=5 new=5 del_thumbs=5,OK
CUSHTH18-CB,CUSHTH18,Canvas Air Blue,URL_CHANGE,old=5 new=5 del_thumbs=5,OK
CUSHTH18-SRB-AM-ASC,CUSHTH18,Assemble Clay,URL_CHANGE,old=5 new=5 del_thumbs=5,OK
CUSHTH18-SRB-AM-ASA,CUSHTH18,Assemble Sand,URL_CHANGE,old=5 new=5 del_thumbs=5,OK
CUSHTH18-CG,CUSHTH18,Canvas Granite,URL_CHANGE,old=5 new=5 del_thumbs=5,OK
CUSHTH18-CA,CUSHTH18,Canvas Canvas,URL_CHANGE,old=5 new=5 del_thumbs=5,OK
CUSHTH18-JR,CUSHTH18,Canvas Jockey Red,URL_CHANGE,old=5 new=5 del_thumbs=5,OK
CUSHTH18-HE,CUSHTH18,Canvas Heather Beige,URL_CHANGE,old=5 new=5 del_thumbs=5,OK
CUSHTH18-CFN,CUSHTH18,Canvas Fern,URL_CHANGE,old=5 new=5 del_thumbs=5,OK
CUSHTH18-CN,CUSHTH18,Canvas Natural,URL_CHANGE,old=5 new=5 del_thumbs=5,OK
CUSHTH18-CV,CUSHTH18,Canvas Navy,URL_CHANGE,old=5 new=5 del_thumbs=5,OK
CUSHTH18-SRB-AM-CLH,CUSHTH18,Canvas Lichen,URL_CHANGE,old=5 new=5 del_thumbs=5,OK
CUSHTH16-CFN,CUSHTH16,Canvas Fern,URL_CHANGE,old=5 new=5 del_thumbs=5,OK
CUSHTH18-CS,CUSHTH18,Canvas Spa,URL_CHANGE,old=5 new=5 del_thumbs=5,OK
CUSHTH18-SRB-AM-CPM,CUSHTH18,Canvas Persimmon,URL_CHANGE,old=5 new=5 del_thumbs=5,OK
CUSHTH18-CT,CUSHTH18,Canvas Tangerine,URL_CHANGE,old=5 new=5 del_thumbs=5,OK
CUSHTH18-SRB-AM-CSS,CUSHTH18,Canvas Seasalt,URL_CHANGE,old=5 new=5 del_thumbs=5,OK
CUSHTH18-AS,CUSHTH18,Cast Ash,URL_CHANGE,old=5 new=5 del_thumbs=5,OK
CUSHTH18-CSY,CUSHTH18,Canvas Sunflower Yellow,URL_CHANGE,old=5 new=5 del_thumbs=5,OK
CUSHTH18-SRB-AM-SG,CUSHTH18,Cast Sage,URL_CHANGE,old=5 new=5 del_thumbs=5,OK
CUSHTH18-OC,CUSHTH18,Cast Ocean,URL_CHANGE,old=5 new=5 del_thumbs=5,OK
CUSHTH18-SH,CUSHTH18,Cast Shale,URL_CHANGE,old=5 new=5 del_thumbs=5,OK
CUSHTH18-BR,CUSHTH18,Cast Breeze,URL_CHANGE,old=5 new=5 del_thumbs=5,OK
CUSHTH16-SRB-AM-SAD,CUSHTH16,Sail Away Denim,URL_CHANGE,old=5 new=5 del_thumbs=5,OK
CUSHTH18-CH,CUSHTH18,Cast Horizon,URL_CHANGE,old=5 new=5 del_thumbs=5,OK
CUSHTH18-SRB-AM-PLM,CUSHTH18,Play Mocha,URL_CHANGE,old=5 new=5 del_thumbs=5,OK
CUSHTH18-SRB-AM-PSK,CUSHTH18,Play Sky,URL_CHANGE,old=5 new=5 del_thumbs=5,OK
CUSHTH18-SRB-AM-PCA,CUSHTH18,Play Cameo,URL_CHANGE,old=5 new=5 del_thumbs=5,OK
CUSHTH18-PLA,CUSHTH18,Play Adobe,URL_CHANGE,old=5 new=5 del_thumbs=5,OK
CUSHTH18-FLR1,CUSHTH18,Flagship Ruby,URL_CHANGE,old=5 new=5 del_thumbs=5,OK
CUSHTH18-SRB-AM-SAD,CUSHTH18,Sail Away Denim,URL_CHANGE,old=5 new=5 del_thumbs=5,OK
CUSHTH18-SRB-AM-PSN,CUSHTH18,Play Snow,URL_CHANGE,old=5 new=5 del_thumbs=5,OK
CUSHTH18-SRB-AM-SAJ,CUSHTH18,Sail Away Java,URL_CHANGE,old=5 new=5 del_thumbs=5,OK
CUSHTH18-SRB-AM-SAS,CUSHTH18,Sail Away Sunflower,URL_CHANGE,old=5 new=5 del_thumbs=5,OK
CUSHTH18-SC,CUSHTH18,Spectrum Cilantro,URL_CHANGE,old=5 new=5 del_thumbs=5,OK
CUSHTH18-SD,CUSHTH18,Spectrum Dove,URL_CHANGE,old=5 new=5 del_thumbs=5,OK
CUSHTH18-CR,CUSHTH18,Spectrum Cherry,URL_CHANGE,old=5 new=5 del_thumbs=5,OK
CUSHTH18-CD,CUSHTH18,Spectrum Denim,URL_CHANGE,old=5 new=5 del_thumbs=5,OK
CUSHTH18-SI,CUSHTH18,Spectrum Indigo,URL_CHANGE,old=5 new=5 del_thumbs=5,OK
CUSHTH18-SM,CUSHTH18,Spectrum Mushroom,URL_CHANGE,old=5 new=5 del_thumbs=5,OK
CUSHTH18-SAM,CUSHTH18,Samuel Meadows,URL_CHANGE,old=5 new=5 del_thumbs=5,OK
CUSHTH20-SRB-AM-ASC,CUSHTH20,Assemble Clay,URL_CHANGE,old=5 new=5 del_thumbs=5,OK
CUSHTH20-SRB-AM-ASA,CUSHTH20,Assemble Sand,URL_CHANGE,old=5 new=5 del_thumbs=5,OK
CUSHTH20-SRB-AM-CPM,CUSHTH20,Canvas Persimmon,URL_CHANGE,old=5 new=5 del_thumbs=5,OK
CUSHTH20-SRB-AM-CLH,CUSHTH20,Canvas Lichen,URL_CHANGE,old=5 new=5 del_thumbs=5,OK
CUSHTH20-CSS,CUSHTH20,Canvas Seasalt,URL_CHANGE,old=5 new=5 del_thumbs=5,OK
CUSHTH20-CFN,CUSHTH20,Canvas Fern,URL_CHANGE,old=5 new=5 del_thumbs=5,OK
CUSHTH20-MBB,CUSHTH20,Mira Bluebell,URL_CHANGE,old=5 new=5 del_thumbs=5,OK
CUSHTH20-CSY,CUSHTH20,Canvas Sunflower Yellow,URL_CHANGE,old=5 new=5 del_thumbs=5,OK
CUSHTH20-SRB-AM-SG,CUSHTH20,Cast Sage,URL_CHANGE,old=5 new=5 del_thumbs=5,OK
CUSHTH20-SRB-AM-PLM,CUSHTH20,Play Mocha,URL_CHANGE,old=5 new=5 del_thumbs=5,OK
CUSHTH20-MLY,CUSHTH20,Mira Sunshine,URL_CHANGE,old=5 new=5 del_thumbs=5,OK
CUSHTH20-SRB-AM-PCA,CUSHTH20,Play Cameo,URL_CHANGE,old=5 new=5 del_thumbs=5,OK
CUSHTH20-PLA,CUSHTH20,Play Adobe,URL_CHANGE,old=5 new=5 del_thumbs=5,OK
CUSHTH20-SRB-AM-PSK,CUSHTH20,Play Sky,URL_CHANGE,old=5 new=5 del_thumbs=5,OK
CUSHTH20-SRB-AM-PSN,CUSHTH20,Play Snow,URL_CHANGE,old=5 new=5 del_thumbs=5,OK
CUSHTH20-SRB-AM-SAJ,CUSHTH20,Sail Away Java,URL_CHANGE,old=5 new=5 del_thumbs=5,OK
CUSHTH20-SRB-AM-SAD,CUSHTH20,Sail Away Denim,URL_CHANGE,old=5 new=5 del_thumbs=5,OK
CUSHTH20-SRB-JM-UC,CUSHTH20,Unwind Cameo,URL_CHANGE,old=5 new=5 del_thumbs=5,OK
CUSHTH20-SRB-JM-SAA,CUSHTH20,Sail Away Aloe,URL_CHANGE,old=5 new=5 del_thumbs=5,OK
CUSHTH20-UR,CUSHTH20,Unwind Rainwashed,URL_CHANGE,old=5 new=5 del_thumbs=5,OK
CUSHTH20-SRB-JM-UD,CUSHTH20,Unwind Driftwood,URL_CHANGE,old=5 new=5 del_thumbs=5,OK
CUSHTH20-TS,CUSHTH20,Tranquil Sage,URL_CHANGE,old=5 new=5 del_thumbs=5,OK
CUSHTH20-US,CUSHTH20,Unwind Sky,URL_CHANGE,old=5 new=5 del_thumbs=5,OK
CUSHTH24-SRB-AM-CLH,CUSHTH24,Canvas Lichen,URL_CHANGE,old=5 new=5 del_thumbs=5,OK
CUSHTH24-SRB-AM-ASA,CUSHTH24,Assemble Sand,URL_CHANGE,old=5 new=5 del_thumbs=5,OK
CUSHTH24-SRB-AM-ASC,CUSHTH24,Assemble Clay,URL_CHANGE,old=5 new=5 del_thumbs=5,OK
CUSHTH24-SRB-AM-CPM,CUSHTH24,Canvas Persimmon,URL_CHANGE,old=5 new=5 del_thumbs=5,OK
CUSHTH24-CSY,CUSHTH24,Canvas Sunflower Yellow,URL_CHANGE,old=5 new=5 del_thumbs=5,OK
CUSHTH24-SRB-AM-SG,CUSHTH24,Cast Sage,URL_CHANGE,old=5 new=5 del_thumbs=5,OK
CUSHTH24-SRB-AM-CSS,CUSHTH24,Canvas Seasalt,URL_CHANGE,old=5 new=5 del_thumbs=5,OK
CUSHTH24-CFN,CUSHTH24,Canvas Fern,URL_CHANGE,old=5 new=5 del_thumbs=5,OK
CUSHTH24-PLA,CUSHTH24,Play Adobe,URL_CHANGE,old=5 new=5 del_thumbs=5,OK
CUSHTH24-SRB-AM-PSK,CUSHTH24,Play Sky,URL_CHANGE,old=5 new=5 del_thumbs=5,OK
CUSHTH24-SRB-AM-PLM,CUSHTH24,Play Mocha,URL_CHANGE,old=5 new=5 del_thumbs=5,OK
CUSHTH24-SRB-AM-PSN,CUSHTH24,Play Snow,URL_CHANGE,old=5 new=5 del_thumbs=5,OK
CUSHTH24-SRB-AM-SAD,CUSHTH24,Sail Away Denim,URL_CHANGE,old=5 new=5 del_thumbs=5,OK
CUSHTH24-SRB-AM-SAS,CUSHTH24,Sail Away Sunflower,URL_CHANGE,old=5 new=5 del_thumbs=5,OK
CUSHTH24-SRB-AM-PCA,CUSHTH24,Play Cameo,URL_CHANGE,old=5 new=5 del_thumbs=5,OK
CUSHTHK2013-SRB-AM-ASC,CUSHTHK2013,Assemble Clay,URL_CHANGE,old=5 new=5 del_thumbs=5,OK
CUSHTHK2013-SRB-AM-AB,CUSHTHK2013,Canvas Antique Beige,URL_CHANGE,old=5 new=5 del_thumbs=5,OK
CUSHTH24-SRB-AM-SAJ,CUSHTH24,Sail Away Java,URL_CHANGE,old=5 new=5 del_thumbs=5,OK
CUSHTHK2013-SRB-AM-CB,CUSHTHK2013,Canvas Air Blue,URL_CHANGE,old=5 new=5 del_thumbs=5,OK
CUSHTHK2013-SRB-AM-ASA,CUSHTHK2013,Assemble Sand,URL_CHANGE,old=5 new=5 del_thumbs=5,OK
CUSHTH20-SAS,CUSHTH20,Sail Away Sunflower,URL_CHANGE,old=5 new=5 del_thumbs=5,OK
CUSHTHK2013-SRB-AM-CG,CUSHTHK2013,Canvas Granite,URL_CHANGE,old=5 new=5 del_thumbs=5,OK
CUSHTHK2013-SRB-AM-HE,CUSHTHK2013,Canvas Heather Beige,URL_CHANGE,old=5 new=5 del_thumbs=5,OK
CUSHTHK2013-SRB-AM-CPM,CUSHTHK2013,Canvas Persimmon,URL_CHANGE,old=5 new=5 del_thumbs=5,OK
CUSHTHK2013-SRB-AM-JR,CUSHTHK2013,Canvas Jockey Red,URL_CHANGE,old=5 new=5 del_thumbs=5,OK
CUSHTHK2013-SRB-AM-CN,CUSHTHK2013,Canvas Natural,URL_CHANGE,old=5 new=5 del_thumbs=5,OK
CUSHTHK2013-SRB-AM-CV,CUSHTHK2013,Canvas Navy,URL_CHANGE,old=5 new=5 del_thumbs=5,OK
CUSHTHK2013-CSS,CUSHTHK2013,Canvas Seasalt,URL_CHANGE,old=5 new=5 del_thumbs=5,OK
CUSHTHK2013-SRB-AM-SG,CUSHTHK2013,Cast Sage,URL_CHANGE,old=5 new=5 del_thumbs=5,OK
CUSHTHK2013-SRB-AM-BR,CUSHTHK2013,Cast Breeze,URL_CHANGE,old=5 new=5 del_thumbs=5,OK
CUSHTHK2013-SRB-JM-ES,CUSHTHK2013,Expressive Sparrow,URL_CHANGE,old=5 new=5 del_thumbs=5,OK
CUSHTHK2013-MBB,CUSHTHK2013,Mira Bluebell,URL_CHANGE,old=5 new=5 del_thumbs=5,OK
CUSHTHK2013-SRB-JM-EM,CUSHTHK2013,Expressive Mist,URL_CHANGE,old=5 new=5 del_thumbs=5,OK
CUSHTHK2013-SRB-AM-SH,CUSHTHK2013,Cast Shale,URL_CHANGE,old=5 new=5 del_thumbs=5,OK
CUSHTHK2013-SRB-JM-EB,CUSHTHK2013,Expressive Blush,URL_CHANGE,old=5 new=5 del_thumbs=5,OK
CUSHTHK2013-SRB-AM-PLM,CUSHTHK2013,Play Mocha,URL_CHANGE,old=5 new=5 del_thumbs=5,OK
CUSHTHK2013-SRB-AM-PSK,CUSHTHK2013,Play Sky,URL_CHANGE,old=5 new=5 del_thumbs=5,OK
CUSHTHK2013-MLY,CUSHTHK2013,Mira Sunshine,URL_CHANGE,old=5 new=5 del_thumbs=5,OK
CUSHTHK2013-SRB-AM-PSN,CUSHTHK2013,Play Snow,URL_CHANGE,old=5 new=5 del_thumbs=5,OK
CUSHTHK2013-SRB-AM-SAD,CUSHTHK2013,Sail Away Denim,URL_CHANGE,old=5 new=5 del_thumbs=5,OK
CUSHTHK2013-SRB-AM-PLC,CUSHTHK2013,Play Camel,URL_CHANGE,old=5 new=5 del_thumbs=5,OK
CUSHTHK2013-SRB-JM-SAA,CUSHTHK2013,Sail Away Aloe,URL_CHANGE,old=5 new=5 del_thumbs=5,OK
CUSHTHK2013-SRB-AM-SAJ,CUSHTHK2013,Sail Away Java,URL_CHANGE,old=5 new=5 del_thumbs=5,OK
CUSHTHK2013-SRB-AM-SI,CUSHTHK2013,Spectrum Indigo,URL_CHANGE,old=5 new=5 del_thumbs=5,OK
CUSHTHK2013-SRB-AM-CD,CUSHTHK2013,Spectrum Denim,URL_CHANGE,old=5 new=5 del_thumbs=5,OK
CUSHTHK2013-SRB-AM-SC,CUSHTHK2013,Spectrum Cilantro,URL_CHANGE,old=5 new=5 del_thumbs=5,OK
CUSHTHK2013-TS,CUSHTHK2013,Tranquil Sage,URL_CHANGE,old=5 new=5 del_thumbs=5,OK
CUSHTHK2013-US,CUSHTHK2013,Unwind Sky,URL_CHANGE,old=5 new=5 del_thumbs=5,OK
CUSHTHK2013-SRB-JM-UC,CUSHTHK2013,Unwind Cameo,URL_CHANGE,old=5 new=5 del_thumbs=5,OK
CUSHTHK2013-SRB-AM-SM,CUSHTHK2013,Spectrum Mushroom,URL_CHANGE,old=5 new=5 del_thumbs=5,OK
CUSHTHK2013-UR,CUSHTHK2013,Unwind Rainwashed,URL_CHANGE,old=5 new=5 del_thumbs=5,OK
CUSHTHK2013-SRB-JM-UD,CUSHTHK2013,Unwind Driftwood,URL_CHANGE,old=5 new=5 del_thumbs=5,OK
CUSHTHK2013-SRB-AM-OC,CUSHTHK2013,Cast Ocean,URL_CHANGE,old=5 new=5 del_thumbs=5,OK
CUSHTHK2013-SRB-AM-CH,CUSHTHK2013,Cast Horizon,URL_CHANGE,old=5 new=5 del_thumbs=5,OK
CUSHTHK2013-SAS,CUSHTHK2013,Sail Away Sunflower,URL_CHANGE,old=5 new=5 del_thumbs=5,OK
CUSHBOL207-SSG,CUSHBOL207,Solana Seagull,URL_CHANGE,old=5 new=5 del_thumbs=5,OK
CUSHTH20-SSG,CUSHTH20,Solana Seagull,URL_CHANGE,old=5 new=5 del_thumbs=5,OK
CUSHTHK2013-SSG,CUSHTHK2013,Solana Seagull,URL_CHANGE,old=5 new=5 del_thumbs=5,OK
CUSHBOL207-SRB-BL-RSS,CUSHBOL207,Refuge Sunshine,URL_CHANGE,old=5 new=5 del_thumbs=5,OK
CUSHTH16-SRB-AM-RSS,CUSHTH16,Refuge Sunshine,URL_CHANGE,old=5 new=5 del_thumbs=5,OK
CUSHTH18-SRB-AM-RSS,CUSHTH18,Refuge Sunshine,URL_CHANGE,old=5 new=5 del_thumbs=5,OK
CUSHTH20-SRB-AM-RSS,CUSHTH20,Refuge Sunshine,URL_CHANGE,old=5 new=5 del_thumbs=5,OK
CUSHTH24-SRB-AM-RSS,CUSHTH24,Refuge Sunshine,URL_CHANGE,old=5 new=5 del_thumbs=5,OK
CUSHTHK2013-SRB-BL-RSS,CUSHTHK2013,Refuge Sunshine,URL_CHANGE,old=5 new=5 del_thumbs=5,OK
CUSH2713S-BM,CUSH2713S,Bliss Smoke,URL_CHANGE,old=5 new=5 del_thumbs=2,OK
CUSH2713S-BL,CUSH2713S,Bliss Linen,URL_CHANGE,old=5 new=5 del_thumbs=2,OK
CUSH2713S-AS,CUSH2713S,Cast Ash,URL_CHANGE,old=5 new=5 del_thumbs=2,OK
CUSH3717B-CFN,CUSH3717B,Canvas Fern,URL_CHANGE,old=5 new=5 del_thumbs=1,OK
CUSH3717B-CF,CUSH3717B,Canvas Flax,URL_CHANGE,old=5 new=5 del_thumbs=1,OK
CUSH3717B-JR,CUSH3717B,Canvas Jockey Red,URL_CHANGE,old=5 new=5 del_thumbs=1,OK
CUSH3717B-CL,CUSH3717B,Cabana Classic,URL_CHANGE,old=5 new=5 del_thumbs=1,OK
CUSH3717B-HE,CUSH3717B,Canvas Heather Beige,URL_CHANGE,old=5 new=5 del_thumbs=1,OK
CUSH3717B-RE,CUSH3717B,Cabana Regatta,URL_CHANGE,old=5 new=5 del_thumbs=1,OK
CUSH3717B-CN,CUSH3717B,Canvas Natural,URL_CHANGE,old=5 new=5 del_thumbs=1,OK
CUSH3717B-AR,CUSH3717B,Canvas Aruba,URL_CHANGE,old=5 new=5 del_thumbs=1,OK
CUSH3717B-CW,CUSH3717B,Canvas White,URL_CHANGE,old=5 new=5 del_thumbs=1,OK
CUSH3717B-CLC,CUSH3717B,Cloud Out Cloud,URL_CHANGE,old=5 new=5 del_thumbs=1,OK
CUSH3717B-SV,CUSH3717B,Cast Silver,URL_CHANGE,old=5 new=5 del_thumbs=1,OK
CUSH3717B-EM,CUSH3717B,Expressive Mist,URL_CHANGE,old=5 new=5 del_thumbs=1,OK
CUSH3717B-LDI,CUSH3717B,Lido Indigo,URL_CHANGE,old=5 new=5 del_thumbs=1,OK
CUSH3717B-RC,CUSH3717B,Refuge Coral,URL_CHANGE,old=5 new=5 del_thumbs=2,OK
CUSH3717B-RI,CUSH3717B,Refuge Indigo,URL_CHANGE,old=5 new=5 del_thumbs=1,OK
CUSH3717B-DL,CUSH3717B,Dupione Latte,URL_CHANGE,old=5 new=5 del_thumbs=1,OK
CUSH3717B-RG,CUSH3717B,Refuge Garden,URL_CHANGE,old=5 new=5 del_thumbs=1,OK
CUSH3717B-RO,CUSH3717B,Refuge Ocean,URL_CHANGE,old=5 new=5 del_thumbs=1,OK
CUSH3717B-RHA,CUSH3717B,Relate Harbor,URL_CHANGE,old=5 new=5 del_thumbs=5,OK
CUSH3717B-SI,CUSH3717B,Spectrum Indigo,URL_CHANGE,old=5 new=5 del_thumbs=1,OK
CUSH3717B-SR,CUSH3717B,Shore Classic,URL_CHANGE,old=5 new=5 del_thumbs=5,OK
CUSH4818B-CLC,CUSH4818B,Cloud Out Cloud,URL_CHANGE,old=5 new=5 del_thumbs=1,OK
CUSH4818B-CN,CUSH4818B,Canvas Natural,URL_CHANGE,old=5 new=5 del_thumbs=1,OK
CUSH4818B-DL,CUSH4818B,Dupione Latte,URL_CHANGE,old=5 new=5 del_thumbs=1,OK
CUSH4818B-HE,CUSH4818B,Canvas Heather Beige,URL_CHANGE,old=5 new=5 del_thumbs=1,OK
CUSH4818B-EM,CUSH4818B,Expressive Mist,URL_CHANGE,old=5 new=5 del_thumbs=1,OK
CUSH4818B-LDI,CUSH4818B,Lido Indigo,URL_CHANGE,old=5 new=5 del_thumbs=1,OK
CUSH4818B-RC,CUSH4818B,Refuge Coral,URL_CHANGE,old=5 new=5 del_thumbs=1,OK
CUSH4818B-RI,CUSH4818B,Refuge Indigo,URL_CHANGE,old=5 new=5 del_thumbs=1,OK
CUSH4818B-RG,CUSH4818B,Refuge Garden,URL_CHANGE,old=5 new=5 del_thumbs=1,OK
CUSH4818B-RHA,CUSH4818B,Relate Harbor,URL_CHANGE,old=5 new=5 del_thumbs=1,OK
CUSH4818B-RO,CUSH4818B,Refuge Ocean,URL_CHANGE,old=5 new=5 del_thumbs=1,OK
CUSH4818B-SR,CUSH4818B,Shore Classic,URL_CHANGE,old=5 new=5 del_thumbs=1,OK
CUSH5619B-CL,CUSH5619B,Cabana Classic,URL_CHANGE,old=5 new=5 del_thumbs=1,OK
CUSH5619B-RE,CUSH5619B,Cabana Regatta,URL_CHANGE,old=5 new=5 del_thumbs=1,OK
CUSH5619B-AR,CUSH5619B,Canvas Aruba,URL_CHANGE,old=5 new=5 del_thumbs=1,OK
CUSH5619B-BK,CUSH5619B,Canvas Black,URL_CHANGE,old=5 new=5 del_thumbs=1,OK
CUSH5619B-CFN,CUSH5619B,Canvas Fern,URL_CHANGE,old=5 new=5 del_thumbs=1,OK
CUSH5619B-HE,CUSH5619B,Canvas Heather Beige,URL_CHANGE,old=5 new=5 del_thumbs=1,OK
CUSH5619B-CF,CUSH5619B,Canvas Flax,URL_CHANGE,old=5 new=5 del_thumbs=1,OK
CUSH5619B-CN,CUSH5619B,Canvas Natural,URL_CHANGE,old=5 new=5 del_thumbs=1,OK
CUSH3717B-BK,CUSH3717B,Canvas Black,URL_CHANGE,old=5 new=5 del_thumbs=1,OK
CUSH5619B-JR,CUSH5619B,Canvas Jockey Red,URL_CHANGE,old=5 new=5 del_thumbs=1,OK
CUSH5619B-CW,CUSH5619B,Canvas White,URL_CHANGE,old=5 new=5 del_thumbs=1,OK
CUSH5619B-CLC,CUSH5619B,Cloud Out Cloud,URL_CHANGE,old=5 new=5 del_thumbs=1,OK
CUSH5619B-SV,CUSH5619B,Cast Silver,URL_CHANGE,old=5 new=5 del_thumbs=1,OK
CUSH5619B-DL,CUSH5619B,Dupione Latte,URL_CHANGE,old=5 new=5 del_thumbs=1,OK
CUSH5619B-EM,CUSH5619B,Expressive Mist,URL_CHANGE,old=5 new=5 del_thumbs=1,OK
CUSH5619B-RC,CUSH5619B,Refuge Coral,URL_CHANGE,old=5 new=5 del_thumbs=1,OK
CUSH5619B-RG,CUSH5619B,Refuge Garden,URL_CHANGE,old=5 new=5 del_thumbs=1,OK
CUSH5619B-RI,CUSH5619B,Refuge Indigo,URL_CHANGE,old=5 new=5 del_thumbs=1,OK
CUSH5619B-LDI,CUSH5619B,Lido Indigo,URL_CHANGE,old=5 new=5 del_thumbs=1,OK
CUSH5619B-RO,CUSH5619B,Refuge Ocean,URL_CHANGE,old=5 new=5 del_thumbs=1,OK
CUSH5619B-SR,CUSH5619B,Shore Classic,URL_CHANGE,old=5 new=5 del_thumbs=1,OK
CUSH5619B-RHA,CUSH5619B,Relate Harbor,URL_CHANGE,old=5 new=5 del_thumbs=1,OK
CUSH5619B-SI,CUSH5619B,Spectrum Indigo,URL_CHANGE,old=5 new=5 del_thumbs=1,OK
CUSH4017B-CL,CUSH4017B,Cabana Classic,URL_CHANGE,old=5 new=5 del_thumbs=1,OK
CUSH4017B-RE,CUSH4017B,Cabana Regatta,URL_CHANGE,old=5 new=5 del_thumbs=1,OK
CUSH4017B-CFN,CUSH4017B,Canvas Fern,URL_CHANGE,old=5 new=5 del_thumbs=1,OK
CUSH4017B-BK,CUSH4017B,Canvas Black,URL_CHANGE,old=5 new=5 del_thumbs=1,OK
CUSH4017B-JR,CUSH4017B,Canvas Jockey Red,URL_CHANGE,old=5 new=5 del_thumbs=1,OK
CUSH4017B-CF,CUSH4017B,Canvas Flax,URL_CHANGE,old=5 new=5 del_thumbs=1,OK
CUSH4017B-HE,CUSH4017B,Canvas Heather Beige,URL_CHANGE,old=5 new=5 del_thumbs=1,OK
CUSH4017B-CN,CUSH4017B,Canvas Natural,URL_CHANGE,old=5 new=5 del_thumbs=1,OK
CUSH4017B-AR,CUSH4017B,Canvas Aruba,URL_CHANGE,old=5 new=5 del_thumbs=1,OK
CUSH4017B-CW,CUSH4017B,Canvas White,URL_CHANGE,old=5 new=5 del_thumbs=1,OK
CUSH4017B-SV,CUSH4017B,Cast Silver,URL_CHANGE,old=5 new=5 del_thumbs=1,OK
CUSH4017B-CLC,CUSH4017B,Cloud Out Cloud,URL_CHANGE,old=5 new=5 del_thumbs=1,OK
CUSH4017B-DL,CUSH4017B,Dupione Latte,URL_CHANGE,old=5 new=5 del_thumbs=1,OK
CUSH4017B-LDI,CUSH4017B,Lido Indigo,URL_CHANGE,old=5 new=5 del_thumbs=1,OK
CUSH4017B-EM,CUSH4017B,Expressive Mist,URL_CHANGE,old=5 new=5 del_thumbs=1,OK
CUSH4017B-RI,CUSH4017B,Refuge Indigo,URL_CHANGE,old=5 new=5 del_thumbs=1,OK
CUSH4017B-RC,CUSH4017B,Refuge Coral,URL_CHANGE,old=5 new=5 del_thumbs=1,OK
CUSH4017B-RG,CUSH4017B,Refuge Garden,URL_CHANGE,old=5 new=5 del_thumbs=1,OK
CUSH4017B-RO,CUSH4017B,Refuge Ocean,URL_CHANGE,old=5 new=5 del_thumbs=1,OK
CUSH4017B-RHA,CUSH4017B,Relate Harbor,URL_CHANGE,old=5 new=5 del_thumbs=1,OK
CUSH4017B-SR,CUSH4017B,Shore Classic,URL_CHANGE,old=5 new=5 del_thumbs=1,OK
CUSH4017B-SI,CUSH4017B,Spectrum Indigo,URL_CHANGE,old=5 new=5 del_thumbs=1,OK
CUSH4818B-CL,CUSH4818B,Cabana Classic,URL_CHANGE,old=5 new=5 del_thumbs=5,OK
CUSH4818B-AR,CUSH4818B,Canvas Aruba,URL_CHANGE,old=5 new=5 del_thumbs=5,OK
CUSH4818B-RE,CUSH4818B,Cabana Regatta,URL_CHANGE,old=5 new=5 del_thumbs=5,OK
CUSH4818B-CFN,CUSH4818B,Canvas Fern,URL_CHANGE,old=5 new=5 del_thumbs=5,OK
CUSH4818B-BK,CUSH4818B,Canvas Black,URL_CHANGE,old=5 new=5 del_thumbs=5,OK
CUSH4818B-JR,CUSH4818B,Canvas Jockey Red,URL_CHANGE,old=5 new=5 del_thumbs=5,OK
CUSH4818B-CF,CUSH4818B,Canvas Flax,URL_CHANGE,old=5 new=5 del_thumbs=5,OK
CUSH4818B-SV,CUSH4818B,Cast Silver,URL_CHANGE,old=5 new=5 del_thumbs=5,OK
CUSH4818B-CW,CUSH4818B,Canvas White,URL_CHANGE,old=5 new=5 del_thumbs=5,OK
CUSH4818B-SI,CUSH4818B,Spectrum Indigo,URL_CHANGE,old=5 new=5 del_thumbs=5,OK
CUSH3717B-CAL,CUSH3717B,Calm Laurel,URL_CHANGE,old=5 new=5 del_thumbs=1,OK
CUSH4017B-CAL,CUSH4017B,Calm Laurel,URL_CHANGE,old=5 new=5 del_thumbs=1,OK
CUSH4818B-CAL,CUSH4818B,Calm Laurel,URL_CHANGE,old=5 new=5 del_thumbs=1,OK
CUSH5619B-CAL,CUSH5619B,Calm Laurel,URL_CHANGE,old=5 new=5 del_thumbs=1,OK
CUSH261C-CB,CUSH261C,Canvas Air Blue,URL_CHANGE,old=5 new=5 del_thumbs=5,OK
CUSH261C-AB,CUSH261C,Canvas Antique Beige,URL_CHANGE,old=5 new=5 del_thumbs=5,OK
CUSH261C-BK,CUSH261C,Canvas Black,URL_CHANGE,old=5 new=5 del_thumbs=5,OK
CUSH261C-CN,CUSH261C,Canvas Natural,URL_CHANGE,old=5 new=5 del_thumbs=5,OK
CUSH261C-CG,CUSH261C,Canvas Granite,URL_CHANGE,old=5 new=5 del_thumbs=5,OK
CUSH261C-CA,CUSH261C,Canvas Canvas,URL_CHANGE,old=5 new=5 del_thumbs=5,OK
CUSH261C-JR,CUSH261C,Canvas Jockey Red,URL_CHANGE,old=5 new=5 del_thumbs=5,OK
CUSH261C-CFN,CUSH261C,Canvas Fern,URL_CHANGE,old=5 new=5 del_thumbs=5,OK
CUSH261C-HE,CUSH261C,Canvas Heather Beige,URL_CHANGE,old=5 new=5 del_thumbs=5,OK
CUSH261C-BD,CUSH261C,Bliss Dew,URL_CHANGE,old=5 new=5 del_thumbs=5,OK
CUSH261C-CS,CUSH261C,Canvas Spa,URL_CHANGE,old=5 new=5 del_thumbs=5,OK
CUSH261C-CSS,CUSH261C,Canvas Seasalt,URL_CHANGE,old=5 new=5 del_thumbs=5,OK
CUSH261C-CT,CUSH261C,Canvas Tangerine,URL_CHANGE,old=5 new=5 del_thumbs=5,OK
CUSH261C-CV,CUSH261C,Canvas Navy,URL_CHANGE,old=5 new=5 del_thumbs=5,OK
CUSH261C-CW,CUSH261C,Canvas White,URL_CHANGE,old=5 new=5 del_thumbs=5,OK
CUSH261C-AS,CUSH261C,Cast Ash,URL_CHANGE,old=5 new=5 del_thumbs=5,OK
CUSH261C-CH,CUSH261C,Cast Horizon,URL_CHANGE,old=5 new=5 del_thumbs=5,OK
CUSH261C-OC,CUSH261C,Cast Ocean,URL_CHANGE,old=5 new=5 del_thumbs=5,OK
CUSH261C-BR,CUSH261C,Cast Breeze,URL_CHANGE,old=5 new=5 del_thumbs=5,OK
CUSH261C-SH,CUSH261C,Cast Shale,URL_CHANGE,old=5 new=5 del_thumbs=5,OK
CUSH261C-SV,CUSH261C,Cast Silver,URL_CHANGE,old=5 new=5 del_thumbs=5,OK
CUSH261C-MBB,CUSH261C,Mira Bluebell,URL_CHANGE,old=5 new=5 del_thumbs=5,OK
CUSH261C-MCE,CUSH261C,Mira Celeste,URL_CHANGE,old=5 new=5 del_thumbs=5,OK
CUSH261C-MSS,CUSH261C,Mira Sunshine,URL_CHANGE,old=5 new=5 del_thumbs=5,OK
CUSH261C-SAS,CUSH261C,Sail Away Sunflower,URL_CHANGE,old=5 new=5 del_thumbs=5,OK
CUSH261C-SSG,CUSH261C,Solana Seagull,URL_CHANGE,old=5 new=5 del_thumbs=5,OK
CUSH261C-PMU,CUSH261C,Play Mushroom,URL_CHANGE,old=5 new=5 del_thumbs=5,OK
CUSH261C-CD,CUSH261C,Spectrum Denim,URL_CHANGE,old=5 new=5 del_thumbs=5,OK
CUSH261C-SD,CUSH261C,Spectrum Dove,URL_CHANGE,old=5 new=5 del_thumbs=5,OK
CUSH261C-SM,CUSH261C,Spectrum Mushroom,URL_CHANGE,old=5 new=5 del_thumbs=5,OK
CUSH261C-SI,CUSH261C,Spectrum Indigo,URL_CHANGE,old=5 new=5 del_thumbs=5,OK
CUSH261C-TSA,CUSH261C,Tranquil Sage,URL_CHANGE,old=5 new=5 del_thumbs=5,OK
CUSH261C-SC,CUSH261C,Spectrum Cilantro,URL_CHANGE,old=5 new=5 del_thumbs=5,OK
CUSH261C-UR,CUSH261C,Unwind Rainwashed,URL_CHANGE,old=5 new=5 del_thumbs=5,OK
CUSH261C-US,CUSH261C,Unwind Sky,URL_CHANGE,old=5 new=5 del_thumbs=5,OK
CUSH260C-CSS,CUSH260C,Canvas Seasalt,URL_CHANGE,old=5 new=5 del_thumbs=5,OK
CUSH260C-AB,CUSH260C,Canvas Antique Beige,URL_CHANGE,old=5 new=1 del_thumbs=5,OK
CUSH260C-CG,CUSH260C,Canvas Granite,URL_CHANGE,old=5 new=5 del_thumbs=1,OK
CUSH260C-CN,CUSH260C,Canvas Natural,URL_CHANGE,old=5 new=5 del_thumbs=1,OK
CUSH260C-CV,CUSH260C,Canvas Navy,URL_CHANGE,old=5 new=5 del_thumbs=1,OK
CUSH260C-AS,CUSH260C,Cast Ash,URL_CHANGE,old=5 new=5 del_thumbs=1,OK
CUSH260C-CD,CUSH260C,Spectrum Denim,URL_CHANGE,old=5 new=5 del_thumbs=1,OK
CUSH270C-CB,CUSH270C,Canvas Air Blue,URL_CHANGE,old=5 new=5 del_thumbs=5,OK
CUSH270C-BK,CUSH270C,Canvas Black,URL_CHANGE,old=5 new=5 del_thumbs=5,OK
CUSH270C-CA,CUSH270C,Canvas Canvas,URL_CHANGE,old=5 new=5 del_thumbs=5,OK
CUSH270C-CG,CUSH270C,Canvas Granite,URL_CHANGE,old=5 new=5 del_thumbs=5,OK
CUSH270C-AB,CUSH270C,Canvas Antique Beige,URL_CHANGE,old=5 new=5 del_thumbs=5,OK
CUSH270C-HE,CUSH270C,Canvas Heather Beige,URL_CHANGE,old=5 new=5 del_thumbs=5,OK
CUSH270C-JR,CUSH270C,Canvas Jockey Red,URL_CHANGE,old=5 new=5 del_thumbs=5,OK
CUSH270C-OC,CUSH270C,Cast Ocean,URL_CHANGE,old=5 new=5 del_thumbs=5,OK
CUSH270C-BR,CUSH270C,Cast Breeze,URL_CHANGE,old=5 new=5 del_thumbs=5,OK
CUSH270C-CN,CUSH270C,Canvas Natural,URL_CHANGE,old=5 new=5 del_thumbs=5,OK
CUSH270C-CS,CUSH270C,Canvas Spa,URL_CHANGE,old=5 new=5 del_thumbs=5,OK
CUSH270C-CV,CUSH270C,Canvas Navy,URL_CHANGE,old=5 new=5 del_thumbs=5,OK
CUSH270C-AS,CUSH270C,Cast Ash,URL_CHANGE,old=5 new=5 del_thumbs=5,OK
CUSH270C-CH,CUSH270C,Cast Horizon,URL_CHANGE,old=5 new=5 del_thumbs=5,OK
CUSH270C-CT,CUSH270C,Canvas Tangerine,URL_CHANGE,old=5 new=5 del_thumbs=5,OK
CUSH270C-SH,CUSH270C,Cast Shale,URL_CHANGE,old=5 new=5 del_thumbs=5,OK
CUSH270C-SC,CUSH270C,Spectrum Cilantro,URL_CHANGE,old=5 new=5 del_thumbs=5,OK
CUSH270C-SI,CUSH270C,Spectrum Indigo,URL_CHANGE,old=5 new=5 del_thumbs=5,OK
CUSH270C-SM,CUSH270C,Spectrum Mushroom,URL_CHANGE,old=5 new=5 del_thumbs=5,OK
CUSH270C-SD,CUSH270C,Spectrum Dove,URL_CHANGE,old=5 new=5 del_thumbs=5,OK
CUSH271C-AB,CUSH271C,Canvas Antique Beige,URL_CHANGE,old=5 new=5 del_thumbs=5,OK
CUSH271C-CB,CUSH271C,Canvas Air Blue,URL_CHANGE,old=5 new=5 del_thumbs=5,OK
CUSH270C-CD,CUSH270C,Spectrum Denim,URL_CHANGE,old=5 new=5 del_thumbs=5,OK
CUSH271C-BK,CUSH271C,Canvas Black,URL_CHANGE,old=5 new=5 del_thumbs=5,OK
CUSH271C-CA,CUSH271C,Canvas Canvas,URL_CHANGE,old=5 new=5 del_thumbs=5,OK
CUSH271C-CFN,CUSH271C,Canvas Fern,URL_CHANGE,old=5 new=5 del_thumbs=5,OK
CUSH271C-CG,CUSH271C,Canvas Granite,URL_CHANGE,old=5 new=5 del_thumbs=5,OK
CUSH271C-HE,CUSH271C,Canvas Heather Beige,URL_CHANGE,old=5 new=5 del_thumbs=5,OK
CUSH271C-JR,CUSH271C,Canvas Jockey Red,URL_CHANGE,old=5 new=5 del_thumbs=5,OK
CUSH271C-CV,CUSH271C,Canvas Navy,URL_CHANGE,old=5 new=5 del_thumbs=5,OK
CUSH271C-CN,CUSH271C,Canvas Natural,URL_CHANGE,old=5 new=5 del_thumbs=5,OK
CUSH271C-CSS,CUSH271C,Canvas Seasalt,URL_CHANGE,old=5 new=5 del_thumbs=5,OK
CUSH271C-CT,CUSH271C,Canvas Tangerine,URL_CHANGE,old=5 new=5 del_thumbs=5,OK
CUSH271C-CS,CUSH271C,Canvas Spa,URL_CHANGE,old=5 new=5 del_thumbs=5,OK
CUSH271C-AS,CUSH271C,Cast Ash,URL_CHANGE,old=5 new=5 del_thumbs=5,OK
CUSH271C-BR,CUSH271C,Cast Breeze,URL_CHANGE,old=5 new=5 del_thumbs=5,OK
CUSH271C-CH,CUSH271C,Cast Horizon,URL_CHANGE,old=5 new=5 del_thumbs=5,OK
CUSH271C-OC,CUSH271C,Cast Ocean,URL_CHANGE,old=5 new=5 del_thumbs=5,OK
CUSH271C-SV,CUSH271C,Cast Silver,URL_CHANGE,old=5 new=5 del_thumbs=5,OK
CUSH271C-MBB,CUSH271C,Mira Bluebell,URL_CHANGE,old=5 new=5 del_thumbs=5,OK
CUSH271C-SH,CUSH271C,Cast Shale,URL_CHANGE,old=5 new=5 del_thumbs=5,OK
CUSH271C-MSS,CUSH271C,Mira Sunshine,URL_CHANGE,old=5 new=5 del_thumbs=5,OK
CUSH271C-PMU,CUSH271C,Play Mushroom,URL_CHANGE,old=5 new=5 del_thumbs=5,OK
CUSH271C-SAA,CUSH271C,Sail Away Aloe,URL_CHANGE,old=5 new=5 del_thumbs=5,OK
CUSH271C-SAD,CUSH271C,Sail Away Denim,URL_CHANGE,old=5 new=5 del_thumbs=5,OK
CUSH271C-SAS,CUSH271C,Sail Away Sunflower,URL_CHANGE,old=5 new=5 del_thumbs=5,OK
CUSH271C-SAJ,CUSH271C,Sail Away Java,URL_CHANGE,old=5 new=5 del_thumbs=5,OK
CUSH271C-SSG,CUSH271C,Solana Seagull,URL_CHANGE,old=5 new=5 del_thumbs=5,OK
CUSH271C-CD,CUSH271C,Spectrum Denim,URL_CHANGE,old=5 new=5 del_thumbs=5,OK
CUSH271C-SC,CUSH271C,Spectrum Cilantro,URL_CHANGE,old=5 new=5 del_thumbs=5,OK
CUSH271C-SI,CUSH271C,Spectrum Indigo,URL_CHANGE,old=5 new=5 del_thumbs=5,OK
CUSH271C-SM,CUSH271C,Spectrum Mushroom,URL_CHANGE,old=5 new=5 del_thumbs=5,OK
CUSH271C-TSA,CUSH271C,Tranquil Sage,URL_CHANGE,old=5 new=5 del_thumbs=5,OK
CUSH271C-SD,CUSH271C,Spectrum Dove,URL_CHANGE,old=5 new=5 del_thumbs=5,OK
CUSH271C-UD,CUSH271C,Unwind Driftwood,URL_CHANGE,old=5 new=5 del_thumbs=5,OK
CUSH271C-UC,CUSH271C,Unwind Cameo,URL_CHANGE,old=5 new=5 del_thumbs=5,OK
CUSH271C-UR,CUSH271C,Unwind Rainwashed,URL_CHANGE,old=5 new=5 del_thumbs=5,OK
CUSH271C-US,CUSH271C,Unwind Sky,URL_CHANGE,old=5 new=5 del_thumbs=5,OK
CUSH600C-CB,CUSH600C,Canvas Air Blue,URL_CHANGE,old=5 new=5 del_thumbs=5,OK
CUSH600C-AB,CUSH600C,Canvas Antique Beige,URL_CHANGE,old=5 new=5 del_thumbs=5,OK
CUSH600C-CG,CUSH600C,Canvas Granite,URL_CHANGE,old=5 new=5 del_thumbs=5,OK
CUSH600C-HE,CUSH600C,Canvas Heather Beige,URL_CHANGE,old=5 new=5 del_thumbs=5,OK
CUSH600C-CA,CUSH600C,Canvas Canvas,URL_CHANGE,old=5 new=5 del_thumbs=5,OK
CUSH600C-JR,CUSH600C,Canvas Jockey Red,URL_CHANGE,old=5 new=5 del_thumbs=5,OK
CUSH600C-CN,CUSH600C,Canvas Natural,URL_CHANGE,old=5 new=5 del_thumbs=5,OK
CUSH600C-CSS,CUSH600C,Canvas Seasalt,URL_CHANGE,old=5 new=5 del_thumbs=5,OK
CUSH600C-CS,CUSH600C,Canvas Spa,URL_CHANGE,old=5 new=5 del_thumbs=5,OK
CUSH600C-CT,CUSH600C,Canvas Tangerine,URL_CHANGE,old=5 new=5 del_thumbs=5,OK
CUSH600C-AS,CUSH600C,Cast Ash,URL_CHANGE,old=5 new=5 del_thumbs=5,OK
CUSH600C-SH,CUSH600C,Cast Shale,URL_CHANGE,old=5 new=5 del_thumbs=5,OK
CUSH600C-CV,CUSH600C,Canvas Navy,URL_CHANGE,old=5 new=5 del_thumbs=5,OK
CUSH600C-OC,CUSH600C,Cast Ocean,URL_CHANGE,old=5 new=5 del_thumbs=5,OK
CUSH600C-CH,CUSH600C,Cast Horizon,URL_CHANGE,old=5 new=5 del_thumbs=5,OK
CUSH600C-MBB,CUSH600C,Mira Bluebell,URL_CHANGE,old=5 new=5 del_thumbs=5,OK
CUSH600C-BR,CUSH600C,Cast Breeze,URL_CHANGE,old=5 new=5 del_thumbs=5,OK
CUSH600C-SAS,CUSH600C,Sail Away Sunflower,URL_CHANGE,old=5 new=5 del_thumbs=5,OK
CUSH600C-MSS,CUSH600C,Mira Sunshine,URL_CHANGE,old=5 new=5 del_thumbs=5,OK
CUSH600C-SSG,CUSH600C,Solana Seagull,URL_CHANGE,old=5 new=5 del_thumbs=5,OK
CUSH600C-SC,CUSH600C,Spectrum Cilantro,URL_CHANGE,old=5 new=5 del_thumbs=5,OK
CUSH600C-SD,CUSH600C,Spectrum Dove,URL_CHANGE,old=5 new=5 del_thumbs=5,OK
CUSH600C-SI,CUSH600C,Spectrum Indigo,URL_CHANGE,old=5 new=5 del_thumbs=5,OK
CUSH600C-CD,CUSH600C,Spectrum Denim,URL_CHANGE,old=5 new=5 del_thumbs=5,OK
CUSH600C-SM,CUSH600C,Spectrum Mushroom,URL_CHANGE,old=5 new=5 del_thumbs=5,OK
CUSH600C-TSA,CUSH600C,Tranquil Sage,URL_CHANGE,old=5 new=5 del_thumbs=5,OK
CUSH600C-UR,CUSH600C,Unwind Rainwashed,URL_CHANGE,old=5 new=5 del_thumbs=5,OK
CUSH600C-US,CUSH600C,Unwind Sky,URL_CHANGE,old=5 new=5 del_thumbs=5,OK
CUSH2424DS-CL,CUSH2424DS,Cabana Classic,URL_CHANGE,old=5 new=5 del_thumbs=1,OK
CUSH2424DS-RE,CUSH2424DS,Cabana Regatta,URL_CHANGE,old=5 new=5 del_thumbs=1,OK
CUSH2424DS-AR,CUSH2424DS,Canvas Aruba,URL_CHANGE,old=5 new=5 del_thumbs=1,OK
CUSH2424DS-CF,CUSH2424DS,Canvas Flax,URL_CHANGE,old=5 new=5 del_thumbs=1,OK
CUSH2424DS-CFN,CUSH2424DS,Canvas Fern,URL_CHANGE,old=5 new=5 del_thumbs=1,OK
CUSH2424DS-BK,CUSH2424DS,Canvas Black,URL_CHANGE,old=5 new=5 del_thumbs=1,OK
CUSH2424DS-JR,CUSH2424DS,Canvas Jockey Red,URL_CHANGE,old=5 new=5 del_thumbs=1,OK
CUSH2424DS-CW,CUSH2424DS,Canvas White,URL_CHANGE,old=5 new=5 del_thumbs=1,OK
CUSH2424DS-HE,CUSH2424DS,Canvas Heather Beige,URL_CHANGE,old=5 new=5 del_thumbs=1,OK
CUSH2424DS-CN,CUSH2424DS,Canvas Natural,URL_CHANGE,old=5 new=5 del_thumbs=1,OK
CUSH2424DS-CLC,CUSH2424DS,Cloud Out Cloud,URL_CHANGE,old=5 new=5 del_thumbs=1,OK
CUSH2424DS-SV,CUSH2424DS,Cast Silver,URL_CHANGE,old=5 new=5 del_thumbs=1,OK
CUSH2424DS-DL,CUSH2424DS,Dupione Latte,URL_CHANGE,old=5 new=5 del_thumbs=1,OK
CUSH2424DS-EM,CUSH2424DS,Expressive Mist,URL_CHANGE,old=5 new=5 del_thumbs=1,OK
CUSH2424DS-LDI,CUSH2424DS,Lido Indigo,URL_CHANGE,old=5 new=5 del_thumbs=1,OK
CUSH2424DS-RC,CUSH2424DS,Refuge Coral,URL_CHANGE,old=5 new=5 del_thumbs=1,OK
CUSH2424DS-RG,CUSH2424DS,Refuge Garden,URL_CHANGE,old=5 new=5 del_thumbs=1,OK
CUSH2424DS-SR,CUSH2424DS,Shore Classic,URL_CHANGE,old=5 new=5 del_thumbs=1,OK
CUSH2424DS-RI,CUSH2424DS,Refuge Indigo,URL_CHANGE,old=5 new=5 del_thumbs=1,OK
CUSH2424DS-RHA,CUSH2424DS,Relate Harbor,URL_CHANGE,old=5 new=5 del_thumbs=1,OK
CUSH2424DS-RO,CUSH2424DS,Refuge Ocean,URL_CHANGE,old=5 new=5 del_thumbs=1,OK
CUSH2424DS-SI,CUSH2424DS,Spectrum Indigo,URL_CHANGE,old=5 new=5 del_thumbs=1,OK
CUSH2526DS-HE,CUSH2526DS,Canvas Heather Beige,URL_CHANGE,old=5 new=5 del_thumbs=1,OK
CUSH2526DS-CN,CUSH2526DS,Canvas Natural,URL_CHANGE,old=5 new=5 del_thumbs=1,OK
CUSH2526DS-CLC,CUSH2526DS,Cloud Out Cloud,URL_CHANGE,old=5 new=5 del_thumbs=1,OK
CUSH2526DS-DL,CUSH2526DS,Dupione Latte,URL_CHANGE,old=5 new=5 del_thumbs=1,OK
CUSH2526DS-RC,CUSH2526DS,Refuge Coral,URL_CHANGE,old=5 new=5 del_thumbs=1,OK
CUSH2526DS-LDI,CUSH2526DS,Lido Indigo,URL_CHANGE,old=5 new=5 del_thumbs=1,OK
CUSH2526DS-RG,CUSH2526DS,Refuge Garden,URL_CHANGE,old=5 new=5 del_thumbs=1,OK
CUSH2526DS-EM,CUSH2526DS,Expressive Mist,URL_CHANGE,old=5 new=5 del_thumbs=1,OK
CUSH2526DS-RO,CUSH2526DS,Refuge Ocean,URL_CHANGE,old=5 new=5 del_thumbs=1,OK
CUSH2526DS-RI,CUSH2526DS,Refuge Indigo,URL_CHANGE,old=5 new=5 del_thumbs=1,OK
CUSH2526DS-SR,CUSH2526DS,Shore Classic,URL_CHANGE,old=5 new=5 del_thumbs=1,OK
CUSH2526DS-RHA,CUSH2526DS,Relate Harbor,URL_CHANGE,old=5 new=5 del_thumbs=1,OK
CUSH2630DS-CL,CUSH2630DS,Cabana Classic,URL_CHANGE,old=5 new=5 del_thumbs=1,OK
CUSH2630DS-RE,CUSH2630DS,Cabana Regatta,URL_CHANGE,old=5 new=5 del_thumbs=1,OK
CUSH2630DS-AR,CUSH2630DS,Canvas Aruba,URL_CHANGE,old=5 new=5 del_thumbs=1,OK
CUSH2630DS-CFN,CUSH2630DS,Canvas Fern,URL_CHANGE,old=5 new=5 del_thumbs=1,OK
CUSH2630DS-BK,CUSH2630DS,Canvas Black,URL_CHANGE,old=5 new=5 del_thumbs=1,OK
CUSH2630DS-CF,CUSH2630DS,Canvas Flax,URL_CHANGE,old=5 new=5 del_thumbs=1,OK
CUSH2630DS-HE,CUSH2630DS,Canvas Heather Beige,URL_CHANGE,old=5 new=5 del_thumbs=1,OK
CUSH2630DS-JR,CUSH2630DS,Canvas Jockey Red,URL_CHANGE,old=5 new=5 del_thumbs=1,OK
CUSH2630DS-CW,CUSH2630DS,Canvas White,URL_CHANGE,old=5 new=5 del_thumbs=1,OK
CUSH2630DS-CN,CUSH2630DS,Canvas Natural,URL_CHANGE,old=5 new=5 del_thumbs=1,OK
CUSH2630DS-CLC,CUSH2630DS,Cloud Out Cloud,URL_CHANGE,old=5 new=5 del_thumbs=1,OK
CUSH2630DS-SV,CUSH2630DS,Cast Silver,URL_CHANGE,old=5 new=5 del_thumbs=1,OK
CUSH2630DS-DL,CUSH2630DS,Dupione Latte,URL_CHANGE,old=5 new=5 del_thumbs=1,OK
CUSH2630DS-RC,CUSH2630DS,Refuge Coral,URL_CHANGE,old=5 new=5 del_thumbs=1,OK
CUSH2630DS-LDI,CUSH2630DS,Lido Indigo,URL_CHANGE,old=5 new=5 del_thumbs=1,OK
CUSH2630DS-RG,CUSH2630DS,Refuge Garden,URL_CHANGE,old=5 new=5 del_thumbs=1,OK
CUSH2630DS-EM,CUSH2630DS,Expressive Mist,URL_CHANGE,old=5 new=5 del_thumbs=1,OK
CUSH2630DS-RI,CUSH2630DS,Refuge Indigo,URL_CHANGE,old=5 new=5 del_thumbs=1,OK
CUSH2630DS-RO,CUSH2630DS,Refuge Ocean,URL_CHANGE,old=5 new=5 del_thumbs=1,OK
CUSH2630DS-SR,CUSH2630DS,Shore Classic,URL_CHANGE,old=5 new=5 del_thumbs=1,OK
CUSH2630DS-SI,CUSH2630DS,Spectrum Indigo,URL_CHANGE,old=5 new=5 del_thumbs=1,OK
CUSH2630DS-RHA,CUSH2630DS,Relate Harbor,URL_CHANGE,old=5 new=5 del_thumbs=1,OK
CUSH24C-1RC-EB,CUSH24C-1RC,Expressive Blush,URL_CHANGE,old=5 new=5 del_thumbs=5,OK
CUSH24C-1RC-CSS,CUSH24C-1RC,Canvas Seasalt,URL_CHANGE,old=5 new=5 del_thumbs=5,OK
CUSH24C-1RC-EM,CUSH24C-1RC,Expressive Mist,URL_CHANGE,old=5 new=5 del_thumbs=5,OK
CUSH24C-1RC-ES,CUSH24C-1RC,Expressive Sparrow,URL_CHANGE,old=5 new=5 del_thumbs=5,OK
CUSH24C-1RC-RI,CUSH24C-1RC,Refuge Indigo,URL_CHANGE,old=5 new=5 del_thumbs=5,OK
CUSH24C-1RC-RG,CUSH24C-1RC,Refuge Garden,URL_CHANGE,old=5 new=5 del_thumbs=5,OK
CUSH24C-1RC-RC,CUSH24C-1RC,Refuge Coral,URL_CHANGE,old=5 new=5 del_thumbs=5,OK
CUSH24C-1RC-SAA,CUSH24C-1RC,Sail Away Aloe,URL_CHANGE,old=5 new=5 del_thumbs=5,OK
CUSH24C-1RC-SAD,CUSH24C-1RC,Sail Away Denim,URL_CHANGE,old=5 new=5 del_thumbs=5,OK
CUSH24C-1RC-RO,CUSH24C-1RC,Refuge Ocean,URL_CHANGE,old=5 new=5 del_thumbs=5,OK
CUSH24C-1RC-SAJ,CUSH24C-1RC,Sail Away Java,URL_CHANGE,old=5 new=5 del_thumbs=5,OK
CUSH24C-1RC-SSG,CUSH24C-1RC,Solana Seagull,URL_CHANGE,old=5 new=5 del_thumbs=5,OK
CUSH24C-1RC-TSA,CUSH24C-1RC,Tranquil Sage,URL_CHANGE,old=5 new=5 del_thumbs=5,OK
CUSH24C-1RC-UC,CUSH24C-1RC,Unwind Cameo,URL_CHANGE,old=5 new=5 del_thumbs=5,OK
CUSH600MID-CB,CUSH600MID,Canvas Air Blue,URL_CHANGE,old=5 new=5 del_thumbs=5,OK
CUSH24C-1RC-UR,CUSH24C-1RC,Unwind Rainwashed,URL_CHANGE,old=5 new=5 del_thumbs=5,OK
CUSH24C-1RC-US,CUSH24C-1RC,Unwind Sky,URL_CHANGE,old=5 new=5 del_thumbs=5,OK
CUSH600MID-CA,CUSH600MID,Canvas Canvas,URL_CHANGE,old=5 new=5 del_thumbs=5,OK
CUSH24C-1RC-UD,CUSH24C-1RC,Unwind Driftwood,URL_CHANGE,old=5 new=5 del_thumbs=5,OK
CUSH600MID-CG,CUSH600MID,Canvas Granite,URL_CHANGE,old=5 new=5 del_thumbs=5,OK
CUSH600MID-HE,CUSH600MID,Canvas Heather Beige,URL_CHANGE,old=5 new=5 del_thumbs=5,OK
CUSH600MID-CV,CUSH600MID,Canvas Navy,URL_CHANGE,old=5 new=5 del_thumbs=5,OK
CUSH600MID-AB,CUSH600MID,Canvas Antique Beige,URL_CHANGE,old=5 new=5 del_thumbs=5,OK
CUSH600MID-CN,CUSH600MID,Canvas Natural,URL_CHANGE,old=5 new=5 del_thumbs=5,OK
CUSH600MID-CSS,CUSH600MID,Canvas Seasalt,URL_CHANGE,old=5 new=5 del_thumbs=5,OK
CUSH600MID-MBB,CUSH600MID,Mira Bluebell,URL_CHANGE,old=5 new=5 del_thumbs=5,OK
CUSH600MID-BR,CUSH600MID,Cast Breeze,URL_CHANGE,old=5 new=5 del_thumbs=5,OK
CUSH600MID-CS,CUSH600MID,Canvas Spa,URL_CHANGE,old=5 new=5 del_thumbs=5,OK
CUSH600MID-CT,CUSH600MID,Canvas Tangerine,URL_CHANGE,old=5 new=5 del_thumbs=5,OK
CUSH600MID-AS,CUSH600MID,Cast Ash,URL_CHANGE,old=5 new=5 del_thumbs=5,OK
CUSH600MID-SAS,CUSH600MID,Sail Away Sunflower,URL_CHANGE,old=5 new=5 del_thumbs=5,OK
CUSH600MID-MSS,CUSH600MID,Mira Sunshine,URL_CHANGE,old=5 new=5 del_thumbs=5,OK
CUSH600MID-OC,CUSH600MID,Cast Ocean,URL_CHANGE,old=5 new=5 del_thumbs=5,OK
CUSH600MID-CH,CUSH600MID,Cast Horizon,URL_CHANGE,old=5 new=5 del_thumbs=5,OK
CUSH600MID-SH,CUSH600MID,Cast Shale,URL_CHANGE,old=5 new=5 del_thumbs=5,OK
CUSH600MID-SSG,CUSH600MID,Solana Seagull,URL_CHANGE,old=5 new=5 del_thumbs=5,OK
CUSH600MID-SC,CUSH600MID,Spectrum Cilantro,URL_CHANGE,old=5 new=5 del_thumbs=5,OK
CUSH600MID-SD,CUSH600MID,Spectrum Dove,URL_CHANGE,old=5 new=5 del_thumbs=5,OK
CUSH600MID-CD,CUSH600MID,Spectrum Denim,URL_CHANGE,old=5 new=5 del_thumbs=5,OK
CUSH600MID-SM,CUSH600MID,Spectrum Mushroom,URL_CHANGE,old=5 new=5 del_thumbs=5,OK
CUSH600MID-TSA,CUSH600MID,Tranquil Sage,URL_CHANGE,old=5 new=5 del_thumbs=5,OK
CUSH600MID-SI,CUSH600MID,Spectrum Indigo,URL_CHANGE,old=5 new=5 del_thumbs=5,OK
CUSH600MID-UR,CUSH600MID,Unwind Rainwashed,URL_CHANGE,old=5 new=5 del_thumbs=5,OK
CUSH600MID-US,CUSH600MID,Unwind Sky,URL_CHANGE,old=5 new=5 del_thumbs=5,OK
CUSH2526DS-CL,CUSH2526DS,Cabana Classic,URL_CHANGE,old=5 new=5 del_thumbs=5,OK
CUSH2526DS-RE,CUSH2526DS,Cabana Regatta,URL_CHANGE,old=5 new=5 del_thumbs=5,OK
CUSH2526DS-SV,CUSH2526DS,Cast Silver,URL_CHANGE,old=5 new=5 del_thumbs=5,OK
CUSH2526DS-CW,CUSH2526DS,Canvas White,URL_CHANGE,old=5 new=5 del_thumbs=5,OK
CUSH2526DS-SI,CUSH2526DS,Spectrum Indigo,URL_CHANGE,old=5 new=5 del_thumbs=5,OK
CUSH2526DS-JR,CUSH2526DS,Canvas Jockey Red,URL_CHANGE,old=5 new=5 del_thumbs=5,OK
CUSH2526DS-AR,CUSH2526DS,Canvas Aruba,URL_CHANGE,old=5 new=5 del_thumbs=5,OK
CUSH2526DS-CF,CUSH2526DS,Canvas Flax,URL_CHANGE,old=5 new=5 del_thumbs=5,OK
CUSH2526DS-BK,CUSH2526DS,Canvas Black,URL_CHANGE,old=5 new=5 del_thumbs=5,OK
CUSH2526DS-CFN,CUSH2526DS,Canvas Fern,URL_CHANGE,old=5 new=5 del_thumbs=5,OK
CUSH261C-MSE,CUSH261C,Mira Seasalt,URL_CHANGE,old=5 new=5 del_thumbs=5,OK
CUSH271C-BD,CUSH271C,Bliss Dew,URL_CHANGE,old=5 new=5 del_thumbs=5,OK
CUSH271C-DD,CUSH271C,Direction Dew,URL_CHANGE,old=5 new=5 del_thumbs=5,OK
CUSH270C-BSI,CUSH270C,Textured Silver,URL_CHANGE,old=5 new=5 del_thumbs=5,OK
CUSH271C-CW,CUSH271C,Canvas White,URL_CHANGE,old=5 new=5 del_thumbs=5,OK
CUSH271C-LDI,CUSH271C,Lido Indigo,URL_CHANGE,old=5 new=5 del_thumbs=5,OK
CUSH271C-EM,CUSH271C,Expressive Mist,URL_CHANGE,old=5 new=5 del_thumbs=5,OK
CUSH271C-EB,CUSH271C,Expressive Blush,URL_CHANGE,old=5 new=5 del_thumbs=5,OK
CUSH271C-ES,CUSH271C,Expressive Sparrow,URL_CHANGE,old=5 new=5 del_thumbs=5,OK
CUSH271C-MCE,CUSH271C,Mira Celeste,URL_CHANGE,old=5 new=5 del_thumbs=5,OK
CUSH271C-MSE,CUSH271C,Mira Seasalt,URL_CHANGE,old=5 new=5 del_thumbs=5,OK
CUSH271C-PLC,CUSH271C,Play Camel,URL_CHANGE,old=5 new=5 del_thumbs=5,OK
CUSH271C-RC,CUSH271C,Refuge Coral,URL_CHANGE,old=5 new=5 del_thumbs=5,OK
CUSH271C-RI,CUSH271C,Refuge Indigo,URL_CHANGE,old=5 new=5 del_thumbs=5,OK
CUSH271C-RHA,CUSH271C,Relate Harbor,URL_CHANGE,old=5 new=5 del_thumbs=5,OK
CUSH271C-RG,CUSH271C,Refuge Garden,URL_CHANGE,old=5 new=5 del_thumbs=5,OK
CUSH271C-RO,CUSH271C,Refuge Ocean,URL_CHANGE,old=5 new=5 del_thumbs=5,OK
CUSH271C-CR,CUSH271C,Spectrum Cherry,URL_CHANGE,old=5 new=5 del_thumbs=5,OK
CUSH271C-BSI,CUSH271C,Textured Silver,URL_CHANGE,old=5 new=5 del_thumbs=5,OK
CUSH24C-1RC-CG,CUSH24C-1RC,Canvas Granite,URL_CHANGE,old=5 new=5 del_thumbs=5,OK
CUSH24C-1RC-CA,CUSH24C-1RC,Canvas Canvas,URL_CHANGE,old=5 new=5 del_thumbs=5,OK
CUSH24C-1RC-AS,CUSH24C-1RC,Cast Ash,URL_CHANGE,old=5 new=5 del_thumbs=5,OK
CUSH24C-1RC-CV,CUSH24C-1RC,Canvas Navy,URL_CHANGE,old=5 new=5 del_thumbs=5,OK
CUSH24C-1RC-CN,CUSH24C-1RC,Canvas Natural,URL_CHANGE,old=5 new=5 del_thumbs=5,OK
CUSH24C-1RC-LDI,CUSH24C-1RC,Lido Indigo,URL_CHANGE,old=5 new=5 del_thumbs=5,OK
CUSH24C-1RC-PCA,CUSH24C-1RC,Play Cameo,URL_CHANGE,old=5 new=5 del_thumbs=5,OK
CUSH24C-1RC-PLA,CUSH24C-1RC,Play Adobe,URL_CHANGE,old=5 new=5 del_thumbs=5,OK
CUSH24C-1RC-CD,CUSH24C-1RC,Spectrum Denim,URL_CHANGE,old=5 new=5 del_thumbs=5,OK
CUSH24C-1RC-SI,CUSH24C-1RC,Spectrum Indigo,URL_CHANGE,old=5 new=5 del_thumbs=5,OK
CUSH24C-1RC-SD,CUSH24C-1RC,Spectrum Dove,URL_CHANGE,old=5 new=5 del_thumbs=5,OK
CUSH4312C-CB,CUSH4312C,Canvas Air Blue,URL_CHANGE,old=5 new=5 del_thumbs=5,OK
CUSH600C-MSE,CUSH600C,Mira Seasalt,URL_CHANGE,old=5 new=5 del_thumbs=5,OK
CUSH600C-MCE,CUSH600C,Mira Celeste,URL_CHANGE,old=5 new=5 del_thumbs=5,OK
CUSH4312C-JR,CUSH4312C,Canvas Jockey Red,URL_CHANGE,old=5 new=5 del_thumbs=5,OK
CUSH4312C-CD,CUSH4312C,Spectrum Denim,URL_CHANGE,old=5 new=5 del_thumbs=5,OK
CUSH600MID-MCE,CUSH600MID,Mira Celeste,URL_CHANGE,old=5 new=5 del_thumbs=5,OK
CUSH600MID-MSE,CUSH600MID,Mira Seasalt,URL_CHANGE,old=5 new=5 del_thumbs=5,OK
CUSH271SCC-BD,CUSH271SCC,Bliss Dew,URL_CHANGE,old=5 new=5 del_thumbs=5,OK
CUSH271SCC-BK,CUSH271SCC,Canvas Black,URL_CHANGE,old=5 new=5 del_thumbs=5,OK
CUSH271SCC-CG,CUSH271SCC,Canvas Granite,URL_CHANGE,old=5 new=5 del_thumbs=5,OK
CUSH271SCC-HE,CUSH271SCC,Canvas Heather Beige,URL_CHANGE,old=5 new=5 del_thumbs=5,OK
CUSH271SCC-JR,CUSH271SCC,Canvas Jockey Red,URL_CHANGE,old=5 new=5 del_thumbs=5,OK
CUSH271SCC-CFN,CUSH271SCC,Canvas Fern,URL_CHANGE,old=5 new=5 del_thumbs=5,OK
CUSH271SCC-CN,CUSH271SCC,Canvas Natural,URL_CHANGE,old=5 new=5 del_thumbs=5,OK
CUSH271SCC-CV,CUSH271SCC,Canvas Navy,URL_CHANGE,old=5 new=5 del_thumbs=5,OK
CUSH271SCC-CS,CUSH271SCC,Canvas Spa,URL_CHANGE,old=5 new=5 del_thumbs=5,OK
CUSH271SCC-SH,CUSH271SCC,Cast Shale,URL_CHANGE,old=5 new=5 del_thumbs=5,OK
CUSH271SCC-OC,CUSH271SCC,Cast Ocean,URL_CHANGE,old=5 new=5 del_thumbs=5,OK
CUSH271SCC-AS,CUSH271SCC,Cast Ash,URL_CHANGE,old=5 new=5 del_thumbs=5,OK
CUSH271SCC-SV,CUSH271SCC,Cast Silver,URL_CHANGE,old=5 new=5 del_thumbs=5,OK
CUSH271SCC-CLC,CUSH271SCC,Cloud Out Cloud,URL_CHANGE,old=5 new=5 del_thumbs=5,OK
CUSH271SCC-RHA,CUSH271SCC,Relate Harbor,URL_CHANGE,old=5 new=5 del_thumbs=5,OK
CUSH271SCC-SR,CUSH271SCC,Shore Classic,URL_CHANGE,old=5 new=5 del_thumbs=5,OK
CUSH271SCC-SC,CUSH271SCC,Spectrum Cilantro,URL_CHANGE,old=5 new=5 del_thumbs=5,OK
CUSH271SCC-SM,CUSH271SCC,Spectrum Mushroom,URL_CHANGE,old=5 new=5 del_thumbs=5,OK
CUSH271SCC-CD,CUSH271SCC,Spectrum Denim,URL_CHANGE,old=5 new=5 del_thumbs=5,OK
CUSH271SCC-SI,CUSH271SCC,Spectrum Indigo,URL_CHANGE,old=5 new=5 del_thumbs=5,OK
CUSH271SCC-SD,CUSH271SCC,Spectrum Dove,URL_CHANGE,old=5 new=5 del_thumbs=5,OK
CUSH271SCC-PMU,CUSH271SCC,Play Mushroom,URL_CHANGE,old=5 new=5 del_thumbs=5,OK
CUSH271SCC-DD,CUSH271SCC,Direction Dew,URL_CHANGE,old=5 new=5 del_thumbs=5,OK
CUSH2424DS-CAL,CUSH2424DS,Calm Laurel,URL_CHANGE,old=5 new=5 del_thumbs=1,OK
CUSH2526DS-CAL,CUSH2526DS,Calm Laurel,URL_CHANGE,old=5 new=5 del_thumbs=1,OK
CUSH2630DS-CAL,CUSH2630DS,Calm Laurel,URL_CHANGE,old=5 new=5 del_thumbs=1,OK
CUSH24C-1RC-RSS,CUSH24C-1RC,Refuge Sunshine,URL_CHANGE,old=5 new=5 del_thumbs=5,OK
CUSH261C-RSS,CUSH261C,Refuge Sunshine,URL_CHANGE,old=5 new=5 del_thumbs=5,OK
CUSH271C-RSS,CUSH271C,Refuge Sunshine,URL_CHANGE,old=5 new=5 del_thumbs=5,OK
CUSH600C-RSS,CUSH600C,Refuge Sunshine,URL_CHANGE,old=5 new=5 del_thumbs=5,OK
CUSH600MID-RSS,CUSH600MID,Refuge Sunshine,URL_CHANGE,old=5 new=5 del_thumbs=5,OK
CUSH2375CL-CW,CUSH2375CL,Canvas White,URL_CHANGE,old=5 new=5 del_thumbs=1,OK
CUSHSACL2178-CSS,CUSHSACL2178,Canvas Seasalt,URL_CHANGE,old=5 new=5 del_thumbs=5,OK
CUSHSACL2178-EB,CUSHSACL2178,Expressive Blush,URL_CHANGE,old=5 new=5 del_thumbs=5,OK
CUSHSACL2178-EM,CUSHSACL2178,Expressive Mist,URL_CHANGE,old=5 new=5 del_thumbs=5,OK
CUSHSACL2178-ES,CUSHSACL2178,Expressive Sparrow,URL_CHANGE,old=5 new=5 del_thumbs=5,OK
CUSHSACL2178-SAD,CUSHSACL2178,Sail Away Denim,URL_CHANGE,old=5 new=5 del_thumbs=5,OK
CUSHSACL2178-SAA,CUSHSACL2178,Sail Away Aloe,URL_CHANGE,old=5 new=5 del_thumbs=5,OK
CUSHSACL2178-SAJ,CUSHSACL2178,Sail Away Java,URL_CHANGE,old=5 new=5 del_thumbs=5,OK
CUSHSACL2178-UC,CUSHSACL2178,Unwind Cameo,URL_CHANGE,old=5 new=5 del_thumbs=5,OK
CUSHSACL2178-UD,CUSHSACL2178,Unwind Driftwood,URL_CHANGE,old=5 new=5 del_thumbs=5,OK
CUSHSACL2178-UR,CUSHSACL2178,Unwind Rainwashed,URL_CHANGE,old=5 new=5 del_thumbs=5,OK
CUSHSACL22574-CSS,CUSHSACL22574,Canvas Seasalt,URL_CHANGE,old=5 new=5 del_thumbs=5,OK
CUSHSACL22574-EB,CUSHSACL22574,Expressive Blush,URL_CHANGE,old=5 new=5 del_thumbs=5,OK
CUSHSACL22574-ES,CUSHSACL22574,Expressive Sparrow,URL_CHANGE,old=5 new=5 del_thumbs=5,OK
CUSHSACL22574-SAJ,CUSHSACL22574,Sail Away Java,URL_CHANGE,old=5 new=5 del_thumbs=5,OK
CUSHSACL22574-SAA,CUSHSACL22574,Sail Away Aloe,URL_CHANGE,old=5 new=5 del_thumbs=5,OK
CUSHSACL22574-EM,CUSHSACL22574,Expressive Mist,URL_CHANGE,old=5 new=5 del_thumbs=5,OK
CUSHSACL22574-UC,CUSHSACL22574,Unwind Cameo,URL_CHANGE,old=5 new=5 del_thumbs=5,OK
CUSHSACL22574-SAD,CUSHSACL22574,Sail Away Denim,URL_CHANGE,old=5 new=5 del_thumbs=5,OK
CUSHSACL22574-UR,CUSHSACL22574,Unwind Rainwashed,URL_CHANGE,old=5 new=5 del_thumbs=5,OK
CUSHSACL2473-CSS,CUSHSACL2473,Canvas Seasalt,URL_CHANGE,old=5 new=5 del_thumbs=5,OK
CUSHSACL22574-UD,CUSHSACL22574,Unwind Driftwood,URL_CHANGE,old=5 new=5 del_thumbs=5,OK
CUSHSACL2473-EB,CUSHSACL2473,Expressive Blush,URL_CHANGE,old=5 new=5 del_thumbs=5,OK
CUSHSACL2473-EM,CUSHSACL2473,Expressive Mist,URL_CHANGE,old=5 new=5 del_thumbs=5,OK
CUSHSACL2473-ES,CUSHSACL2473,Expressive Sparrow,URL_CHANGE,old=5 new=5 del_thumbs=5,OK
CUSHSACL2473-UC,CUSHSACL2473,Unwind Cameo,URL_CHANGE,old=5 new=5 del_thumbs=5,OK
CUSHSACL2473-SAA,CUSHSACL2473,Sail Away Aloe,URL_CHANGE,old=5 new=5 del_thumbs=5,OK
CUSHSACL2473-SAJ,CUSHSACL2473,Sail Away Java,URL_CHANGE,old=5 new=5 del_thumbs=5,OK
CUSHSACL2473-SAD,CUSHSACL2473,Sail Away Denim,URL_CHANGE,old=5 new=5 del_thumbs=5,OK
CUSHSACL2473-UD,CUSHSACL2473,Unwind Driftwood,URL_CHANGE,old=5 new=5 del_thumbs=5,OK
CUSHSACL2473-UR,CUSHSACL2473,Unwind Rainwashed,URL_CHANGE,old=5 new=5 del_thumbs=5,OK
CUSHSACL2579-CSS,CUSHSACL2579,Canvas Seasalt,URL_CHANGE,old=5 new=5 del_thumbs=5,OK
CUSHSACL2579-EB,CUSHSACL2579,Expressive Blush,URL_CHANGE,old=5 new=5 del_thumbs=5,OK
CUSHSACL2579-EM,CUSHSACL2579,Expressive Mist,URL_CHANGE,old=5 new=5 del_thumbs=5,OK
CUSHSACL2579-ES,CUSHSACL2579,Expressive Sparrow,URL_CHANGE,old=5 new=5 del_thumbs=5,OK
CUSHSACL2579-SAA,CUSHSACL2579,Sail Away Aloe,URL_CHANGE,old=5 new=5 del_thumbs=5,OK
CUSHSACL2579-SAJ,CUSHSACL2579,Sail Away Java,URL_CHANGE,old=5 new=5 del_thumbs=5,OK
CUSHSACL2579-SAD,CUSHSACL2579,Sail Away Denim,URL_CHANGE,old=5 new=5 del_thumbs=5,OK
CUSHSACL2579-UC,CUSHSACL2579,Unwind Cameo,URL_CHANGE,old=5 new=5 del_thumbs=5,OK
CUSHSACL2579-UD,CUSHSACL2579,Unwind Driftwood,URL_CHANGE,old=5 new=5 del_thumbs=5,OK
CUSH415SACL-CB,CUSH415SACL,Canvas Air Blue,URL_CHANGE,old=5 new=5 del_thumbs=5,OK
CUSH415SACL-AB,CUSH415SACL,Canvas Antique Beige,URL_CHANGE,old=5 new=5 del_thumbs=5,OK
CUSH415SACL-CA,CUSH415SACL,Canvas Canvas,URL_CHANGE,old=5 new=5 del_thumbs=5,OK
CUSH415SACL-CG,CUSH415SACL,Canvas Granite,URL_CHANGE,old=5 new=5 del_thumbs=5,OK
CUSH415SACL-JR,CUSH415SACL,Canvas Jockey Red,URL_CHANGE,old=5 new=5 del_thumbs=5,OK
CUSHSACL2579-UR,CUSHSACL2579,Unwind Rainwashed,URL_CHANGE,old=5 new=5 del_thumbs=5,OK
CUSH415SACL-CV,CUSH415SACL,Canvas Navy,URL_CHANGE,old=5 new=5 del_thumbs=5,OK
CUSH415SACL-HE,CUSH415SACL,Canvas Heather Beige,URL_CHANGE,old=5 new=5 del_thumbs=5,OK
CUSH415SACL-CN,CUSH415SACL,Canvas Natural,URL_CHANGE,old=5 new=5 del_thumbs=5,OK
CUSH415SACL-OC,CUSH415SACL,Cast Ocean,URL_CHANGE,old=5 new=5 del_thumbs=5,OK
CUSH415SACL-CSS,CUSH415SACL,Canvas Seasalt,URL_CHANGE,old=5 new=5 del_thumbs=5,OK
CUSH415SACL-CT,CUSH415SACL,Canvas Tangerine,URL_CHANGE,old=5 new=5 del_thumbs=5,OK
CUSH415SACL-CS,CUSH415SACL,Canvas Spa,URL_CHANGE,old=5 new=5 del_thumbs=5,OK
CUSH415SACL-AS,CUSH415SACL,Cast Ash,URL_CHANGE,old=5 new=5 del_thumbs=5,OK
CUSH415SACL-BR,CUSH415SACL,Cast Breeze,URL_CHANGE,old=5 new=5 del_thumbs=5,OK
CUSH415SACL-CH,CUSH415SACL,Cast Horizon,URL_CHANGE,old=5 new=5 del_thumbs=5,OK
CUSH415SACL-MSS,CUSH415SACL,Mira Sunshine,URL_CHANGE,old=5 new=5 del_thumbs=5,OK
CUSH415SACL-SH,CUSH415SACL,Cast Shale,URL_CHANGE,old=5 new=5 del_thumbs=5,OK
CUSH415SACL-SAD,CUSH415SACL,Sail Away Denim,URL_CHANGE,old=5 new=5 del_thumbs=5,OK
CUSH415SACL-MBB,CUSH415SACL,Mira Bluebell,URL_CHANGE,old=5 new=5 del_thumbs=5,OK
CUSH415SACL-MCE,CUSH415SACL,Mira Celeste,URL_CHANGE,old=5 new=5 del_thumbs=5,OK
CUSH415SACL-SAS,CUSH415SACL,Sail Away Sunflower,URL_CHANGE,old=5 new=5 del_thumbs=5,OK
CUSH415SACL-SAJ,CUSH415SACL,Sail Away Java,URL_CHANGE,old=5 new=5 del_thumbs=5,OK
CUSH415SACL-SSG,CUSH415SACL,Solana Seagull,URL_CHANGE,old=5 new=5 del_thumbs=5,OK
CUSH415SACL-SC,CUSH415SACL,Spectrum Cilantro,URL_CHANGE,old=5 new=5 del_thumbs=5,OK
CUSH415SACL-MSE,CUSH415SACL,Mira Seasalt,URL_CHANGE,old=5 new=5 del_thumbs=5,OK
CUSH415SACL-CD,CUSH415SACL,Spectrum Denim,URL_CHANGE,old=5 new=5 del_thumbs=5,OK
CUSH415SACL-SM,CUSH415SACL,Spectrum Mushroom,URL_CHANGE,old=5 new=5 del_thumbs=5,OK
CUSH415SACL-SI,CUSH415SACL,Spectrum Indigo,URL_CHANGE,old=5 new=5 del_thumbs=5,OK
CUSH415SACL-SD,CUSH415SACL,Spectrum Dove,URL_CHANGE,old=5 new=5 del_thumbs=5,OK
CUSH415SACL-UR,CUSH415SACL,Unwind Rainwashed,URL_CHANGE,old=5 new=5 del_thumbs=5,OK
CUSH415SACL-US,CUSH415SACL,Unwind Sky,URL_CHANGE,old=5 new=5 del_thumbs=5,OK
CUSH415SACL-TSA,CUSH415SACL,Tranquil Sage,URL_CHANGE,old=5 new=5 del_thumbs=5,OK
CUSH415SACL-CTE,CUSH415SACL,Canvas Teak,URL_CHANGE,old=5 new=5 del_thumbs=5,OK
CUSHREPLCL-AB,CUSHREPLCL,Canvas Antique Beige,URL_CHANGE,old=5 new=5 del_thumbs=5,OK
CUSHREPLCL-CB,CUSHREPLCL,Canvas Air Blue,URL_CHANGE,old=5 new=5 del_thumbs=5,OK
CUSHREPLCL-CA,CUSHREPLCL,Canvas Canvas,URL_CHANGE,old=5 new=5 del_thumbs=5,OK
CUSHREPLCL-CG,CUSHREPLCL,Canvas Granite,URL_CHANGE,old=5 new=5 del_thumbs=5,OK
CUSHREPLCL-CN,CUSHREPLCL,Canvas Natural,URL_CHANGE,old=5 new=5 del_thumbs=5,OK
CUSHREPLCL-JR,CUSHREPLCL,Canvas Jockey Red,URL_CHANGE,old=5 new=5 del_thumbs=5,OK
CUSHREPLCL-CV,CUSHREPLCL,Canvas Navy,URL_CHANGE,old=5 new=5 del_thumbs=5,OK
CUSHREPLCL-CS,CUSHREPLCL,Canvas Spa,URL_CHANGE,old=5 new=5 del_thumbs=5,OK
CUSHREPLCL-CT,CUSHREPLCL,Canvas Tangerine,URL_CHANGE,old=5 new=5 del_thumbs=5,OK
CUSHREPLCL-BR,CUSHREPLCL,Cast Breeze,URL_CHANGE,old=5 new=5 del_thumbs=5,OK
CUSHREPLCL-CH,CUSHREPLCL,Cast Horizon,URL_CHANGE,old=5 new=5 del_thumbs=5,OK
CUSHREPLCL-OC,CUSHREPLCL,Cast Ocean,URL_CHANGE,old=5 new=5 del_thumbs=5,OK
CUSHREPLCL-SH,CUSHREPLCL,Cast Shale,URL_CHANGE,old=5 new=5 del_thumbs=5,OK
CUSHREPLCL-MBB,CUSHREPLCL,Mira Bluebell,URL_CHANGE,old=5 new=5 del_thumbs=5,OK
CUSHREPLCL-AS,CUSHREPLCL,Cast Ash,URL_CHANGE,old=5 new=5 del_thumbs=5,OK
CUSHREPLCL-MCE,CUSHREPLCL,Mira Celeste,URL_CHANGE,old=5 new=5 del_thumbs=5,OK
CUSHREPLCL-MSE,CUSHREPLCL,Mira Seasalt,URL_CHANGE,old=5 new=5 del_thumbs=5,OK
CUSHREPLCL-SAD,CUSHREPLCL,Sail Away Denim,URL_CHANGE,old=5 new=5 del_thumbs=5,OK
CUSHREPLCL-MSS,CUSHREPLCL,Mira Sunshine,URL_CHANGE,old=5 new=5 del_thumbs=5,OK
CUSHREPLCL-SSG,CUSHREPLCL,Solana Seagull,URL_CHANGE,old=5 new=5 del_thumbs=5,OK
CUSHREPLCL-SAJ,CUSHREPLCL,Sail Away Java,URL_CHANGE,old=5 new=5 del_thumbs=5,OK
CUSHREPLCL-SC,CUSHREPLCL,Spectrum Cilantro,URL_CHANGE,old=5 new=5 del_thumbs=5,OK
CUSHREPLCL-SD,CUSHREPLCL,Spectrum Dove,URL_CHANGE,old=5 new=5 del_thumbs=5,OK
CUSHREPLCL-CD,CUSHREPLCL,Spectrum Denim,URL_CHANGE,old=5 new=5 del_thumbs=5,OK
CUSHREPLCL-SM,CUSHREPLCL,Spectrum Mushroom,URL_CHANGE,old=5 new=5 del_thumbs=5,OK
CUSHREPLCL-TSA,CUSHREPLCL,Tranquil Sage,URL_CHANGE,old=5 new=5 del_thumbs=5,OK
CUSHREPLCL-SI,CUSHREPLCL,Spectrum Indigo,URL_CHANGE,old=5 new=5 del_thumbs=5,OK
CUSHREPLCL-US,CUSHREPLCL,Unwind Sky,URL_CHANGE,old=5 new=5 del_thumbs=5,OK
CUSHREPLCL-UR,CUSHREPLCL,Unwind Rainwashed,URL_CHANGE,old=5 new=5 del_thumbs=5,OK
CUSHREPLCL-CTE,CUSHREPLCL,Canvas Teak,URL_CHANGE,old=5 new=5 del_thumbs=5,OK
CUSHSACL2473-BA,CUSHSACL2473,Bliss Aloe,URL_CHANGE,old=5 new=5 del_thumbs=5,OK
CUSHSACL2178-BM,CUSHSACL2178,Bliss Smoke,URL_CHANGE,old=5 new=5 del_thumbs=5,OK
CUSHSACL2178-BL,CUSHSACL2178,Bliss Linen,URL_CHANGE,old=5 new=5 del_thumbs=5,OK
CUSHSACL2178-BD,CUSHSACL2178,Bliss Dew,URL_CHANGE,old=5 new=5 del_thumbs=5,OK
CUSHSACL2178-PLC,CUSHSACL2178,Play Camel,URL_CHANGE,old=5 new=5 del_thumbs=5,OK
CUSHSACL2178-BB,CUSHSACL2178,Bliss Breeze,URL_CHANGE,old=5 new=5 del_thumbs=5,OK
CUSHSACL2178-PLA,CUSHSACL2178,Play Adobe,URL_CHANGE,old=5 new=5 del_thumbs=5,OK
CUSHSACL22574-BA,CUSHSACL22574,Bliss Aloe,URL_CHANGE,old=5 new=5 del_thumbs=5,OK
CUSHSACL2178-PCA,CUSHSACL2178,Play Cameo,URL_CHANGE,old=5 new=5 del_thumbs=5,OK
CUSHSACL22574-BB,CUSHSACL22574,Bliss Breeze,URL_CHANGE,old=5 new=5 del_thumbs=5,OK
CUSHSACL22574-BM,CUSHSACL22574,Bliss Smoke,URL_CHANGE,old=5 new=5 del_thumbs=5,OK
CUSHSACL22574-BD,CUSHSACL22574,Bliss Dew,URL_CHANGE,old=5 new=5 del_thumbs=5,OK
CUSHSACL22574-BL,CUSHSACL22574,Bliss Linen,URL_CHANGE,old=5 new=5 del_thumbs=5,OK
CUSHSACL22574-PLA,CUSHSACL22574,Play Adobe,URL_CHANGE,old=5 new=5 del_thumbs=5,OK
CUSHSACL22574-PLC,CUSHSACL22574,Play Camel,URL_CHANGE,old=5 new=5 del_thumbs=5,OK
CUSHSACL2473-BL,CUSHSACL2473,Bliss Linen,URL_CHANGE,old=5 new=5 del_thumbs=5,OK
CUSHSACL22574-PCA,CUSHSACL22574,Play Cameo,URL_CHANGE,old=5 new=5 del_thumbs=5,OK
CUSHSACL2473-BB,CUSHSACL2473,Bliss Breeze,URL_CHANGE,old=5 new=5 del_thumbs=5,OK
CUSHSACL2473-PLA,CUSHSACL2473,Play Adobe,URL_CHANGE,old=5 new=5 del_thumbs=5,OK
CUSHSACL2473-BD,CUSHSACL2473,Bliss Dew,URL_CHANGE,old=5 new=5 del_thumbs=5,OK
CUSHSACL2473-PLC,CUSHSACL2473,Play Camel,URL_CHANGE,old=5 new=5 del_thumbs=5,OK
CUSHSACL2579-BB,CUSHSACL2579,Bliss Breeze,URL_CHANGE,old=5 new=5 del_thumbs=5,OK
CUSHSACL2579-BD,CUSHSACL2579,Bliss Dew,URL_CHANGE,old=5 new=5 del_thumbs=5,OK
CUSHSACL2579-BL,CUSHSACL2579,Bliss Linen,URL_CHANGE,old=5 new=5 del_thumbs=5,OK
CUSHSACL2579-BM,CUSHSACL2579,Bliss Smoke,URL_CHANGE,old=5 new=5 del_thumbs=5,OK
CUSHSACL2579-BA,CUSHSACL2579,Bliss Aloe,URL_CHANGE,old=5 new=5 del_thumbs=5,OK
CUSHSACL2579-PLA,CUSHSACL2579,Play Adobe,URL_CHANGE,old=5 new=5 del_thumbs=5,OK
CUSHSACL2579-PLC,CUSHSACL2579,Play Camel,URL_CHANGE,old=5 new=5 del_thumbs=5,OK
CUSHSACL2579-PLS,CUSHSACL2579,Play Sage,URL_CHANGE,old=5 new=5 del_thumbs=5,OK
CUSHSACL2579-PCA,CUSHSACL2579,Play Cameo,URL_CHANGE,old=5 new=5 del_thumbs=5,OK
CUSHSACL2178-BA,CUSHSACL2178,Bliss Aloe,URL_CHANGE,old=5 new=5 del_thumbs=5,OK
CUSHSACL2473-BM,CUSHSACL2473,Bliss Smoke,URL_CHANGE,old=5 new=5 del_thumbs=5,OK
CUSHSACL2473-PCA,CUSHSACL2473,Play Cameo,URL_CHANGE,old=5 new=5 del_thumbs=5,OK
CUSH415SACL-RSS,CUSH415SACL,Refuge Sunshine,URL_CHANGE,old=5 new=5 del_thumbs=5,OK
CUSHREPLCL-RSS,CUSHREPLCL,Refuge Sunshine,URL_CHANGE,old=5 new=5 del_thumbs=5,OK
CUSH1616DC-HE,CUSH1616DC,Canvas Heather Beige,URL_CHANGE,old=5 new=5 del_thumbs=1,OK
CUSH1616DC-CN,CUSH1616DC,Canvas Natural,URL_CHANGE,old=5 new=5 del_thumbs=1,OK
CUSH1616DC-CLC,CUSH1616DC,Cloud Out Cloud,URL_CHANGE,old=5 new=5 del_thumbs=1,OK
CUSH1616DC-EM,CUSH1616DC,Expressive Mist,URL_CHANGE,old=5 new=5 del_thumbs=1,OK
CUSH1616DC-DL,CUSH1616DC,Dupione Latte,URL_CHANGE,old=5 new=5 del_thumbs=1,OK
CUSH1616DC-RC,CUSH1616DC,Refuge Coral,URL_CHANGE,old=5 new=5 del_thumbs=1,OK
CUSH1616DC-LDI,CUSH1616DC,Lido Indigo,URL_CHANGE,old=5 new=5 del_thumbs=1,OK
CUSH1616DC-RG,CUSH1616DC,Refuge Garden,URL_CHANGE,old=5 new=5 del_thumbs=1,OK
CUSH1616DC-RI,CUSH1616DC,Refuge Indigo,URL_CHANGE,old=5 new=5 del_thumbs=1,OK
CUSH1616DC-RHA,CUSH1616DC,Relate Harbor,URL_CHANGE,old=5 new=5 del_thumbs=1,OK
CUSH1616DC-SR,CUSH1616DC,Shore Classic,URL_CHANGE,old=5 new=5 del_thumbs=1,OK
CUSH1616DC-RO,CUSH1616DC,Refuge Ocean,URL_CHANGE,old=5 new=5 del_thumbs=1,OK
CUSH2119DC-CN,CUSH2119DC,Canvas Natural,URL_CHANGE,old=5 new=5 del_thumbs=2,OK
CUSH2119DC-CAC,CUSH2119DC,Cloud Out Cloud,URL_CHANGE,old=5 new=5 del_thumbs=1,OK
CUSH415DC-CSS,CUSH415DC,Canvas Seasalt,URL_CHANGE,old=5 new=5 del_thumbs=5,OK
CUSH415DC-MBB,CUSH415DC,Mira Bluebell,URL_CHANGE,old=5 new=5 del_thumbs=5,OK
CUSH415DC-MSS,CUSH415DC,Mira Sunshine,URL_CHANGE,old=5 new=5 del_thumbs=5,OK
CUSH415DC-TSA,CUSH415DC,Tranquil Sage,URL_CHANGE,old=5 new=5 del_thumbs=5,OK
CUSH415DC-UR,CUSH415DC,Unwind Rainwashed,URL_CHANGE,old=5 new=5 del_thumbs=5,OK
CUSH415DC-US,CUSH415DC,Unwind Sky,URL_CHANGE,old=5 new=5 del_thumbs=5,OK
CUSH415DC-SAS,CUSH415DC,Sail Away Sunflower,URL_CHANGE,old=5 new=5 del_thumbs=5,OK
CUSH415DC-CN,CUSH415DC,Canvas Natural,URL_CHANGE,old=5 new=5 del_thumbs=1,OK
CUSH416DCS-CG,CUSH416DCS,Canvas Granite,URL_CHANGE,old=5 new=5 del_thumbs=1,OK
CUSH416DCS-CN,CUSH416DCS,Canvas Natural,URL_CHANGE,old=5 new=5 del_thumbs=1,OK
CUSH416DCS-AS,CUSH416DCS,Cast Ash,URL_CHANGE,old=5 new=5 del_thumbs=1,OK
CUSH416DCS-SD,CUSH416DCS,Spectrum Dove,URL_CHANGE,old=5 new=5 del_thumbs=1,OK
CUSH415DC-SSG,CUSH415DC,Solana Seagull,URL_CHANGE,old=5 new=5 del_thumbs=5,OK
CUSH1616DC-CL,CUSH1616DC,Cabana Classic,URL_CHANGE,old=5 new=5 del_thumbs=5,OK
CUSH1616DC-RE,CUSH1616DC,Cabana Regatta,URL_CHANGE,old=5 new=5 del_thumbs=5,OK
1616DC-AR,CUSH1616DC,Canvas Aruba,URL_CHANGE,old=5 new=5 del_thumbs=5,OK
1616DC-BK,CUSH1616DC,Canvas Black,URL_CHANGE,old=5 new=5 del_thumbs=5,OK
1616DC-CFN,CUSH1616DC,Canvas Fern,URL_CHANGE,old=5 new=5 del_thumbs=5,OK
1616DC-CF,CUSH1616DC,Canvas Flax,URL_CHANGE,old=5 new=5 del_thumbs=5,OK
1616DC-SI,CUSH1616DC,Spectrum Indigo,URL_CHANGE,old=5 new=5 del_thumbs=5,OK
1616DC-SV,CUSH1616DC,Cast Silver,URL_CHANGE,old=5 new=5 del_thumbs=5,OK
1616DC-JR,CUSH1616DC,Canvas Jockey Red,URL_CHANGE,old=5 new=5 del_thumbs=5,OK
CUSH1919DC-RC,CUSH1919DC,Refuge Coral,URL_CHANGE,old=5 new=5 del_thumbs=5,OK
1616DC-CW,CUSH1616DC,Canvas White,URL_CHANGE,old=5 new=5 del_thumbs=5,OK
CUSH1919DC-RG,CUSH1919DC,Refuge Garden,URL_CHANGE,old=5 new=5 del_thumbs=5,OK
CUSH1919DC-RI,CUSH1919DC,Refuge Indigo,URL_CHANGE,old=5 new=5 del_thumbs=5,OK
CUSH20202DC-NOWELT-BB,CUSH20202DC-NOWELT,Bliss Breeze,URL_CHANGE,old=5 new=5 del_thumbs=5,OK
CUSH20202DC-NOWELT-BL,CUSH20202DC-NOWELT,Bliss Linen,URL_CHANGE,old=5 new=5 del_thumbs=5,OK
CUSH1919DC-RO,CUSH1919DC,Refuge Ocean,URL_CHANGE,old=5 new=5 del_thumbs=5,OK
CUSH20202DC-NOWELT-BA,CUSH20202DC-NOWELT,Bliss Aloe,URL_CHANGE,old=5 new=5 del_thumbs=5,OK
CUSH20202DC-NOWELT-BM,CUSH20202DC-NOWELT,Bliss Smoke,URL_CHANGE,old=5 new=5 del_thumbs=5,OK
CUSH20202DC-NOWELT-BD,CUSH20202DC-NOWELT,Bliss Dew,URL_CHANGE,old=5 new=5 del_thumbs=5,OK
CUSH20202DC-NOWELT-CN,CUSH20202DC-NOWELT,Canvas Natural,URL_CHANGE,old=5 new=5 del_thumbs=5,OK
CUSH20202DC-NOWELT-CV,CUSH20202DC-NOWELT,Canvas Navy,URL_CHANGE,old=5 new=5 del_thumbs=5,OK
CUSH20202DC-NOWELT-CG,CUSH20202DC-NOWELT,Canvas Granite,URL_CHANGE,old=5 new=5 del_thumbs=5,OK
CUSH20202DC-NOWELT-AS,CUSH20202DC-NOWELT,Cast Ash,URL_CHANGE,old=5 new=5 del_thumbs=5,OK
CUSH20202DC-NOWELT-CD,CUSH20202DC-NOWELT,Spectrum Denim,URL_CHANGE,old=5 new=5 del_thumbs=5,OK
CUSH20202DC-NOWELT-SI,CUSH20202DC-NOWELT,Spectrum Indigo,URL_CHANGE,old=5 new=5 del_thumbs=5,OK
CUSH20202DC-NOWELT-SD,CUSH20202DC-NOWELT,Spectrum Dove,URL_CHANGE,old=5 new=5 del_thumbs=5,OK
CUSH415DC-MCE,CUSH415DC,Mira Celeste,URL_CHANGE,old=5 new=5 del_thumbs=5,OK
CUSH415DC-MSE,CUSH415DC,Mira Seasalt,URL_CHANGE,old=5 new=5 del_thumbs=5,OK
CUSH1616DC-CAL,CUSH1616DC,Calm Laurel,URL_CHANGE,old=5 new=5 del_thumbs=1,OK
CUSH415DC-RSS,CUSH415DC,Refuge Sunshine,URL_CHANGE,old=5 new=5 del_thumbs=5,OK
CUSH3450LS-CS,CUSH3450LS,Canvas Spa,URL_CHANGE,old=5 new=5 del_thumbs=5,OK
CUSH3450LS-JR,CUSH3450LS,Canvas Jockey Red,URL_CHANGE,old=5 new=5 del_thumbs=5,OK
CUSH3450LS-HE,CUSH3450LS,Canvas Heather Beige,URL_CHANGE,old=5 new=5 del_thumbs=5,OK
CUSH3450LS-CN,CUSH3450LS,Canvas Natural,URL_CHANGE,old=5 new=5 del_thumbs=5,OK
CUSH3450LS-CT,CUSH3450LS,Canvas Tangerine,URL_CHANGE,old=5 new=5 del_thumbs=5,OK
CUSH3450LS-CB,CUSH3450LS,Canvas Air Blue,URL_CHANGE,old=5 new=5 del_thumbs=5,OK
CUSH3450LS-CV,CUSH3450LS,Canvas Navy,URL_CHANGE,old=5 new=5 del_thumbs=5,OK
CUSH3450LS-CG,CUSH3450LS,Canvas Granite,URL_CHANGE,old=5 new=5 del_thumbs=5,OK
CUSH3450LS-CA,CUSH3450LS,Canvas Canvas,URL_CHANGE,old=5 new=5 del_thumbs=5,OK
CUSH3450LS-AB,CUSH3450LS,Canvas Antique Beige,URL_CHANGE,old=5 new=5 del_thumbs=5,OK
CUSH3450LS-AS,CUSH3450LS,Cast Ash,URL_CHANGE,old=5 new=5 del_thumbs=5,OK
CUSH3450LS-BR,CUSH3450LS,Cast Breeze,URL_CHANGE,old=5 new=5 del_thumbs=5,OK
CUSH3450LS-CH,CUSH3450LS,Cast Horizon,URL_CHANGE,old=5 new=5 del_thumbs=5,OK
CUSH3450LS-OC,CUSH3450LS,Cast Ocean,URL_CHANGE,old=5 new=5 del_thumbs=5,OK
CUSH3450LS-SH,CUSH3450LS,Cast Shale,URL_CHANGE,old=5 new=5 del_thumbs=5,OK
CUSH3450LS-CD,CUSH3450LS,Spectrum Denim,URL_CHANGE,old=5 new=5 del_thumbs=5,OK
CUSH3450LS-SD,CUSH3450LS,Spectrum Dove,URL_CHANGE,old=5 new=5 del_thumbs=5,OK
CUSH3450LS-SC,CUSH3450LS,Spectrum Cilantro,URL_CHANGE,old=5 new=5 del_thumbs=5,OK
CUSH3450LS-SM,CUSH3450LS,Spectrum Mushroom,URL_CHANGE,old=5 new=5 del_thumbs=5,OK
CUSH3450LS-SI,CUSH3450LS,Spectrum Indigo,URL_CHANGE,old=5 new=5 del_thumbs=5,OK
CUSH416DLS-CB,CUSH416DLS,Canvas Air Blue,URL_CHANGE,old=5 new=5 del_thumbs=5,OK
CUSH416DLS-AB,CUSH416DLS,Canvas Antique Beige,URL_CHANGE,old=5 new=5 del_thumbs=5,OK
CUSH416DLS-CA,CUSH416DLS,Canvas Canvas,URL_CHANGE,old=5 new=5 del_thumbs=5,OK
CUSH416DLS-CG,CUSH416DLS,Canvas Granite,URL_CHANGE,old=5 new=5 del_thumbs=5,OK
CUSH416DLS-HE,CUSH416DLS,Canvas Heather Beige,URL_CHANGE,old=5 new=5 del_thumbs=5,OK
CUSH416DLS-CV,CUSH416DLS,Canvas Navy,URL_CHANGE,old=5 new=5 del_thumbs=5,OK
CUSH416DLS-JR,CUSH416DLS,Canvas Jockey Red,URL_CHANGE,old=5 new=5 del_thumbs=5,OK
CUSH416DLS-CS,CUSH416DLS,Canvas Spa,URL_CHANGE,old=5 new=5 del_thumbs=5,OK
CUSH416DLS-CT,CUSH416DLS,Canvas Tangerine,URL_CHANGE,old=5 new=5 del_thumbs=5,OK
CUSH416DLS-AS,CUSH416DLS,Cast Ash,URL_CHANGE,old=5 new=5 del_thumbs=5,OK
CUSH416DLS-CN,CUSH416DLS,Canvas Natural,URL_CHANGE,old=5 new=5 del_thumbs=5,OK
CUSH416DLS-BR,CUSH416DLS,Cast Breeze,URL_CHANGE,old=5 new=5 del_thumbs=5,OK
CUSH416DLS-SH,CUSH416DLS,Cast Shale,URL_CHANGE,old=5 new=5 del_thumbs=5,OK
CUSH416DLS-OC,CUSH416DLS,Cast Ocean,URL_CHANGE,old=5 new=5 del_thumbs=5,OK
CUSH416DLS-SC,CUSH416DLS,Spectrum Cilantro,URL_CHANGE,old=5 new=5 del_thumbs=5,OK
CUSH416DLS-CH,CUSH416DLS,Cast Horizon,URL_CHANGE,old=5 new=5 del_thumbs=5,OK
CUSH416DLS-CD,CUSH416DLS,Spectrum Denim,URL_CHANGE,old=5 new=5 del_thumbs=5,OK
CUSH416DLS-SD,CUSH416DLS,Spectrum Dove,URL_CHANGE,old=5 new=5 del_thumbs=5,OK
CUSH416DLS-SI,CUSH416DLS,Spectrum Indigo,URL_CHANGE,old=5 new=5 del_thumbs=5,OK
CUSH416DLS-SM,CUSH416DLS,Spectrum Mushroom,URL_CHANGE,old=5 new=5 del_thumbs=5,OK
CUSH270D-CH,CUSH270DBC,Cast Horizon,URL_CHANGE,old=5 new=5 del_thumbs=5,OK
CUSH270D-CD,CUSH270DBC,Spectrum Denim,URL_CHANGE,old=5 new=5 del_thumbs=5,OK
CUSH415DLS-CB,CUSH415DLS,Canvas Air Blue,URL_CHANGE,old=5 new=5 del_thumbs=5,OK
CUSH415DLS-AB,CUSH415DLS,Canvas Antique Beige,URL_CHANGE,old=5 new=5 del_thumbs=5,OK
CUSH415DLS-CA,CUSH415DLS,Canvas Canvas,URL_CHANGE,old=5 new=5 del_thumbs=5,OK
CUSH415DLS-CG,CUSH415DLS,Canvas Granite,URL_CHANGE,old=5 new=5 del_thumbs=5,OK
CUSH415DLS-HE,CUSH415DLS,Canvas Heather Beige,URL_CHANGE,old=5 new=5 del_thumbs=5,OK
CUSH415DLS-JR,CUSH415DLS,Canvas Jockey Red,URL_CHANGE,old=5 new=5 del_thumbs=5,OK
CUSH415DLS-CN,CUSH415DLS,Canvas Natural,URL_CHANGE,old=5 new=5 del_thumbs=5,OK
CUSH415DLS-CS,CUSH415DLS,Canvas Spa,URL_CHANGE,old=5 new=5 del_thumbs=5,OK
CUSH415DLS-CT,CUSH415DLS,Canvas Tangerine,URL_CHANGE,old=5 new=5 del_thumbs=5,OK
CUSH415DLS-AS,CUSH415DLS,Cast Ash,URL_CHANGE,old=5 new=5 del_thumbs=5,OK
CUSH415DLS-CD,CUSH415DLS,Spectrum Denim,URL_CHANGE,old=5 new=5 del_thumbs=5,OK
CUSH415DLS-SH,CUSH415DLS,Cast Shale,URL_CHANGE,old=5 new=5 del_thumbs=5,OK
CUSH3450LS-BB,CUSH3450LS,Bliss Breeze,URL_CHANGE,old=5 new=5 del_thumbs=5,OK
CUSH3450LS-BD,CUSH3450LS,Bliss Dew,URL_CHANGE,old=5 new=5 del_thumbs=5,OK
CUSH415DLS-BR,CUSH415DLS,Cast Breeze,URL_CHANGE,old=5 new=5 del_thumbs=5,OK
CUSH415DLS-CH,CUSH415DLS,Cast Horizon,URL_CHANGE,old=5 new=5 del_thumbs=5,OK
CUSH415DLS-SC,CUSH415DLS,Spectrum Cilantro,URL_CHANGE,old=5 new=5 del_thumbs=5,OK
CUSH415DLS-OC,CUSH415DLS,Cast Ocean,URL_CHANGE,old=5 new=5 del_thumbs=5,OK
CUSH415DLS-SI,CUSH415DLS,Spectrum Indigo,URL_CHANGE,old=5 new=5 del_thumbs=5,OK
CUSH415DLS-SD,CUSH415DLS,Spectrum Dove,URL_CHANGE,old=5 new=5 del_thumbs=5,OK
CUSH415DLS-SM,CUSH415DLS,Spectrum Mushroom,URL_CHANGE,old=5 new=5 del_thumbs=5,OK
CUSH3450LS-BA,CUSH3450LS,Bliss Aloe,URL_CHANGE,old=5 new=5 del_thumbs=5,OK
CUSH3450LS-BL,CUSH3450LS,Bliss Linen,URL_CHANGE,old=5 new=5 del_thumbs=5,OK
CUSH3450LS-BM,CUSH3450LS,Bliss Smoke,URL_CHANGE,old=5 new=5 del_thumbs=5,OK
CUSH600LS-CG,CUSH600LS,Canvas Granite,URL_CHANGE,old=5 new=5 del_thumbs=1,OK
CUSH600LS-CSS,CUSH600LS,Canvas Seasalt,URL_CHANGE,old=5 new=5 del_thumbs=5,OK
CUSH600LS-MBB,CUSH600LS,Mira Bluebell,URL_CHANGE,old=5 new=5 del_thumbs=5,OK
CUSH600LS-MSS,CUSH600LS,Mira Sunshine,URL_CHANGE,old=5 new=5 del_thumbs=5,OK
CUSH600LS-SAS,CUSH600LS,Sail Away Sunflower,URL_CHANGE,old=5 new=5 del_thumbs=5,OK
CUSH600LS-SSG,CUSH600LS,Solana Seagull,URL_CHANGE,old=5 new=5 del_thumbs=5,OK
CUSH600LS-SI,CUSH600LS,Spectrum Indigo,URL_CHANGE,old=5 new=5 del_thumbs=1,OK
CUSH600LS-TSA,CUSH600LS,Tranquil Sage,URL_CHANGE,old=5 new=5 del_thumbs=5,OK
CUSH600LS-UR,CUSH600LS,Unwind Rainwashed,URL_CHANGE,old=5 new=5 del_thumbs=5,OK
CUSH600LS-US,CUSH600LS,Unwind Sky,URL_CHANGE,old=5 new=5 del_thumbs=5,OK
CUSH271LS-BD,CUSH271LS,Bliss Dew,URL_CHANGE,old=5 new=5 del_thumbs=5,OK
CUSH271LS-BA,CUSH271LS,Bliss Aloe,URL_CHANGE,old=5 new=5 del_thumbs=5,OK
CUSH271LS-BB,CUSH271LS,Bliss Breeze,URL_CHANGE,old=5 new=5 del_thumbs=5,OK
CUSH271LS-BL,CUSH271LS,Bliss Linen,URL_CHANGE,old=5 new=5 del_thumbs=5,OK
CUSH271LS-BM,CUSH271LS,Bliss Smoke,URL_CHANGE,old=5 new=5 del_thumbs=5,OK
CUSH24LS-1RC-BD,CUSH24LS-1RC,Bliss Dew,URL_CHANGE,old=5 new=5 del_thumbs=5,OK
CUSH24LS-1RC-BL,CUSH24LS-1RC,Bliss Linen,URL_CHANGE,old=5 new=5 del_thumbs=5,OK
CUSH24LS-1RC-BB,CUSH24LS-1RC,Bliss Breeze,URL_CHANGE,old=5 new=5 del_thumbs=5,OK
CUSH24LS-1RC-BM,CUSH24LS-1RC,Bliss Smoke,URL_CHANGE,old=5 new=5 del_thumbs=5,OK
CUSH24LS-1RC-BA,CUSH24LS-1RC,Bliss Aloe,URL_CHANGE,old=5 new=5 del_thumbs=5,OK
CUSH24LS-1RC-PLC,CUSH24LS-1RC,Play Camel,URL_CHANGE,old=5 new=5 del_thumbs=5,OK
CUSH24LS-1RC-CG,CUSH24LS-1RC,Canvas Granite,URL_CHANGE,old=5 new=5 del_thumbs=5,OK
CUSH24LS-1RC-CV,CUSH24LS-1RC,Canvas Navy,URL_CHANGE,old=5 new=5 del_thumbs=5,OK
CUSH24LS-1RC-CN,CUSH24LS-1RC,Canvas Natural,URL_CHANGE,old=5 new=5 del_thumbs=5,OK
CUSH271LS-CN,CUSH271LS,Canvas Natural,URL_CHANGE,old=5 new=5 del_thumbs=5,OK
CUSH24LS-1RC-AS,CUSH24LS-1RC,Cast Ash,URL_CHANGE,old=5 new=5 del_thumbs=5,OK
CUSH24LS-1RC-SD,CUSH24LS-1RC,Spectrum Dove,URL_CHANGE,old=5 new=5 del_thumbs=5,OK
CUSH271LS-CV,CUSH271LS,Canvas Navy,URL_CHANGE,old=5 new=5 del_thumbs=5,OK
CUSH271LS-CG,CUSH271LS,Canvas Granite,URL_CHANGE,old=5 new=5 del_thumbs=5,OK
CUSH271LS-SD,CUSH271LS,Spectrum Dove,URL_CHANGE,old=5 new=5 del_thumbs=5,OK
CUSH24LS-1RC-SI,CUSH24LS-1RC,Spectrum Indigo,URL_CHANGE,old=5 new=5 del_thumbs=5,OK
CUSH271LS-AS,CUSH271LS,Cast Ash,URL_CHANGE,old=5 new=5 del_thumbs=5,OK
CUSH271LS-PLC,CUSH271LS,Play Camel,URL_CHANGE,old=5 new=5 del_thumbs=5,OK
CUSH24LS-1RC-CD,CUSH24LS-1RC,Spectrum Denim,URL_CHANGE,old=5 new=5 del_thumbs=5,OK
CUSH271LS-CD,CUSH271LS,Spectrum Denim,URL_CHANGE,old=5 new=5 del_thumbs=5,OK
CUSH600LS-MCE,CUSH600LS,Mira Celeste,URL_CHANGE,old=5 new=5 del_thumbs=5,OK
CUSH600LS-MSE,CUSH600LS,Mira Seasalt,URL_CHANGE,old=5 new=5 del_thumbs=5,OK
CUSH271LS-SI,CUSH271LS,Spectrum Indigo,URL_CHANGE,old=5 new=5 del_thumbs=5,OK
CUSH600LS-RSS,CUSH600LS,Refuge Sunshine,URL_CHANGE,old=5 new=5 del_thumbs=5,OK
CUSH270O-SD,CUSH270O,Spectrum Dove,URL_CHANGE,old=5 new=5 del_thumbs=1,OK
CUSH270O-SI,CUSH270O,Spectrum Indigo,URL_CHANGE,old=5 new=5 del_thumbs=1,OK
CUSH2424O-RI,CUSH2424O,Refuge Indigo,URL_CHANGE,old=5 new=5 del_thumbs=4,OK
CUSH600O-CV,CUSH600O,Canvas Navy,URL_CHANGE,old=5 new=5 del_thumbs=1,OK
CUSH600O-AS,CUSH600O,Cast Ash,URL_CHANGE,old=5 new=5 del_thumbs=1,OK
CUSH600O-CT,CUSH600O,Canvas Tangerine,URL_CHANGE,old=5 new=5 del_thumbs=1,OK
CUSH271OR-CV,CUSH271OR,Canvas Navy,URL_CHANGE,old=5 new=5 del_thumbs=2,OK
CUSH271OR-CD,CUSH271OR,Spectrum Denim,URL_CHANGE,old=5 new=5 del_thumbs=2,OK
CUSH271O-BL,CUSH271O,Bliss Linen,URL_CHANGE,old=5 new=5 del_thumbs=5,OK
CUSH271O-BM,CUSH271O,Bliss Smoke,URL_CHANGE,old=5 new=5 del_thumbs=5,OK
CUSH271O-BB,CUSH271O,Bliss Breeze,URL_CHANGE,old=5 new=5 del_thumbs=5,OK
CUSH271O-BD,CUSH271O,Bliss Dew,URL_CHANGE,old=5 new=5 del_thumbs=5,OK
CUSH271O-CG,CUSH271O,Canvas Granite,URL_CHANGE,old=5 new=5 del_thumbs=5,OK
CUSH271O-BA,CUSH271O,Bliss Aloe,URL_CHANGE,old=5 new=5 del_thumbs=5,OK
CUSH271O-CV,CUSH271O,Canvas Navy,URL_CHANGE,old=5 new=5 del_thumbs=5,OK
CUSH271O-AS,CUSH271O,Cast Ash,URL_CHANGE,old=5 new=5 del_thumbs=5,OK
CUSH271O-CN,CUSH271O,Canvas Natural,URL_CHANGE,old=5 new=5 del_thumbs=5,OK
CUSH271O-SD,CUSH271O,Spectrum Dove,URL_CHANGE,old=5 new=5 del_thumbs=5,OK
CUSH271O-CD,CUSH271O,Spectrum Denim,URL_CHANGE,old=5 new=5 del_thumbs=5,OK
CUSH271O-SI,CUSH271O,Spectrum Indigo,URL_CHANGE,old=5 new=5 del_thumbs=5,OK
CUSH271OR-RSS,CUSH271OR,Refuge Sunshine,URL_CHANGE,old=5 new=5 del_thumbs=5,OK
CUSHREPL20-HE,CUSHREPL20,Canvas Heather Beige,URL_CHANGE,old=5 new=5 del_thumbs=5,OK
CUSHREPL20-CG,CUSHREPL20,Canvas Granite,URL_CHANGE,old=5 new=5 del_thumbs=5,OK
CUSHREPL20-JR,CUSHREPL20,Canvas Jockey Red,URL_CHANGE,old=5 new=5 del_thumbs=5,OK
CUSHREPL20-CA,CUSHREPL20,Canvas Canvas,URL_CHANGE,old=5 new=5 del_thumbs=5,OK
CUSHREPL20-CT,CUSHREPL20,Canvas Tangerine,URL_CHANGE,old=5 new=5 del_thumbs=5,OK
CUSHREPL20-AB,CUSHREPL20,Canvas Antique Beige,URL_CHANGE,old=5 new=5 del_thumbs=5,OK
CUSHREPL20-CB,CUSHREPL20,Canvas Air Blue,URL_CHANGE,old=5 new=5 del_thumbs=5,OK
CUSHREPL20-CN,CUSHREPL20,Canvas Natural,URL_CHANGE,old=5 new=5 del_thumbs=5,OK
CUSHREPL20-AS,CUSHREPL20,Cast Ash,URL_CHANGE,old=5 new=5 del_thumbs=5,OK
CUSHREPL20-CV,CUSHREPL20,Canvas Navy,URL_CHANGE,old=5 new=5 del_thumbs=5,OK
CUSHREPL20-CS,CUSHREPL20,Canvas Spa,URL_CHANGE,old=5 new=5 del_thumbs=5,OK
CUSHREPL20-BR,CUSHREPL20,Cast Breeze,URL_CHANGE,old=5 new=5 del_thumbs=5,OK
CUSHREPL20-SD,CUSHREPL20,Spectrum Dove,URL_CHANGE,old=5 new=5 del_thumbs=5,OK
CUSHREPL20-OC,CUSHREPL20,Cast Ocean,URL_CHANGE,old=5 new=5 del_thumbs=5,OK
CUSHREPL20-CH,CUSHREPL20,Cast Horizon,URL_CHANGE,old=5 new=5 del_thumbs=5,OK
CUSHREPL20-SH,CUSHREPL20,Cast Shale,URL_CHANGE,old=5 new=5 del_thumbs=5,OK
CUSHREPL20-SC,CUSHREPL20,Spectrum Cilantro,URL_CHANGE,old=5 new=5 del_thumbs=5,OK
CUSHREPL20-SM,CUSHREPL20,Spectrum Mushroom,URL_CHANGE,old=5 new=5 del_thumbs=5,OK
CUSHREPL20-SI,CUSHREPL20,Spectrum Indigo,URL_CHANGE,old=5 new=5 del_thumbs=5,OK
CUSHREPL20-CD,CUSHREPL20,Spectrum Denim,URL_CHANGE,old=5 new=5 del_thumbs=5,OK
NC2001-1LC1M1RC-EM,2001,Expressive Mist,URL_CHANGE,old=5 new=5 del_thumbs=1,OK
NC2001-2M2OT-EM,2001,Expressive Mist,URL_CHANGE,old=5 new=5 del_thumbs=1,OK
NC2001-1LC1M1RC-EB,2001,Expressive Blush,URL_CHANGE,old=5 new=5 del_thumbs=1,OK
NC2001-2M2OT-EB,2001,Expressive Blush,URL_CHANGE,old=5 new=5 del_thumbs=1,OK
NC2001-6M1LC1RC-EB,2001,Expressive Blush,URL_CHANGE,old=5 new=5 del_thumbs=1,OK
NC2001-6M1LC1RC-EM,2001,Expressive Mist,URL_CHANGE,old=5 new=5 del_thumbs=1,OK
NC2001-6M1LC1RC-CG,2001,Canvas Granite,URL_CHANGE,old=5 new=5 del_thumbs=2,OK
NC2001SCM-SV,2001,Cast Silver,URL_CHANGE,old=5 new=5 del_thumbs=1,OK
NC2001SCM-SR,2001,Shore Classic,URL_CHANGE,old=5 new=5 del_thumbs=1,OK
NC2001CUBE-22-SRB-JM-UR,2001,Unwind Rainwashed,URL_CHANGE,old=5 new=5 del_thumbs=5,OK
NC2001DC-SRB-BL-RSS,2001,Refuge Sunshine,URL_CHANGE,old=5 new=5 del_thumbs=5,OK
NCI2676-DG-304-002-01-RI,2676 - DG,Refuge Indigo,URL_CHANGE,old=5 new=5 del_thumbs=5,OK
NCI2676-DG-304-001-01-RI,2676 - DG,Refuge Indigo,URL_CHANGE,old=5 new=5 del_thumbs=5,OK
NCI2676-DG-304-006-01-RSS,2676 - DG,Refuge Sunshine,URL_CHANGE,old=5 new=5 del_thumbs=5,OK
NCI2676SECT-DG-304-032-01-RSS,2676 - DG,Refuge Sunshine,URL_CHANGE,old=5 new=5 del_thumbs=5,OK
NCI2676-DG-304-001-01-RSS,2676 - DG,Refuge Sunshine,URL_CHANGE,old=5 new=5 del_thumbs=5,OK
NCI2676SECT-DG-304-052-01-RSS,2676 - DG,Refuge Sunshine,URL_CHANGE,old=5 new=5 del_thumbs=5,OK
NCI2676-DG-304-002-01-RSS,2676 - DG,Refuge Sunshine,URL_CHANGE,old=5 new=5 del_thumbs=5,OK
NCI2676SECT-DG-304-034-01-RSS,2676 - DG,Refuge Sunshine,URL_CHANGE,old=5 new=5 del_thumbs=5,OK
NCI2676SECT-DG-304-053-01-RSS,2676 - DG,Refuge Sunshine,URL_CHANGE,old=5 new=5 del_thumbs=5,OK
NCI2676-DG-304-260-01-RSS,2676 - DG,Refuge Sunshine,URL_CHANGE,old=5 new=5 del_thumbs=5,OK
NC5306-1LLS-1SCM-1SCC-1RLS-CW,5306,Canvas White,URL_CHANGE,old=5 new=5 del_thumbs=1,OK
NC5306SCM-SRB-CN,5306,Canvas Natural,URL_CHANGE,old=5 new=5 del_thumbs=5,OK
NC5306C-SRB-CN,5306,Canvas Natural,URL_CHANGE,old=5 new=5 del_thumbs=5,OK
NC5306SCM-SRB-CFN,5306,Canvas Fern,URL_CHANGE,old=5 new=5 del_thumbs=5,OK
NC5306C-SRB-RO,5306,Refuge Ocean,URL_CHANGE,old=5 new=5 del_thumbs=5,OK
NC5306SCM-SRB-RO,5306,Refuge Ocean,URL_CHANGE,old=5 new=5 del_thumbs=5,OK
NC5306C-SRB-CFN,5306,Canvas Fern,URL_CHANGE,old=5 new=5 del_thumbs=5,OK
NC5306C-SRB-RI,5306,Refuge Indigo,URL_CHANGE,old=5 new=5 del_thumbs=5,OK
NC5306SCM-SRB-RI,5306,Refuge Indigo,URL_CHANGE,old=5 new=5 del_thumbs=5,OK
NC5306C-SRB-RC,5306,Refuge Coral,URL_CHANGE,old=5 new=5 del_thumbs=5,OK
NC5306SCM-SRB-RC,5306,Refuge Coral,URL_CHANGE,old=5 new=5 del_thumbs=5,OK
NC5306-1LLS-1SCC-1RLS-SRB-RSS,5306,Refuge Sunshine,URL_CHANGE,old=5 new=5 del_thumbs=5,OK
NC5306-1LLS-1SCM-1SCC-1RLS-SRB-RSS,5306,Refuge Sunshine,URL_CHANGE,old=5 new=5 del_thumbs=5,OK
NC5306-2C13S1CT-SRB-RSS,5306,Refuge Sunshine,URL_CHANGE,old=5 new=5 del_thumbs=5,OK
NC5306-2C1ET-SRB-RSS,5306,Refuge Sunshine,URL_CHANGE,old=5 new=5 del_thumbs=5,OK
NC5306-2C1LS1CT-SRB-RSS,5306,Refuge Sunshine,URL_CHANGE,old=5 new=5 del_thumbs=5,OK
NC5306-2C2O1ET-SRB-RSS,5306,Refuge Sunshine,URL_CHANGE,old=5 new=5 del_thumbs=5,OK
NC53063S-SRB-RSS,5306,Refuge Sunshine,URL_CHANGE,old=5 new=5 del_thumbs=5,OK
NC5306SCC-90-SRB-RSS,5306,Refuge Sunshine,URL_CHANGE,old=5 new=5 del_thumbs=5,OK
NC5306LLS-SRB-RSS,5306,Refuge Sunshine,URL_CHANGE,old=5 new=5 del_thumbs=5,OK
NC5306C-SRB-RSS,5306,Refuge Sunshine,URL_CHANGE,old=5 new=5 del_thumbs=5,OK
NC5306LS-SRB-RSS,5306,Refuge Sunshine,URL_CHANGE,old=5 new=5 del_thumbs=5,OK
NC5306SCM-SRB-RSS,5306,Refuge Sunshine,URL_CHANGE,old=5 new=5 del_thumbs=5,OK
NC5306O-SQ-SRB-RSS,5306,Refuge Sunshine,URL_CHANGE,old=5 new=5 del_thumbs=5,OK
NC5306RLS-SRB-RSS,5306,Refuge Sunshine,URL_CHANGE,old=5 new=5 del_thumbs=5,OK
NC5306SG-SRB-RSS,5306,Refuge Sunshine,URL_CHANGE,old=5 new=5 del_thumbs=5,OK
NC6400-DG-304-006-01-RHA,6400 - DG,Relate Harbor,URL_CHANGE,old=5 new=5 del_thumbs=5,OK
NC6400-DG-304-001-01-RHA,6400 - DG,Relate Harbor,URL_CHANGE,old=5 new=5 del_thumbs=5,OK
NC6400-DG-304-002-01-RHA,6400 - DG,Relate Harbor,URL_CHANGE,old=5 new=5 del_thumbs=5,OK
NC6400-DG-304-068-01-RHA,6400 - DG,Relate Harbor,URL_CHANGE,old=5 new=5 del_thumbs=5,OK
NC6400-DG-304-260-01-RHA,6400 - DG,Relate Harbor,URL_CHANGE,old=5 new=5 del_thumbs=5,OK
NCI6500-WT-713-1LLS1RLS1SCC1MC1CT-DD-SPT713,6500 - WT,Direction Dew,URL_CHANGE,old=1 new=1 del_thumbs=1,OK
NC5306LLS-SRB-RI,5306,Refuge Indigo,FORCE_REFRESH,Force re-download 5 thumbnails,OK
NC5306-2C13S1CT-SRB-RI,5306,Refuge Indigo,FORCE_REFRESH,Force re-download 5 thumbnails,OK
NC5306-2C1LS1CT-SRB-RC,5306,Refuge Coral,FORCE_REFRESH,Force re-download 5 thumbnails,OK
NC5306-2C1LS1CT-SRB-RO,5306,Refuge Ocean,FORCE_REFRESH,Force re-download 5 thumbnails,OK
NC5306RLS-SRB-RO,5306,Refuge Ocean,FORCE_REFRESH,Force re-download 5 thumbnails,OK
NC5306LS-SRB-CFN,5306,Canvas Fern,FORCE_REFRESH,Force re-download 5 thumbnails,OK
NC5306-2C13S1CT-SRB-CN,5306,Canvas Natural,FORCE_REFRESH,Force re-download 5 thumbnails,OK
NC5306-2C2O1ET-SRB-MBB,5306,Mira Bluebell,FORCE_REFRESH,Force re-download 5 thumbnails,OK
CUSHTH20-MSS,,,REPLACEMENT_SKIP,Not found in catalogue,SKIP
NC5306C-SRB-MCE,5306,Mira Celeste,FORCE_REFRESH,Force re-download 5 thumbnails,OK
NC5306LLS-SRB-MCE,5306,Mira Celeste,FORCE_REFRESH,Force re-download 5 thumbnails,OK
NC5306-2C2O1ET-SRB-CFN,5306,Canvas Fern,FORCE_REFRESH,Force re-download 5 thumbnails,OK
NC5306-1LLS-1SCM-1SCC-1RLS-SRB-RI,5306,Refuge Indigo,FORCE_REFRESH,Force re-download 5 thumbnails,OK
NC5306LLS-SRB-CFN,5306,Canvas Fern,FORCE_REFRESH,Force re-download 5 thumbnails,OK
NC5306-2C1ET-SRB-RI,5306,Refuge Indigo,FORCE_REFRESH,Force re-download 5 thumbnails,OK
NC5306SCC-90-SRB-MCE,5306,Mira Celeste,FORCE_REFRESH,Force re-download 5 thumbnails,OK
NC5306O-SQ-SRB-MCE,5306,Mira Celeste,FORCE_REFRESH,Force re-download 5 thumbnails,OK
CUSHTH24-CFN,CUSHTH24,Canvas Fern,FORCE_REFRESH,Force re-download 5 thumbnails,OK
NC5306-2C1LS1CT-SRB-CN,5306,Canvas Natural,FORCE_REFRESH,Force re-download 5 thumbnails,OK
NC5306-1LLS-1SCC-1RLS-SRB-CN,5306,Canvas Natural,FORCE_REFRESH,Force re-download 5 thumbnails,OK
CUSHBOL207-MSS,,,REPLACEMENT_SKIP,Not found in catalogue,SKIP
NC5306-2C1ET-SRB-RO,5306,Refuge Ocean,FORCE_REFRESH,Force re-download 5 thumbnails,OK
CUSHTH20-SRB-AM-SAD,CUSHTH20,Sail Away Denim,FORCE_REFRESH,Force re-download 5 thumbnails,OK
NC5306SCM-SRB-MBB,5306,Mira Bluebell,FORCE_REFRESH,Force re-download 5 thumbnails,OK
NC5306SG-SRB-CFN,5306,Canvas Fern,FORCE_REFRESH,Force re-download 5 thumbnails,OK
CUSHTHK2013-MSS,,,REPLACEMENT_SKIP,Not found in catalogue,SKIP
NC6400-DG-696-006-01-CN,6400 - DG,Canvas Natural,FORCE_REFRESH,Force re-download 5 thumbnails,OK
NC53063S-SRB-RC,5306,Refuge Coral,FORCE_REFRESH,Force re-download 5 thumbnails,OK
NC53063S-SRB-CN,5306,Canvas Natural,FORCE_REFRESH,Force re-download 5 thumbnails,OK
NC5306-1LLS-1SCM-1SCC-1RLS-SRB-RO,5306,Refuge Ocean,FORCE_REFRESH,Force re-download 5 thumbnails,OK
NC5306-1LLS-1SCM-1SCC-1RLS-SRB-MBB,5306,Mira Bluebell,FORCE_REFRESH,Force re-download 5 thumbnails,OK
NC5306-2C1LS1CT-SRB-MBB,5306,Mira Bluebell,FORCE_REFRESH,Force re-download 5 thumbnails,OK
NC5306SCM-SRB-MCE,5306,Mira Celeste,FORCE_REFRESH,Force re-download 5 thumbnails,OK
CUSHTH18-CN,CUSHTH18,Canvas Natural,FORCE_REFRESH,Force re-download 5 thumbnails,OK
CUSHTH24-SRB-AM-SAD,CUSHTH24,Sail Away Denim,FORCE_REFRESH,Force re-download 5 thumbnails,OK
NC5306LLS-SRB-RO,5306,Refuge Ocean,FORCE_REFRESH,Force re-download 5 thumbnails,OK
NC5306SCC-90-SRB-MBB,5306,Mira Bluebell,FORCE_REFRESH,Force re-download 5 thumbnails,OK
NC53063S-SRB-CFN,5306,Canvas Fern,FORCE_REFRESH,Force re-download 5 thumbnails,OK
NC5306SCC-90-SRB-RO,5306,Refuge Ocean,FORCE_REFRESH,Force re-download 5 thumbnails,OK
NC2001SCM-IMW,2001,Improve White,FORCE_REFRESH,Force re-download 5 thumbnails,OK
CUSHTH24-SRB-AM-ASC,CUSHTH24,Assemble Clay,FORCE_REFRESH,Force re-download 5 thumbnails,OK
NC53063S-SRB-MCE,5306,Mira Celeste,FORCE_REFRESH,Force re-download 5 thumbnails,OK
CUSHBOL207-SRB-AM-HE,CUSHBOL207,Canvas Heather Beige,FORCE_REFRESH,Force re-download 5 thumbnails,OK
NC5306SG-SRB-RO,5306,Refuge Ocean,FORCE_REFRESH,Force re-download 5 thumbnails,OK
CUSHTH16-SRB-AM-ASC,CUSHTH16,Assemble Clay,FORCE_REFRESH,Force re-download 5 thumbnails,OK
CUSHTH16-SRB-AM-SAJ,CUSHTH16,Sail Away Java,FORCE_REFRESH,Force re-download 5 thumbnails,OK
NC5306-2C2O1ET-SRB-CN,5306,Canvas Natural,FORCE_REFRESH,Force re-download 5 thumbnails,OK
NC5306SG-SRB-CN,5306,Canvas Natural,FORCE_REFRESH,Force re-download 5 thumbnails,OK
NC5306SG-SRB-RI,5306,Refuge Indigo,FORCE_REFRESH,Force re-download 5 thumbnails,OK
NC5306LLS-SRB-MBB,5306,Mira Bluebell,FORCE_REFRESH,Force re-download 5 thumbnails,OK
CUSHTH18-SRB-AM-ASC,CUSHTH18,Assemble Clay,FORCE_REFRESH,Force re-download 5 thumbnails,OK
CUSHTH18-CFN,CUSHTH18,Canvas Fern,FORCE_REFRESH,Force re-download 5 thumbnails,OK
CUSHTH20-SRB-AM-ASA,CUSHTH20,Assemble Sand,FORCE_REFRESH,Force re-download 5 thumbnails,OK
NC5306RLS-SRB-MBB,5306,Mira Bluebell,FORCE_REFRESH,Force re-download 5 thumbnails,OK
NC5306-2C13S1CT-SRB-RO,5306,Refuge Ocean,FORCE_REFRESH,Force re-download 5 thumbnails,OK
NC5306LS-SRB-RO,5306,Refuge Ocean,FORCE_REFRESH,Force re-download 5 thumbnails,OK
NC2001DC-SRB-BL-RI,2001,Refuge Indigo,FORCE_REFRESH,Force re-download 5 thumbnails,OK
NC5306-2C13S1CT-SRB-RC,5306,Refuge Coral,FORCE_REFRESH,Force re-download 5 thumbnails,OK
NC5306LS-SRB-MBB,5306,Mira Bluebell,FORCE_REFRESH,Force re-download 5 thumbnails,OK
CUSHTH20-SRB-AM-ASC,CUSHTH20,Assemble Clay,FORCE_REFRESH,Force re-download 5 thumbnails,OK
CUSHTHK2013-MBB,CUSHTHK2013,Mira Bluebell,FORCE_REFRESH,Force re-download 5 thumbnails,OK
NC53063S-SRB-RO,5306,Refuge Ocean,FORCE_REFRESH,Force re-download 5 thumbnails,OK
NC5306-2C1ET-SRB-CFN,5306,Canvas Fern,FORCE_REFRESH,Force re-download 5 thumbnails,OK
NC5306RLS-SRB-CN,5306,Canvas Natural,FORCE_REFRESH,Force re-download 5 thumbnails,OK
NC5306LLS-SRB-RC,5306,Refuge Coral,FORCE_REFRESH,Force re-download 5 thumbnails,OK
CUSHTHK2013-SRB-AM-HE,CUSHTHK2013,Canvas Heather Beige,FORCE_REFRESH,Force re-download 5 thumbnails,OK
NC5306O-SQ-SRB-RO,5306,Refuge Ocean,FORCE_REFRESH,Force re-download 5 thumbnails,OK
NC5306O-SQ-SRB-RI,5306,Refuge Indigo,FORCE_REFRESH,Force re-download 5 thumbnails,OK
CUSHBOL207-MBB,CUSHBOL207,Mira Bluebell,FORCE_REFRESH,Force re-download 5 thumbnails,OK
NC5306SG-SRB-MBB,5306,Mira Bluebell,FORCE_REFRESH,Force re-download 5 thumbnails,OK
NC5306LLS-SRB-CN,5306,Canvas Natural,FORCE_REFRESH,Force re-download 5 thumbnails,OK
NC5306O-SQ-SRB-CFN,5306,Canvas Fern,FORCE_REFRESH,Force re-download 5 thumbnails,OK
NC5306-2C13S1CT-SRB-MCE,5306,Mira Celeste,FORCE_REFRESH,Force re-download 5 thumbnails,OK
NC5306-2C1ET-SRB-RC,5306,Refuge Coral,FORCE_REFRESH,Force re-download 5 thumbnails,OK
NC5306SCC-90-SRB-RI,5306,Refuge Indigo,FORCE_REFRESH,Force re-download 5 thumbnails,OK
NC2001-1LC1M1RC-IMW,2001,Improve White,FORCE_REFRESH,Force re-download 5 thumbnails,OK
NC5306-1LLS-1SCC-1RLS-SRB-RI,5306,Refuge Indigo,FORCE_REFRESH,Force re-download 5 thumbnails,OK
NC5306LS-SRB-CN,5306,Canvas Natural,FORCE_REFRESH,Force re-download 5 thumbnails,OK
NC5306-2C2O1ET-SRB-RO,5306,Refuge Ocean,FORCE_REFRESH,Force re-download 5 thumbnails,OK
NC5306-2C1LS1CT-SRB-CFN,5306,Canvas Fern,FORCE_REFRESH,Force re-download 5 thumbnails,OK
NC2001-2M-2OT-IMW,2001,Improve White,FORCE_REFRESH,Force re-download 5 thumbnails,OK
NC5306-1LLS-1SCM-1SCC-1RLS-SRB-MCE,5306,Mira Celeste,FORCE_REFRESH,Force re-download 5 thumbnails,OK
NC5306-2C1LS1CT-SRB-RI,5306,Refuge Indigo,FORCE_REFRESH,Force re-download 5 thumbnails,OK
NC5306SCC-90-SRB-CFN,5306,Canvas Fern,FORCE_REFRESH,Force re-download 5 thumbnails,OK
CUSHTH18-SRB-AM-SAD,CUSHTH18,Sail Away Denim,FORCE_REFRESH,Force re-download 5 thumbnails,OK
CUSHTH18-SRB-AM-SAJ,CUSHTH18,Sail Away Java,FORCE_REFRESH,Force re-download 5 thumbnails,OK
NC5306LS-SRB-RI,5306,Refuge Indigo,FORCE_REFRESH,Force re-download 5 thumbnails,OK
NC6500-DG-696-006-01-CN,6500 - DG,Canvas Natural,FORCE_REFRESH,Force re-download 5 thumbnails,OK
CUSHTHK2013-SRB-AM-CN,CUSHTHK2013,Canvas Natural,FORCE_REFRESH,Force re-download 5 thumbnails,OK
NC5306O-SQ-SRB-MBB,5306,Mira Bluebell,FORCE_REFRESH,Force re-download 5 thumbnails,OK
NC5306RLS-SRB-RC,5306,Refuge Coral,FORCE_REFRESH,Force re-download 5 thumbnails,OK
NC5306SG-SRB-RC,5306,Refuge Coral,FORCE_REFRESH,Force re-download 5 thumbnails,OK
NC5306-2C13S1CT-SRB-MBB,5306,Mira Bluebell,FORCE_REFRESH,Force re-download 5 thumbnails,OK
NC5306O-SQ-SRB-CN,5306,Canvas Natural,FORCE_REFRESH,Force re-download 5 thumbnails,OK
NC5306-2C1LS1CT-SRB-MCE,5306,Mira Celeste,FORCE_REFRESH,Force re-download 5 thumbnails,OK
NC2001DC-SRB-BL-RO,2001,Refuge Ocean,FORCE_REFRESH,Force re-download 5 thumbnails,OK
NC5306-1LLS-1SCC-1RLS-SRB-RO,5306,Refuge Ocean,FORCE_REFRESH,Force re-download 5 thumbnails,OK
CUSHTH20-CFN,CUSHTH20,Canvas Fern,FORCE_REFRESH,Force re-download 5 thumbnails,OK
NC2001DC-IMW,2001,Improve White,FORCE_REFRESH,Force re-download 5 thumbnails,OK
NC5306-2C1ET-SRB-MCE,5306,Mira Celeste,FORCE_REFRESH,Force re-download 5 thumbnails,OK
CUSHTH16-SRB-AM-SAD,CUSHTH16,Sail Away Denim,FORCE_REFRESH,Force re-download 5 thumbnails,OK
CUSHTH20-MBB,CUSHTH20,Mira Bluebell,FORCE_REFRESH,Force re-download 5 thumbnails,OK
CUSHTH16-CFN,CUSHTH16,Canvas Fern,FORCE_REFRESH,Force re-download 5 thumbnails,OK
NC5306LS-SRB-RC,5306,Refuge Coral,FORCE_REFRESH,Force re-download 5 thumbnails,OK
NC5306-1LLS-1SCC-1RLS-SRB-RC,5306,Refuge Coral,FORCE_REFRESH,Force re-download 5 thumbnails,OK
CUSHBOL207-SRB-AM-CN,CUSHBOL207,Canvas Natural,FORCE_REFRESH,Force re-download 5 thumbnails,OK
CUSHTH20-SRB-AM-SAJ,CUSHTH20,Sail Away Java,FORCE_REFRESH,Force re-download 5 thumbnails,OK
NC5306-1LLS-1SCM-1SCC-1RLS-SRB-RC,5306,Refuge Coral,FORCE_REFRESH,Force re-download 5 thumbnails,OK
NC5306-1LLS-1SCM-1SCC-1RLS-SRB-CN,5306,Canvas Natural,FORCE_REFRESH,Force re-download 5 thumbnails,OK
NC5306-2C1ET-SRB-CN,5306,Canvas Natural,FORCE_REFRESH,Force re-download 5 thumbnails,OK
NC5306-2C2O1ET-SRB-MCE,5306,Mira Celeste,FORCE_REFRESH,Force re-download 5 thumbnails,OK
NC5306SCC-90-SRB-CN,5306,Canvas Natural,FORCE_REFRESH,Force re-download 5 thumbnails,OK
NC6400-DG-696-002-01-CN,6400 - DG,Canvas Natural,FORCE_REFRESH,Force re-download 5 thumbnails,OK
NC5306SG-SRB-MCE,5306,Mira Celeste,FORCE_REFRESH,Force re-download 5 thumbnails,OK
CUSHTH16-SRB-AM-ASA,CUSHTH16,Assemble Sand,FORCE_REFRESH,Force re-download 5 thumbnails,OK
NC5306-1LLS-1SCM-1SCC-1RLS-SRB-CFN,5306,Canvas Fern,FORCE_REFRESH,Force re-download 5 thumbnails,OK
NC5306RLS-SRB-RI,5306,Refuge Indigo,FORCE_REFRESH,Force re-download 5 thumbnails,OK
CUSHTH24-SRB-AM-ASA,CUSHTH24,Assemble Sand,FORCE_REFRESH,Force re-download 5 thumbnails,OK
NC5306-2C2O1ET-SRB-RC,5306,Refuge Coral,FORCE_REFRESH,Force re-download 5 thumbnails,OK
CUSHTH18-SRB-AM-ASA,CUSHTH18,Assemble Sand,FORCE_REFRESH,Force re-download 5 thumbnails,OK
NC5306-2C1ET-SRB-MBB,5306,Mira Bluebell,FORCE_REFRESH,Force re-download 5 thumbnails,OK
NC5306RLS-SRB-MCE,5306,Mira Celeste,FORCE_REFRESH,Force re-download 5 thumbnails,OK
NC5306-1LLS-1SCC-1RLS-SRB-MCE,5306,Mira Celeste,FORCE_REFRESH,Force re-download 5 thumbnails,OK
NC5306-2C13S1CT-SRB-CFN,5306,Canvas Fern,FORCE_REFRESH,Force re-download 5 thumbnails,OK
NC5306-2C2O1ET-SRB-RI,5306,Refuge Indigo,FORCE_REFRESH,Force re-download 5 thumbnails,OK
NC5306-1LLS-1SCC-1RLS-SRB-MBB,5306,Mira Bluebell,FORCE_REFRESH,Force re-download 5 thumbnails,OK
NC5306-1LLS-1SCC-1RLS-SRB-CFN,5306,Canvas Fern,FORCE_REFRESH,Force re-download 5 thumbnails,OK
NC5306SCC-90-SRB-RC,5306,Refuge Coral,FORCE_REFRESH,Force re-download 5 thumbnails,OK
NC5306RLS-SRB-CFN,5306,Canvas Fern,FORCE_REFRESH,Force re-download 5 thumbnails,OK
CUSHTH18-HE,CUSHTH18,Canvas Heather Beige,FORCE_REFRESH,Force re-download 5 thumbnails,OK
NC53063S-SRB-MBB,5306,Mira Bluebell,FORCE_REFRESH,Force re-download 5 thumbnails,OK
NC5306O-SQ-SRB-RC,5306,Refuge Coral,FORCE_REFRESH,Force re-download 5 thumbnails,OK
NC53063S-SRB-RI,5306,Refuge Indigo,FORCE_REFRESH,Force re-download 5 thumbnails,OK
CUSHTH24-SRB-AM-SAJ,CUSHTH24,Sail Away Java,FORCE_REFRESH,Force re-download 5 thumbnails,OK
NC5306LS-SRB-MCE,5306,Mira Celeste,FORCE_REFRESH,Force re-download 5 thumbnails,OK
NC5306C-SRB-MBB,5306,Mira Bluebell,FORCE_REFRESH,Force re-download 5 thumbnails,OK
NC2001O-SQ-IMW,2001,Improve White,FORCE_REFRESH,Force re-download 5 thumbnails,OK
CUSHBOL207-SRB-AM-CFN,CUSHBOL207,,NEW,"new product, 5 images",OK
CUSHBOL207-EB,CUSHBOL207,,NEW,"new product, 5 images",OK
CUSHBOL207-MCE,CUSHBOL207,,NEW,"new product, 5 images",OK
CUSHBOL207-MSE,CUSHBOL207,,NEW,"new product, 5 images",OK
CUSHTH14-EB,CUSHTH14,,NEW,"new product, 1 images",OK
CUSHTH20-EB,CUSHTH20,,NEW,"new product, 1 images",OK
CUSHTH20-EM,CUSHTH20,,NEW,"new product, 1 images",OK
CUSHTH20-MCE,CUSHTH20,,NEW,"new product, 5 images",OK
CUSHTH20-MSE,CUSHTH20,,NEW,"new product, 5 images",OK
CUSHTH24-SI,CUSHTH24,,NEW,"new product, 1 images",OK
CUSHTHK2013-SRB-AM-CFN,CUSHTHK2013,,NEW,"new product, 5 images",OK
CUSHTHK2013-MCE,CUSHTHK2013,,NEW,"new product, 5 images",OK
CUSHTHK2013-MSE,CUSHTHK2013,,NEW,"new product, 5 images",OK
CUSH23253S-CL,CUSH23253S,,NEW,"new product, 5 images",OK
CUSH23253S-RE,CUSH23253S,,NEW,"new product, 5 images",OK
CUSH23253S-CAL,CUSH23253S,,NEW,"new product, 5 images",OK
CUSH23253S-AR,CUSH23253S,,NEW,"new product, 5 images",OK
CUSH23253S-BK,CUSH23253S,,NEW,"new product, 5 images",OK
CUSH23253S-CFN,CUSH23253S,,NEW,"new product, 5 images",OK
CUSH23253S-CF,CUSH23253S,,NEW,"new product, 5 images",OK
CUSH23253S-HE,CUSH23253S,,NEW,"new product, 5 images",OK
CUSH23253S-JR,CUSH23253S,,NEW,"new product, 5 images",OK
CUSH23253S-CN,CUSH23253S,,NEW,"new product, 5 images",OK
CUSH23253S-CW,CUSH23253S,,NEW,"new product, 5 images",OK
CUSH23253S-SV,CUSH23253S,,NEW,"new product, 5 images",OK
CUSH23253S-CLC,CUSH23253S,,NEW,"new product, 5 images",OK
CUSH23253S-EM,CUSH23253S,,NEW,"new product, 5 images",OK
CUSH23253S-LDI,CUSH23253S,,NEW,"new product, 5 images",OK
CUSH23253S-RC,CUSH23253S,,NEW,"new product, 5 images",OK
CUSH23253S-RG,CUSH23253S,,NEW,"new product, 5 images",OK
CUSH23253S-RI,CUSH23253S,,NEW,"new product, 5 images",OK
CUSH23253S-RO,CUSH23253S,,NEW,"new product, 5 images",OK
CUSH23253S-RHA,CUSH23253S,,NEW,"new product, 5 images",OK
CUSH23253S-SR,CUSH23253S,,NEW,"new product, 5 images",OK
CUSH23253S-SI,CUSH23253S,,NEW,"new product, 5 images",OK
CUSH24243S-CL,CUSH24243S,,NEW,"new product, 5 images",OK
CUSH24243S-RE,CUSH24243S,,NEW,"new product, 5 images",OK
CUSH24243S-CAL,CUSH24243S,,NEW,"new product, 5 images",OK
CUSH24243S-AR,CUSH24243S,,NEW,"new product, 5 images",OK
CUSH24243S-BK,CUSH24243S,,NEW,"new product, 5 images",OK
CUSH24243S-CFN,CUSH24243S,,NEW,"new product, 5 images",OK
CUSH24243S-CF,CUSH24243S,,NEW,"new product, 5 images",OK
CUSH24243S-HE,CUSH24243S,,NEW,"new product, 5 images",OK
CUSH24243S-JR,CUSH24243S,,NEW,"new product, 5 images",OK
CUSH24243S-CN,CUSH24243S,,NEW,"new product, 5 images",OK
CUSH24243S-CW,CUSH24243S,,NEW,"new product, 5 images",OK
CUSH24243S-SV,CUSH24243S,,NEW,"new product, 5 images",OK
CUSH24243S-CLC,CUSH24243S,,NEW,"new product, 5 images",OK
CUSH24243S-EM,CUSH24243S,,NEW,"new product, 5 images",OK
CUSH24243S-LDI,CUSH24243S,,NEW,"new product, 5 images",OK
CUSH24243S-RC,CUSH24243S,,NEW,"new product, 5 images",OK
CUSH24243S-RG,CUSH24243S,,NEW,"new product, 5 images",OK
CUSH24243S-RI,CUSH24243S,,NEW,"new product, 5 images",OK
CUSH24243S-RO,CUSH24243S,,NEW,"new product, 5 images",OK
CUSH24243S-RHA,CUSH24243S,,NEW,"new product, 5 images",OK
CUSH24243S-SR,CUSH24243S,,NEW,"new product, 5 images",OK
CUSH24243S-SI,CUSH24243S,,NEW,"new product, 5 images",OK
CUSH243S-1RC-BS,CUSH243S-1RC,,NEW,"new product, 5 images",OK
CUSH243S-1RC-CA,CUSH243S-1RC,,NEW,"new product, 5 images",OK
CUSH243S-1RC-CSS,CUSH243S-1RC,,NEW,"new product, 5 images",OK
CUSH243S-1RC-PLA,CUSH243S-1RC,,NEW,"new product, 5 images",OK
CUSH243S-1RC-PLL,CUSH243S-1RC,,NEW,"new product, 5 images",OK
CUSH243S-1RC-PLN,CUSH243S-1RC,,NEW,"new product, 5 images",OK
CUSH243S-1RC-PLS,CUSH243S-1RC,,NEW,"new product, 5 images",OK
CUSH243S-1RC-PSN,CUSH243S-1RC,,NEW,"new product, 5 images",OK
CUSH25263S-CL,CUSH25263S,,NEW,"new product, 5 images",OK
CUSH25263S-RE,CUSH25263S,,NEW,"new product, 5 images",OK
CUSH25263S-CAL,CUSH25263S,,NEW,"new product, 5 images",OK
CUSH25263S-AR,CUSH25263S,,NEW,"new product, 5 images",OK
CUSH25263S-BK,CUSH25263S,,NEW,"new product, 5 images",OK
CUSH25263S-CFN,CUSH25263S,,NEW,"new product, 5 images",OK
CUSH25263S-CF,CUSH25263S,,NEW,"new product, 5 images",OK
CUSH25263S-HE,CUSH25263S,,NEW,"new product, 5 images",OK
CUSH25263S-JR,CUSH25263S,,NEW,"new product, 5 images",OK
CUSH25263S-CN,CUSH25263S,,NEW,"new product, 5 images",OK
CUSH25263S-CW,CUSH25263S,,NEW,"new product, 5 images",OK
CUSH25263S-SV,CUSH25263S,,NEW,"new product, 5 images",OK
CUSH25263S-CLC,CUSH25263S,,NEW,"new product, 5 images",OK
CUSH25263S-EM,CUSH25263S,,NEW,"new product, 5 images",OK
CUSH25263S-LDI,CUSH25263S,,NEW,"new product, 5 images",OK
CUSH25263S-RC,CUSH25263S,,NEW,"new product, 5 images",OK
CUSH25263S-RG,CUSH25263S,,NEW,"new product, 5 images",OK
CUSH25263S-RI,CUSH25263S,,NEW,"new product, 5 images",OK
CUSH25263S-RO,CUSH25263S,,NEW,"new product, 5 images",OK
CUSH25263S-RHA,CUSH25263S,,NEW,"new product, 5 images",OK
CUSH25263S-SR,CUSH25263S,,NEW,"new product, 5 images",OK
CUSH25263S-SI,CUSH25263S,,NEW,"new product, 5 images",OK
CUSH2603S-CB,CUSH2603S,,NEW,"new product, 5 images",OK
CUSH2603S-AB,CUSH2603S,,NEW,"new product, 5 images",OK
CUSH2603S-CA,CUSH2603S,,NEW,"new product, 5 images",OK
CUSH2603S-CG,CUSH2603S,,NEW,"new product, 5 images",OK
CUSH2603S-HE,CUSH2603S,,NEW,"new product, 5 images",OK
CUSH2603S-JR,CUSH2603S,,NEW,"new product, 5 images",OK
CUSH2603S-CN,CUSH2603S,,NEW,"new product, 5 images",OK
CUSH2603S-CV,CUSH2603S,,NEW,"new product, 5 images",OK
CUSH2603S-CS,CUSH2603S,,NEW,"new product, 5 images",OK
CUSH2603S-CT,CUSH2603S,,NEW,"new product, 5 images",OK
CUSH2603S-AS,CUSH2603S,,NEW,"new product, 5 images",OK
CUSH2603S-BR,CUSH2603S,,NEW,"new product, 5 images",OK
CUSH2603S-CH,CUSH2603S,,NEW,"new product, 5 images",OK
CUSH2603S-OC,CUSH2603S,,NEW,"new product, 5 images",OK
CUSH2603S-SH,CUSH2603S,,NEW,"new product, 5 images",OK
CUSH2603S-SC,CUSH2603S,,NEW,"new product, 5 images",OK
CUSH2603S-CD,CUSH2603S,,NEW,"new product, 5 images",OK
CUSH2603S-SD,CUSH2603S,,NEW,"new product, 5 images",OK
CUSH2603S-SI,CUSH2603S,,NEW,"new product, 5 images",OK
CUSH2603S-SM,CUSH2603S,,NEW,"new product, 5 images",OK
CUSH2613S-BD,CUSH2613S,,NEW,"new product, 5 images",OK
CUSH2613S-CB,CUSH2613S,,NEW,"new product, 5 images",OK
CUSH2613S-AB,CUSH2613S,,NEW,"new product, 5 images",OK
CUSH2613S-CA,CUSH2613S,,NEW,"new product, 5 images",OK
CUSH2613S-CG,CUSH2613S,,NEW,"new product, 5 images",OK
CUSH2613S-HE,CUSH2613S,,NEW,"new product, 5 images",OK
CUSH2613S-JR,CUSH2613S,,NEW,"new product, 5 images",OK
CUSH2613S-CN,CUSH2613S,,NEW,"new product, 5 images",OK
CUSH2613S-CV,CUSH2613S,,NEW,"new product, 5 images",OK
CUSH2613S-CS,CUSH2613S,,NEW,"new product, 5 images",OK
CUSH2613S-CT,CUSH2613S,,NEW,"new product, 5 images",OK
CUSH2613S-CTE,CUSH2613S,,NEW,"new product, 5 images",OK
CUSH2613S-CW,CUSH2613S,,NEW,"new product, 5 images",OK
CUSH2613S-AS,CUSH2613S,,NEW,"new product, 5 images",OK
CUSH2613S-BR,CUSH2613S,,NEW,"new product, 5 images",OK
CUSH2613S-CH,CUSH2613S,,NEW,"new product, 5 images",OK
CUSH2613S-OC,CUSH2613S,,NEW,"new product, 5 images",OK
CUSH2613S-SH,CUSH2613S,,NEW,"new product, 5 images",OK
CUSH2613S-SC,CUSH2613S,,NEW,"new product, 5 images",OK
CUSH2613S-CD,CUSH2613S,,NEW,"new product, 5 images",OK
CUSH2613S-SD,CUSH2613S,,NEW,"new product, 5 images",OK
CUSH2613S-SI,CUSH2613S,,NEW,"new product, 5 images",OK
CUSH2613S-SM,CUSH2613S,,NEW,"new product, 5 images",OK
CUSH26303S-CL,CUSH26303S,,NEW,"new product, 5 images",OK
CUSH26303S-RE,CUSH26303S,,NEW,"new product, 5 images",OK
CUSH26303S-CAL,CUSH26303S,,NEW,"new product, 5 images",OK
CUSH26303S-AR,CUSH26303S,,NEW,"new product, 5 images",OK
CUSH26303S-BK,CUSH26303S,,NEW,"new product, 5 images",OK
CUSH26303S-CFN,CUSH26303S,,NEW,"new product, 5 images",OK
CUSH26303S-CF,CUSH26303S,,NEW,"new product, 5 images",OK
CUSH26303S-HE,CUSH26303S,,NEW,"new product, 5 images",OK
CUSH26303S-JR,CUSH26303S,,NEW,"new product, 5 images",OK
CUSH26303S-CN,CUSH26303S,,NEW,"new product, 5 images",OK
CUSH26303S-CW,CUSH26303S,,NEW,"new product, 5 images",OK
CUSH26303S-SV,CUSH26303S,,NEW,"new product, 5 images",OK
CUSH26303S-CLC,CUSH26303S,,NEW,"new product, 5 images",OK
CUSH26303S-EM,CUSH26303S,,NEW,"new product, 5 images",OK
CUSH26303S-LDI,CUSH26303S,,NEW,"new product, 5 images",OK
CUSH26303S-RC,CUSH26303S,,NEW,"new product, 5 images",OK
CUSH26303S-RG,CUSH26303S,,NEW,"new product, 5 images",OK
CUSH26303S-RI,CUSH26303S,,NEW,"new product, 5 images",OK
CUSH26303S-RO,CUSH26303S,,NEW,"new product, 5 images",OK
CUSH26303S-RHA,CUSH26303S,,NEW,"new product, 5 images",OK
CUSH26303S-SR,CUSH26303S,,NEW,"new product, 5 images",OK
CUSH26303S-SI,CUSH26303S,,NEW,"new product, 5 images",OK
CUSH2703S-CB,CUSH2703S,,NEW,"new product, 5 images",OK
CUSH2703S-AB,CUSH2703S,,NEW,"new product, 5 images",OK
CUSH2703S-BK,CUSH2703S,,NEW,"new product, 5 images",OK
CUSH2703S-CA,CUSH2703S,,NEW,"new product, 5 images",OK
CUSH2703S-CG,CUSH2703S,,NEW,"new product, 5 images",OK
CUSH2703S-HE,CUSH2703S,,NEW,"new product, 5 images",OK
CUSH2703S-JR,CUSH2703S,,NEW,"new product, 5 images",OK
CUSH2703S-CN,CUSH2703S,,NEW,"new product, 5 images",OK
CUSH2703S-CV,CUSH2703S,,NEW,"new product, 5 images",OK
CUSH2703S-CS,CUSH2703S,,NEW,"new product, 5 images",OK
CUSH2703S-CT,CUSH2703S,,NEW,"new product, 5 images",OK
CUSH2703S-AS,CUSH2703S,,NEW,"new product, 5 images",OK
CUSH2703S-BR,CUSH2703S,,NEW,"new product, 5 images",OK
CUSH2703S-CH,CUSH2703S,,NEW,"new product, 5 images",OK
CUSH2703S-OC,CUSH2703S,,NEW,"new product, 5 images",OK
CUSH2703S-SH,CUSH2703S,,NEW,"new product, 5 images",OK
CUSH2703S-SC,CUSH2703S,,NEW,"new product, 5 images",OK
CUSH2703S-CD,CUSH2703S,,NEW,"new product, 5 images",OK
CUSH2703S-SD,CUSH2703S,,NEW,"new product, 5 images",OK
CUSH2703S-SI,CUSH2703S,,NEW,"new product, 5 images",OK
CUSH2703S-SM,CUSH2703S,,NEW,"new product, 5 images",OK
CUSH2713S-BS,CUSH2713S,,NEW,"new product, 5 images",OK
CUSH2713S-CAL,CUSH2713S,,NEW,"new product, 5 images",OK
CUSH2713S-CB,CUSH2713S,,NEW,"new product, 5 images",OK
CUSH2713S-AB,CUSH2713S,,NEW,"new product, 5 images",OK
CUSH2713S-BK,CUSH2713S,,NEW,"new product, 5 images",OK
CUSH2713S-CA,CUSH2713S,,NEW,"new product, 5 images",OK
CUSH2713S-CFN,CUSH2713S,,NEW,"new product, 5 images",OK
CUSH2713S-HE,CUSH2713S,,NEW,"new product, 5 images",OK
CUSH2713S-JR,CUSH2713S,,NEW,"new product, 5 images",OK
CUSH2713S-CS,CUSH2713S,,NEW,"new product, 5 images",OK
CUSH2713S-CT,CUSH2713S,,NEW,"new product, 5 images",OK
CUSH2713S-CTE,CUSH2713S,,NEW,"new product, 5 images",OK
CUSH2713S-CW,CUSH2713S,,NEW,"new product, 5 images",OK
CUSH2713S-CH,CUSH2713S,,NEW,"new product, 5 images",OK
CUSH2713S-OC,CUSH2713S,,NEW,"new product, 5 images",OK
CUSH2713S-SH,CUSH2713S,,NEW,"new product, 5 images",OK
CUSH2713S-SV,CUSH2713S,,NEW,"new product, 5 images",OK
CUSH2713S-CLC,CUSH2713S,,NEW,"new product, 5 images",OK
CUSH2713S-DD,CUSH2713S,,NEW,"new product, 5 images",OK
CUSH2713S-PLL,CUSH2713S,,NEW,"new product, 5 images",OK
CUSH2713S-PSN,CUSH2713S,,NEW,"new product, 5 images",OK
CUSH2713S-RHA,CUSH2713S,,NEW,"new product, 5 images",OK
CUSH2713S-SR,CUSH2713S,,NEW,"new product, 5 images",OK
CUSH2713S-SC,CUSH2713S,,NEW,"new product, 5 images",OK
CUSH2713S-SM,CUSH2713S,,NEW,"new product, 5 images",OK
CUSH2713S-SS,CUSH2713S,,NEW,"new product, 5 images",OK
CUSH6003S-CTE,CUSH6003S,,NEW,"new product, 5 images",OK
CUSH24C-1RC-BA,CUSH24C-1RC,,NEW,"new product, 5 images",OK
CUSH24C-1RC-BB,CUSH24C-1RC,,NEW,"new product, 5 images",OK
CUSH24C-1RC-BD,CUSH24C-1RC,,NEW,"new product, 5 images",OK
CUSH24C-1RC-BL,CUSH24C-1RC,,NEW,"new product, 5 images",OK
CUSH24C-1RC-BS,CUSH24C-1RC,,NEW,"new product, 5 images",OK
CUSH24C-1RC-BM,CUSH24C-1RC,,NEW,"new product, 5 images",OK
CUSH24C-1RC-SRB-BL-CAL,CUSH24C-1RC,,NEW,"new product, 5 images",OK
CUSH24C-1RC-SRB-BL-CLC,CUSH24C-1RC,,NEW,"new product, 5 images",OK
CUSH24C-1RC-PLL,CUSH24C-1RC,,NEW,"new product, 5 images",OK
CUSH24C-1RC-PLN,CUSH24C-1RC,,NEW,"new product, 5 images",OK
CUSH24C-1RC-PLS,CUSH24C-1RC,,NEW,"new product, 5 images",OK
CUSH24C-1RC-PSN,CUSH24C-1RC,,NEW,"new product, 5 images",OK
CUSH24C-1RC-SRB-BL-SR,CUSH24C-1RC,,NEW,"new product, 5 images",OK
CUSH271C-BA,CUSH271C,,NEW,"new product, 5 images",OK
CUSH271C-BB,CUSH271C,,NEW,"new product, 5 images",OK
CUSH271C-BL,CUSH271C,,NEW,"new product, 5 images",OK
CUSH271C-BS,CUSH271C,,NEW,"new product, 5 images",OK
CUSH271C-BM,CUSH271C,,NEW,"new product, 5 images",OK
CUSH271C-CAL,CUSH271C,,NEW,"new product, 5 images",OK
CUSH271C-CLC,CUSH271C,,NEW,"new product, 5 images",OK
CUSH271C-PLL,CUSH271C,,NEW,"new product, 5 images",OK
CUSH271C-PSN,CUSH271C,,NEW,"new product, 5 images",OK
CUSH271C-SR,CUSH271C,,NEW,"new product, 5 images",OK
CUSH271C-SS,CUSH271C,,NEW,"new product, 5 images",OK
CUSH271SCC-BA,CUSH271SCC,,NEW,"new product, 5 images",OK
CUSH271SCC-BB,CUSH271SCC,,NEW,"new product, 5 images",OK
CUSH271SCC-BL,CUSH271SCC,,NEW,"new product, 5 images",OK
CUSH271SCC-BS,CUSH271SCC,,NEW,"new product, 5 images",OK
CUSH271SCC-BM,CUSH271SCC,,NEW,"new product, 5 images",OK
CUSH271SCC-CB,CUSH271SCC,,NEW,"new product, 5 images",OK
CUSH271SCC-AB,CUSH271SCC,,NEW,"new product, 5 images",OK
CUSH271SCC-CA,CUSH271SCC,,NEW,"new product, 5 images",OK
CUSH271SCC-CT,CUSH271SCC,,NEW,"new product, 5 images",OK
CUSH271SCC-CTE,CUSH271SCC,,NEW,"new product, 5 images",OK
CUSH271SCC-CW,CUSH271SCC,,NEW,"new product, 5 images",OK
CUSH271SCC-BR,CUSH271SCC,,NEW,"new product, 5 images",OK
CUSH271SCC-DL,CUSH271SCC,,NEW,"new product, 5 images",OK
CUSH271SCC-EM,CUSH271SCC,,NEW,"new product, 5 images",OK
CUSH271SCC-LDI,CUSH271SCC,,NEW,"new product, 5 images",OK
CUSH271SCC-RC,CUSH271SCC,,NEW,"new product, 5 images",OK
CUSH271SCC-RG,CUSH271SCC,,NEW,"new product, 5 images",OK
CUSH271SCC-RI,CUSH271SCC,,NEW,"new product, 5 images",OK
CUSH271SCC-RO,CUSH271SCC,,NEW,"new product, 5 images",OK
CUSH300C-CG,CUSH300C,,NEW,"new product, 1 images",OK
CUSH300C-CN,CUSH300C,,NEW,"new product, 1 images",OK
CUSH300C-SC,CUSH300C,,NEW,"new product, 1 images",OK
CUSH300C-CD,CUSH300C,,NEW,"new product, 1 images",OK
CUSH600MID-JR,CUSH600MID,,NEW,"new product, 5 images",OK
CUSHSACL2178-BS,CUSHSACL2178,,NEW,"new product, 5 images",OK
CUSHSACL2178-PLL,CUSHSACL2178,,NEW,"new product, 5 images",OK
CUSHSACL2178-PLN,CUSHSACL2178,,NEW,"new product, 5 images",OK
CUSHSACL2178-PLS,CUSHSACL2178,,NEW,"new product, 5 images",OK
CUSHSACL2178-PSN,CUSHSACL2178,,NEW,"new product, 5 images",OK
CUSHSACL22574-BS,CUSHSACL22574,,NEW,"new product, 5 images",OK
CUSHSACL22574-PLL,CUSHSACL22574,,NEW,"new product, 5 images",OK
CUSHSACL22574-PLN,CUSHSACL22574,,NEW,"new product, 5 images",OK
CUSHSACL22574-PLS,CUSHSACL22574,,NEW,"new product, 5 images",OK
CUSHSACL22574-PSN,CUSHSACL22574,,NEW,"new product, 5 images",OK
CUSHSACL2473-BS,CUSHSACL2473,,NEW,"new product, 5 images",OK
CUSHSACL2473-PLL,CUSHSACL2473,,NEW,"new product, 5 images",OK
CUSHSACL2473-PLN,CUSHSACL2473,,NEW,"new product, 5 images",OK
CUSHSACL2473-PLS,CUSHSACL2473,,NEW,"new product, 5 images",OK
CUSHSACL2473-PSN,CUSHSACL2473,,NEW,"new product, 5 images",OK
CUSHSACL2579-BS,CUSHSACL2579,,NEW,"new product, 5 images",OK
CUSHSACL2579-PLL,CUSHSACL2579,,NEW,"new product, 5 images",OK
CUSHSACL2579-PLN,CUSHSACL2579,,NEW,"new product, 5 images",OK
CUSHSACL2579-PSN,CUSHSACL2579,,NEW,"new product, 5 images",OK
CUSH20202DC-NOWELT-BS,CUSH20202DC-NOWELT,,NEW,"new product, 5 images",OK
CUSH415DC-SA,CUSH415DC,,NEW,"new product, 1 images",OK
CUSH3450LS-BS,CUSH3450LS,,NEW,"new product, 5 images",OK
CUSH2325LS-CL,CUSH2325LS,,NEW,"new product, 5 images",OK
CUSH2325LS-RE,CUSH2325LS,,NEW,"new product, 5 images",OK
CUSH2325LS-CAL,CUSH2325LS,,NEW,"new product, 5 images",OK
CUSH2325LS-AR,CUSH2325LS,,NEW,"new product, 5 images",OK
CUSH2325LS-BK,CUSH2325LS,,NEW,"new product, 5 images",OK
CUSH2325LS-CFN,CUSH2325LS,,NEW,"new product, 5 images",OK
CUSH2325LS-CF,CUSH2325LS,,NEW,"new product, 5 images",OK
CUSH2325LS-HE,CUSH2325LS,,NEW,"new product, 5 images",OK
CUSH2325LS-JR,CUSH2325LS,,NEW,"new product, 5 images",OK
CUSH2325LS-CN,CUSH2325LS,,NEW,"new product, 5 images",OK
CUSH2325LS-CW,CUSH2325LS,,NEW,"new product, 5 images",OK
CUSH2325LS-SV,CUSH2325LS,,NEW,"new product, 5 images",OK
CUSH2325LS-CLC,CUSH2325LS,,NEW,"new product, 5 images",OK
CUSH2325LS-EM,CUSH2325LS,,NEW,"new product, 5 images",OK
CUSH2325LS-LDI,CUSH2325LS,,NEW,"new product, 5 images",OK
CUSH2325LS-RC,CUSH2325LS,,NEW,"new product, 5 images",OK
CUSH2325LS-RG,CUSH2325LS,,NEW,"new product, 5 images",OK
CUSH2325LS-RI,CUSH2325LS,,NEW,"new product, 5 images",OK
CUSH2325LS-RO,CUSH2325LS,,NEW,"new product, 5 images",OK
CUSH2325LS-RHA,CUSH2325LS,,NEW,"new product, 5 images",OK
CUSH2325LS-SR,CUSH2325LS,,NEW,"new product, 5 images",OK
CUSH2325LS-SI,CUSH2325LS,,NEW,"new product, 5 images",OK
CUSH2424LS-CL,CUSH2424LS,,NEW,"new product, 5 images",OK
CUSH2424LS-RE,CUSH2424LS,,NEW,"new product, 5 images",OK
CUSH2424LS-CAL,CUSH2424LS,,NEW,"new product, 5 images",OK
CUSH2424LS-AR,CUSH2424LS,,NEW,"new product, 5 images",OK
CUSH2424LS-BK,CUSH2424LS,,NEW,"new product, 5 images",OK
CUSH2424LS-CFN,CUSH2424LS,,NEW,"new product, 5 images",OK
CUSH2424LS-CF,CUSH2424LS,,NEW,"new product, 5 images",OK
CUSH2424LS-HE,CUSH2424LS,,NEW,"new product, 5 images",OK
CUSH2424LS-JR,CUSH2424LS,,NEW,"new product, 5 images",OK
CUSH2424LS-CN,CUSH2424LS,,NEW,"new product, 5 images",OK
CUSH2424LS-CW,CUSH2424LS,,NEW,"new product, 5 images",OK
CUSH2424LS-SV,CUSH2424LS,,NEW,"new product, 5 images",OK
CUSH2424LS-CLC,CUSH2424LS,,NEW,"new product, 5 images",OK
CUSH2424LS-EM,CUSH2424LS,,NEW,"new product, 5 images",OK
CUSH2424LS-LDI,CUSH2424LS,,NEW,"new product, 5 images",OK
CUSH2424LS-RC,CUSH2424LS,,NEW,"new product, 5 images",OK
CUSH2424LS-RG,CUSH2424LS,,NEW,"new product, 5 images",OK
CUSH2424LS-RI,CUSH2424LS,,NEW,"new product, 5 images",OK
CUSH2424LS-RO,CUSH2424LS,,NEW,"new product, 5 images",OK
CUSH2424LS-RHA,CUSH2424LS,,NEW,"new product, 5 images",OK
CUSH2424LS-SR,CUSH2424LS,,NEW,"new product, 5 images",OK
CUSH2424LS-SI,CUSH2424LS,,NEW,"new product, 5 images",OK
CUSH24LS-1RC-BS,CUSH24LS-1RC,,NEW,"new product, 5 images",OK
CUSH24LS-1RC-CA,CUSH24LS-1RC,,NEW,"new product, 5 images",OK
CUSH24LS-1RC-CSS,CUSH24LS-1RC,,NEW,"new product, 5 images",OK
CUSH24LS-1RC-PLA,CUSH24LS-1RC,,NEW,"new product, 5 images",OK
CUSH24LS-1RC-PLL,CUSH24LS-1RC,,NEW,"new product, 5 images",OK
CUSH24LS-1RC-PLN,CUSH24LS-1RC,,NEW,"new product, 5 images",OK
CUSH24LS-1RC-PLS,CUSH24LS-1RC,,NEW,"new product, 5 images",OK
CUSH24LS-1RC-PSN,CUSH24LS-1RC,,NEW,"new product, 5 images",OK
CUSH2526LS-CL,CUSH2526LS,,NEW,"new product, 5 images",OK
CUSH2526LS-RE,CUSH2526LS,,NEW,"new product, 5 images",OK
CUSH2526LS-CAL,CUSH2526LS,,NEW,"new product, 5 images",OK
CUSH2526LS-AR,CUSH2526LS,,NEW,"new product, 5 images",OK
CUSH2526LS-BK,CUSH2526LS,,NEW,"new product, 5 images",OK
CUSH2526LS-CFN,CUSH2526LS,,NEW,"new product, 5 images",OK
CUSH2526LS-CF,CUSH2526LS,,NEW,"new product, 5 images",OK
CUSH2526LS-HE,CUSH2526LS,,NEW,"new product, 5 images",OK
CUSH2526LS-JR,CUSH2526LS,,NEW,"new product, 5 images",OK
CUSH2526LS-CN,CUSH2526LS,,NEW,"new product, 5 images",OK
CUSH2526LS-CW,CUSH2526LS,,NEW,"new product, 5 images",OK
CUSH2526LS-SV,CUSH2526LS,,NEW,"new product, 5 images",OK
CUSH2526LS-CLC,CUSH2526LS,,NEW,"new product, 5 images",OK
CUSH2526LS-EM,CUSH2526LS,,NEW,"new product, 5 images",OK
CUSH2526LS-LDI,CUSH2526LS,,NEW,"new product, 5 images",OK
CUSH2526LS-RC,CUSH2526LS,,NEW,"new product, 5 images",OK
CUSH2526LS-RG,CUSH2526LS,,NEW,"new product, 5 images",OK
CUSH2526LS-RI,CUSH2526LS,,NEW,"new product, 5 images",OK
CUSH2526LS-RO,CUSH2526LS,,NEW,"new product, 5 images",OK
CUSH2526LS-RHA,CUSH2526LS,,NEW,"new product, 5 images",OK
CUSH2526LS-SR,CUSH2526LS,,NEW,"new product, 5 images",OK
CUSH2526LS-SI,CUSH2526LS,,NEW,"new product, 5 images",OK
CUSH260LS-CB,CUSH260LS,,NEW,"new product, 5 images",OK
CUSH260LS-AB,CUSH260LS,,NEW,"new product, 5 images",OK
CUSH260LS-CA,CUSH260LS,,NEW,"new product, 5 images",OK
CUSH260LS-CG,CUSH260LS,,NEW,"new product, 5 images",OK
CUSH260LS-HE,CUSH260LS,,NEW,"new product, 5 images",OK
CUSH260LS-JR,CUSH260LS,,NEW,"new product, 5 images",OK
CUSH260LS-CN,CUSH260LS,,NEW,"new product, 5 images",OK
CUSH260LS-CV,CUSH260LS,,NEW,"new product, 5 images",OK
CUSH260LS-CS,CUSH260LS,,NEW,"new product, 5 images",OK
CUSH260LS-CT,CUSH260LS,,NEW,"new product, 5 images",OK
CUSH260LS-AS,CUSH260LS,,NEW,"new product, 5 images",OK
CUSH260LS-BR,CUSH260LS,,NEW,"new product, 5 images",OK
CUSH260LS-CH,CUSH260LS,,NEW,"new product, 5 images",OK
CUSH260LS-OC,CUSH260LS,,NEW,"new product, 5 images",OK
CUSH260LS-SH,CUSH260LS,,NEW,"new product, 5 images",OK
CUSH260LS-SC,CUSH260LS,,NEW,"new product, 5 images",OK
CUSH260LS-CD,CUSH260LS,,NEW,"new product, 5 images",OK
CUSH260LS-SD,CUSH260LS,,NEW,"new product, 5 images",OK
CUSH260LS-SI,CUSH260LS,,NEW,"new product, 5 images",OK
CUSH260LS-SM,CUSH260LS,,NEW,"new product, 5 images",OK
CUSH261LS-BD,CUSH261LS,,NEW,"new product, 5 images",OK
CUSH261LS-CB,CUSH261LS,,NEW,"new product, 5 images",OK
CUSH261LS-AB,CUSH261LS,,NEW,"new product, 5 images",OK
CUSH261LS-CA,CUSH261LS,,NEW,"new product, 5 images",OK
CUSH261LS-CG,CUSH261LS,,NEW,"new product, 5 images",OK
CUSH261LS-HE,CUSH261LS,,NEW,"new product, 5 images",OK
CUSH261LS-JR,CUSH261LS,,NEW,"new product, 5 images",OK
CUSH261LS-CN,CUSH261LS,,NEW,"new product, 5 images",OK
CUSH261LS-CV,CUSH261LS,,NEW,"new product, 5 images",OK
CUSH261LS-CS,CUSH261LS,,NEW,"new product, 5 images",OK
CUSH261LS-CT,CUSH261LS,,NEW,"new product, 5 images",OK
CUSH261LS-CTE,CUSH261LS,,NEW,"new product, 5 images",OK
CUSH261LS-CW,CUSH261LS,,NEW,"new product, 5 images",OK
CUSH261LS-AS,CUSH261LS,,NEW,"new product, 5 images",OK
CUSH261LS-BR,CUSH261LS,,NEW,"new product, 5 images",OK
CUSH261LS-CH,CUSH261LS,,NEW,"new product, 5 images",OK
CUSH261LS-OC,CUSH261LS,,NEW,"new product, 5 images",OK
CUSH261LS-SH,CUSH261LS,,NEW,"new product, 5 images",OK
CUSH261LS-SC,CUSH261LS,,NEW,"new product, 5 images",OK
CUSH261LS-CD,CUSH261LS,,NEW,"new product, 5 images",OK
CUSH261LS-SD,CUSH261LS,,NEW,"new product, 5 images",OK
CUSH261LS-SI,CUSH261LS,,NEW,"new product, 5 images",OK
CUSH261LS-SM,CUSH261LS,,NEW,"new product, 5 images",OK
CUSH2630LS-CL,CUSH2630LS,,NEW,"new product, 5 images",OK
CUSH2630LS-RE,CUSH2630LS,,NEW,"new product, 5 images",OK
CUSH2630LS-CAL,CUSH2630LS,,NEW,"new product, 5 images",OK
CUSH2630LS-AR,CUSH2630LS,,NEW,"new product, 5 images",OK
CUSH2630LS-BK,CUSH2630LS,,NEW,"new product, 5 images",OK
CUSH2630LS-CFN,CUSH2630LS,,NEW,"new product, 5 images",OK
CUSH2630LS-CF,CUSH2630LS,,NEW,"new product, 5 images",OK
CUSH2630LS-HE,CUSH2630LS,,NEW,"new product, 5 images",OK
CUSH2630LS-JR,CUSH2630LS,,NEW,"new product, 5 images",OK
CUSH2630LS-CN,CUSH2630LS,,NEW,"new product, 5 images",OK
CUSH2630LS-CW,CUSH2630LS,,NEW,"new product, 5 images",OK
CUSH2630LS-SV,CUSH2630LS,,NEW,"new product, 5 images",OK
CUSH2630LS-CLC,CUSH2630LS,,NEW,"new product, 5 images",OK
CUSH2630LS-EM,CUSH2630LS,,NEW,"new product, 5 images",OK
CUSH2630LS-LDI,CUSH2630LS,,NEW,"new product, 5 images",OK
CUSH2630LS-RC,CUSH2630LS,,NEW,"new product, 5 images",OK
CUSH2630LS-RG,CUSH2630LS,,NEW,"new product, 5 images",OK
CUSH2630LS-RI,CUSH2630LS,,NEW,"new product, 5 images",OK
CUSH2630LS-RO,CUSH2630LS,,NEW,"new product, 5 images",OK
CUSH2630LS-RHA,CUSH2630LS,,NEW,"new product, 5 images",OK
CUSH2630LS-SR,CUSH2630LS,,NEW,"new product, 5 images",OK
CUSH2630LS-SI,CUSH2630LS,,NEW,"new product, 5 images",OK
CUSH270LS-CB,CUSH270LS,,NEW,"new product, 5 images",OK
CUSH270LS-AB,CUSH270LS,,NEW,"new product, 5 images",OK
CUSH270LS-BK,CUSH270LS,,NEW,"new product, 5 images",OK
CUSH270LS-CA,CUSH270LS,,NEW,"new product, 5 images",OK
CUSH270LS-CG,CUSH270LS,,NEW,"new product, 5 images",OK
CUSH270LS-HE,CUSH270LS,,NEW,"new product, 5 images",OK
CUSH270LS-JR,CUSH270LS,,NEW,"new product, 5 images",OK
CUSH270LS-CN,CUSH270LS,,NEW,"new product, 5 images",OK
CUSH270LS-CV,CUSH270LS,,NEW,"new product, 5 images",OK
CUSH270LS-CS,CUSH270LS,,NEW,"new product, 5 images",OK
CUSH270LS-CT,CUSH270LS,,NEW,"new product, 5 images",OK
CUSH270LS-AS,CUSH270LS,,NEW,"new product, 5 images",OK
CUSH270LS-BR,CUSH270LS,,NEW,"new product, 5 images",OK
CUSH270LS-CH,CUSH270LS,,NEW,"new product, 5 images",OK
CUSH270LS-OC,CUSH270LS,,NEW,"new product, 5 images",OK
CUSH270LS-SH,CUSH270LS,,NEW,"new product, 5 images",OK
CUSH270LS-SC,CUSH270LS,,NEW,"new product, 5 images",OK
CUSH270LS-CD,CUSH270LS,,NEW,"new product, 5 images",OK
CUSH270LS-SD,CUSH270LS,,NEW,"new product, 5 images",OK
CUSH270LS-SI,CUSH270LS,,NEW,"new product, 5 images",OK
CUSH270LS-SM,CUSH270LS,,NEW,"new product, 5 images",OK
CUSH271LS-BS,CUSH271LS,,NEW,"new product, 5 images",OK
CUSH271LS-CAL,CUSH271LS,,NEW,"new product, 5 images",OK
CUSH271LS-CB,CUSH271LS,,NEW,"new product, 5 images",OK
CUSH271LS-AB,CUSH271LS,,NEW,"new product, 5 images",OK
CUSH271LS-BK,CUSH271LS,,NEW,"new product, 5 images",OK
CUSH271LS-CA,CUSH271LS,,NEW,"new product, 5 images",OK
CUSH271LS-CFN,CUSH271LS,,NEW,"new product, 5 images",OK
CUSH271LS-HE,CUSH271LS,,NEW,"new product, 5 images",OK
CUSH271LS-JR,CUSH271LS,,NEW,"new product, 5 images",OK
CUSH271LS-CS,CUSH271LS,,NEW,"new product, 5 images",OK
CUSH271LS-CT,CUSH271LS,,NEW,"new product, 5 images",OK
CUSH271LS-CTE,CUSH271LS,,NEW,"new product, 5 images",OK
CUSH271LS-CW,CUSH271LS,,NEW,"new product, 5 images",OK
CUSH271LS-BR,CUSH271LS,,NEW,"new product, 5 images",OK
CUSH271LS-CH,CUSH271LS,,NEW,"new product, 5 images",OK
CUSH271LS-OC,CUSH271LS,,NEW,"new product, 5 images",OK
CUSH271LS-SH,CUSH271LS,,NEW,"new product, 5 images",OK
CUSH271LS-SV,CUSH271LS,,NEW,"new product, 5 images",OK
CUSH271LS-CLC,CUSH271LS,,NEW,"new product, 5 images",OK
CUSH271LS-DD,CUSH271LS,,NEW,"new product, 5 images",OK
CUSH271LS-PLL,CUSH271LS,,NEW,"new product, 5 images",OK
CUSH271LS-PSN,CUSH271LS,,NEW,"new product, 5 images",OK
CUSH271LS-RHA,CUSH271LS,,NEW,"new product, 5 images",OK
CUSH271LS-SR,CUSH271LS,,NEW,"new product, 5 images",OK
CUSH271LS-SC,CUSH271LS,,NEW,"new product, 5 images",OK
CUSH271LS-SM,CUSH271LS,,NEW,"new product, 5 images",OK
CUSH271LS-SS,CUSH271LS,,NEW,"new product, 5 images",OK
CUSH271O-BS,CUSH271O,,NEW,"new product, 5 images",OK
CUSH271OR-CAL,CUSH271OR,,NEW,"new product, 5 images",OK
CUSH271OR-BK,CUSH271OR,,NEW,"new product, 5 images",OK
CUSH271OR-CFN,CUSH271OR,,NEW,"new product, 5 images",OK
CUSH271OR-SV,CUSH271OR,,NEW,"new product, 5 images",OK
CUSH271OR-CLC,CUSH271OR,,NEW,"new product, 5 images",OK
CUSH271OR-RHA,CUSH271OR,,NEW,"new product, 5 images",OK
CUSH271OR-SR,CUSH271OR,,NEW,"new product, 5 images",OK
NC2001-1LC2M1RC-IMW,2001,,NEW,"new product, 5 images",OK
NC2001-1LC2M1SCC1RC-IMW,2001,,NEW,"new product, 5 images",OK
NC2001-1LC3M1SCC1RC1OT-SR,2001,,NEW,"new product, 2 images",OK
NC2001-3M1C-IMW,2001,,NEW,"new product, 5 images",OK
NC2001-3M1C1OT-IMW,2001,,NEW,"new product, 5 images",OK
NC2001-3M1SCC-EB,2001,,NEW,"new product, 1 images",OK
NC2001-3M1SCC-EM,2001,,NEW,"new product, 1 images",OK
NC2001-3M1SCC1OT-EB,2001,,NEW,"new product, 1 images",OK
NC2001-3M1SCC1OT-EM,2001,,NEW,"new product, 2 images",OK
NC2001-4M1LC1RC-IMW,2001,,NEW,"new product, 5 images",OK
NC2001CL-SRB-JM-BK,2001,,NEW,"new product, 5 images",OK
NC2001CL-SRB-JM-CG,2001,,NEW,"new product, 5 images",OK
NC2001CL-SRB-JM-CN,2001,,NEW,"new product, 5 images",OK
NC2001CL-SRB-JM-CV,2001,,NEW,"new product, 5 images",OK
NC2001CL-SRB-JM-SV,2001,,NEW,"new product, 5 images",OK
NC2001CL-SRB-JM-EB,2001,,NEW,"new product, 5 images",OK
NC2001CL-SRB-JM-EM,2001,,NEW,"new product, 5 images",OK
NC2001CL-SRB-JM-ES,2001,,NEW,"new product, 5 images",OK
NC2001CL-SRB-JM-IMW,2001,,NEW,"new product, 5 images",OK
NC2001CL-SRB-JM-SAA,2001,,NEW,"new product, 5 images",OK
NC2001CL-SRB-JM-SI,2001,,NEW,"new product, 5 images",OK
NC2001CL-SRB-JM-UC,2001,,NEW,"new product, 5 images",OK
NC2001CL-SRB-JM-UD,2001,,NEW,"new product, 5 images",OK
NC2001CL-SRB-JM-UR,2001,,NEW,"new product, 5 images",OK
NC2001SCC-IMW,2001,,NEW,"new product, 5 images",OK
NC2001O-SQ-SRB-BL-MBB,2001,,NEW,"new product, 5 images",OK
NC2001O-SQ-SRB-BL-MCE,2001,,NEW,"new product, 5 images",OK
NC2001O-SQ-SRB-BL-MSE,2001,,NEW,"new product, 5 images",OK
NC2001O-SQ-SRB-BL-MSS,2001,,NEW,"new product, 5 images",OK
NC2001O-SQ-SRB-BL-TSA,2001,,NEW,"new product, 5 images",OK
NC2001O-SQ-SRB-BL-US,2001,,NEW,"new product, 5 images",OK
NCI2676-DG-304-260-01-CFN,2676 - DG,,NEW,"new product, 5 images",OK
NCI2676SECT-DG-304-032-01-CFN,2676 - DG,,NEW,"new product, 5 images",OK
NC2676-DG-304-13S1LS-CAL,2676 - DG,,NEW,"new product, 5 images",OK
NC2676-DG-304-13S1LS-BK,2676 - DG,,NEW,"new product, 5 images",OK
NC2676-DG-304-13S1LS-CG,2676 - DG,,NEW,"new product, 5 images",OK
NC2676-DG-304-13S1LS-HE,2676 - DG,,NEW,"new product, 5 images",OK
NC2676-DG-304-13S1LS-CV,2676 - DG,,NEW,"new product, 5 images",OK
NC2676-DG-304-13S1LS-SV,2676 - DG,,NEW,"new product, 5 images",OK
NC2676-DG-304-13S1LS-CLC,2676 - DG,,NEW,"new product, 5 images",OK
NC2676-DG-304-13S1LS-RHA,2676 - DG,,NEW,"new product, 5 images",OK
NC2676-DG-304-13S1LS-SR,2676 - DG,,NEW,"new product, 5 images",OK
NC2676-DG-304-1C13S1CT7131ET713-BD,2676 - DG,,NEW,"new product, 5 images",OK
NC2676-DG-304-1C13S1CT7131ET713-BK,2676 - DG,,NEW,"new product, 5 images",OK
NCI2676-DG-304-1C13S1CT7131ET713-CFN,2676 - DG,,NEW,"new product, 5 images",OK
NC2676-DG-304-1C13S1CT7131ET713-CG,2676 - DG,,NEW,"new product, 5 images",OK
NCI2676-DG-304-1C13S1CT7131ET713-CN,2676 - DG,,NEW,"new product, 5 images",OK
NC2676-DG-304-1C13S1CT7131ET713-CV,2676 - DG,,NEW,"new product, 5 images",OK
NC2676-DG-304-1C13S1CT7131ET713-SV,2676 - DG,,NEW,"new product, 5 images",OK
NC2676-DG-304-1C13S1CT7131ET713-DD,2676 - DG,,NEW,"new product, 5 images",OK
NC2676-DG-304-1C13S1CT7131ET713-RHA,2676 - DG,,NEW,"new product, 5 images",OK
NC2676-DG-304-1C13S1CT7131ET713-SD,2676 - DG,,NEW,"new product, 5 images",OK
NC2676-DG-304-1C13S1CT6961ET696-BD,2676 - DG,,NEW,"new product, 5 images",OK
NC2676-DG-304-1C13S1CT6961ET696-BK,2676 - DG,,NEW,"new product, 5 images",OK
NCI2676-DG-304-1C13S1CT6961ET696-CFN,2676 - DG,,NEW,"new product, 5 images",OK
NC2676-DG-304-1C13S1CT6961ET696-CG,2676 - DG,,NEW,"new product, 5 images",OK
NCI2676-DG-304-1C13S1CT6961ET696-CN,2676 - DG,,NEW,"new product, 5 images",OK
NC2676-DG-304-1C13S1CT6961ET696-CV,2676 - DG,,NEW,"new product, 5 images",OK
NC2676-DG-304-1C13S1CT6961ET696-SV,2676 - DG,,NEW,"new product, 5 images",OK
NC2676-DG-304-1C13S1CT6961ET696-DD,2676 - DG,,NEW,"new product, 5 images",OK
NC2676-DG-304-1C13S1CT6961ET696-RHA,2676 - DG,,NEW,"new product, 5 images",OK
NC2676-DG-304-1C13S1CT6961ET696-SD,2676 - DG,,NEW,"new product, 5 images",OK
NC2676-DG-304-1C13S1CT7391ET739-BD,2676 - DG,,NEW,"new product, 5 images",OK
NC2676-DG-304-1C13S1CT7391ET739-BK,2676 - DG,,NEW,"new product, 5 images",OK
NCI2676-DG-304-1C13S1CT7391ET739-CFN,2676 - DG,,NEW,"new product, 5 images",OK
NC2676-DG-304-1C13S1CT7391ET739-CG,2676 - DG,,NEW,"new product, 5 images",OK
NCI2676-DG-304-1C13S1CT7391ET739-CN,2676 - DG,,NEW,"new product, 5 images",OK
NC2676-DG-304-1C13S1CT7391ET739-CV,2676 - DG,,NEW,"new product, 5 images",OK
NC2676-DG-304-1C13S1CT7391ET739-SV,2676 - DG,,NEW,"new product, 5 images",OK
NC2676-DG-304-1C13S1CT7391ET739-DD,2676 - DG,,NEW,"new product, 5 images",OK
NC2676-DG-304-1C13S1CT7391ET739-RHA,2676 - DG,,NEW,"new product, 5 images",OK
NC2676-DG-304-1C13S1CT7391ET739-SD,2676 - DG,,NEW,"new product, 5 images",OK
NC2676-DG-304-2C13S-CAL,2676 - DG,,NEW,"new product, 5 images",OK
NC2676-DG-304-2C13S-BK,2676 - DG,,NEW,"new product, 5 images",OK
NC2676-DG-304-2C13S-CG,2676 - DG,,NEW,"new product, 5 images",OK
NC2676-DG-304-2C13S-HE,2676 - DG,,NEW,"new product, 5 images",OK
NC2676-DG-304-2C13S-CV,2676 - DG,,NEW,"new product, 5 images",OK
NC2676-DG-304-2C13S-SV,2676 - DG,,NEW,"new product, 5 images",OK
NC2676-DG-304-2C13S-CLC,2676 - DG,,NEW,"new product, 5 images",OK
NC2676-DG-304-2C13S-RHA,2676 - DG,,NEW,"new product, 5 images",OK
NC2676-DG-304-2C13S-SR,2676 - DG,,NEW,"new product, 5 images",OK
NC2676-DG-304-2C13S1CT7131ET713-BD,2676 - DG,,NEW,"new product, 5 images",OK
NC2676-DG-304-2C13S1CT7131ET713-BK,2676 - DG,,NEW,"new product, 5 images",OK
NCI2676-DG-304-2C13S1CT7131ET713-CFN,2676 - DG,,NEW,"new product, 5 images",OK
NC2676-DG-304-2C13S1CT7131ET713-CG,2676 - DG,,NEW,"new product, 5 images",OK
NCI2676-DG-304-2C13S1CT7131ET713-CN,2676 - DG,,NEW,"new product, 5 images",OK
NC2676-DG-304-2C13S1CT7131ET713-CV,2676 - DG,,NEW,"new product, 5 images",OK
NC2676-DG-304-2C13S1CT7131ET713-SV,2676 - DG,,NEW,"new product, 5 images",OK
NC2676-DG-304-2C13S1CT7131ET713-DD,2676 - DG,,NEW,"new product, 5 images",OK
NC2676-DG-304-2C13S1CT7131ET713-RHA,2676 - DG,,NEW,"new product, 5 images",OK
NC2676-DG-304-2C13S1CT7131ET713-SD,2676 - DG,,NEW,"new product, 5 images",OK
NC2676-DG-304-2C13S1CT6961ET696-BD,2676 - DG,,NEW,"new product, 5 images",OK
NC2676-DG-304-2C13S1CT6961ET696-BK,2676 - DG,,NEW,"new product, 5 images",OK
NCI2676-DG-304-2C13S1CT6961ET696-CFN,2676 - DG,,NEW,"new product, 5 images",OK
NC2676-DG-304-2C13S1CT6961ET696-CG,2676 - DG,,NEW,"new product, 5 images",OK
NCI2676-DG-304-2C13S1CT6961ET696-CN,2676 - DG,,NEW,"new product, 5 images",OK
NC2676-DG-304-2C13S1CT6961ET696-CV,2676 - DG,,NEW,"new product, 5 images",OK
NC2676-DG-304-2C13S1CT6961ET696-SV,2676 - DG,,NEW,"new product, 5 images",OK
NC2676-DG-304-2C13S1CT6961ET696-DD,2676 - DG,,NEW,"new product, 5 images",OK
NC2676-DG-304-2C13S1CT6961ET696-RHA,2676 - DG,,NEW,"new product, 5 images",OK
NC2676-DG-304-2C13S1CT6961ET696-SD,2676 - DG,,NEW,"new product, 5 images",OK
NC2676-DG-304-2C13S1CT7391ET739-BD,2676 - DG,,NEW,"new product, 5 images",OK
NC2676-DG-304-2C13S1CT7391ET739-BK,2676 - DG,,NEW,"new product, 5 images",OK
NCI2676-DG-304-2C13S1CT7391ET739-CFN,2676 - DG,,NEW,"new product, 5 images",OK
NC2676-DG-304-2C13S1CT7391ET739-CG,2676 - DG,,NEW,"new product, 5 images",OK
NCI2676-DG-304-2C13S1CT7391ET739-CN,2676 - DG,,NEW,"new product, 5 images",OK
NC2676-DG-304-2C13S1CT7391ET739-CV,2676 - DG,,NEW,"new product, 5 images",OK
NC2676-DG-304-2C13S1CT7391ET739-SV,2676 - DG,,NEW,"new product, 5 images",OK
NC2676-DG-304-2C13S1CT7391ET739-DD,2676 - DG,,NEW,"new product, 5 images",OK
NC2676-DG-304-2C13S1CT7391ET739-RHA,2676 - DG,,NEW,"new product, 5 images",OK
NC2676-DG-304-2C13S1CT7391ET739-SD,2676 - DG,,NEW,"new product, 5 images",OK
NC2676-DG-304-2C13S1LS-CAL,2676 - DG,,NEW,"new product, 5 images",OK
NC2676-DG-304-2C13S1LS-BK,2676 - DG,,NEW,"new product, 5 images",OK
NC2676-DG-304-2C13S1LS-CG,2676 - DG,,NEW,"new product, 5 images",OK
NC2676-DG-304-2C13S1LS-HE,2676 - DG,,NEW,"new product, 5 images",OK
NC2676-DG-304-2C13S1LS-CV,2676 - DG,,NEW,"new product, 5 images",OK
NC2676-DG-304-2C13S1LS-SV,2676 - DG,,NEW,"new product, 5 images",OK
NC2676-DG-304-2C13S1LS-CLC,2676 - DG,,NEW,"new product, 5 images",OK
NC2676-DG-304-2C13S1LS-RHA,2676 - DG,,NEW,"new product, 5 images",OK
NC2676-DG-304-2C13S1LS-SR,2676 - DG,,NEW,"new product, 5 images",OK
NC2676-DG-304-2C1CT71313S-BD,2676 - DG,,NEW,"new product, 5 images",OK
NC2676-DG-304-2C1CT71313S-BK,2676 - DG,,NEW,"new product, 5 images",OK
NCI2676-DG-304-2C1CT71313S-CFN,2676 - DG,,NEW,"new product, 5 images",OK
NC2676-DG-304-2C1CT71313S-CG,2676 - DG,,NEW,"new product, 5 images",OK
NCI2676-DG-304-2C1CT71313S-CN,2676 - DG,,NEW,"new product, 5 images",OK
NC2676-DG-304-2C1CT71313S-CV,2676 - DG,,NEW,"new product, 5 images",OK
NC2676-DG-304-2C1CT71313S-SV,2676 - DG,,NEW,"new product, 5 images",OK
NC2676-DG-304-2C1CT71313S-DD,2676 - DG,,NEW,"new product, 5 images",OK
NC2676-DG-304-2C1CT71313S-RHA,2676 - DG,,NEW,"new product, 5 images",OK
NC2676-DG-304-2C1CT71313S-SD,2676 - DG,,NEW,"new product, 5 images",OK
NC2676-DG-304-2C1CT69613S-BD,2676 - DG,,NEW,"new product, 5 images",OK
NC2676-DG-304-2C1CT69613S-BK,2676 - DG,,NEW,"new product, 5 images",OK
NCI2676-DG-304-2C1CT69613S-CFN,2676 - DG,,NEW,"new product, 5 images",OK
NC2676-DG-304-2C1CT69613S-CG,2676 - DG,,NEW,"new product, 5 images",OK
NCI2676-DG-304-2C1CT69613S-CN,2676 - DG,,NEW,"new product, 5 images",OK
NC2676-DG-304-2C1CT69613S-CV,2676 - DG,,NEW,"new product, 5 images",OK
NC2676-DG-304-2C1CT69613S-SV,2676 - DG,,NEW,"new product, 5 images",OK
NC2676-DG-304-2C1CT69613S-DD,2676 - DG,,NEW,"new product, 5 images",OK
NC2676-DG-304-2C1CT69613S-RHA,2676 - DG,,NEW,"new product, 5 images",OK
NC2676-DG-304-2C1CT69613S-SD,2676 - DG,,NEW,"new product, 5 images",OK
NC2676-DG-304-2C1CT73913S-BD,2676 - DG,,NEW,"new product, 5 images",OK
NC2676-DG-304-2C1CT73913S-BK,2676 - DG,,NEW,"new product, 5 images",OK
NCI2676-DG-304-2C1CT73913S-CFN,2676 - DG,,NEW,"new product, 5 images",OK
NC2676-DG-304-2C1CT73913S-CG,2676 - DG,,NEW,"new product, 5 images",OK
NCI2676-DG-304-2C1CT73913S-CN,2676 - DG,,NEW,"new product, 5 images",OK
NC2676-DG-304-2C1CT73913S-CV,2676 - DG,,NEW,"new product, 5 images",OK
NC2676-DG-304-2C1CT73913S-SV,2676 - DG,,NEW,"new product, 5 images",OK
NC2676-DG-304-2C1CT73913S-DD,2676 - DG,,NEW,"new product, 5 images",OK
NC2676-DG-304-2C1CT73913S-RHA,2676 - DG,,NEW,"new product, 5 images",OK
NC2676-DG-304-2C1CT73913S-SD,2676 - DG,,NEW,"new product, 5 images",OK
NC2676-DG-304-2C1ET713-BD,2676 - DG,,NEW,"new product, 5 images",OK
NC2676-DG-304-2C1ET713-BK,2676 - DG,,NEW,"new product, 5 images",OK
NCI2676-DG-304-2C1ET713-CFN,2676 - DG,,NEW,"new product, 5 images",OK
NC2676-DG-304-2C1ET713-CG,2676 - DG,,NEW,"new product, 5 images",OK
NCI2676-DG-304-2C1ET713-CN,2676 - DG,,NEW,"new product, 5 images",OK
NC2676-DG-304-2C1ET713-CV,2676 - DG,,NEW,"new product, 5 images",OK
NC2676-DG-304-2C1ET713-SV,2676 - DG,,NEW,"new product, 5 images",OK
NC2676-DG-304-2C1ET713-DD,2676 - DG,,NEW,"new product, 5 images",OK
NC2676-DG-304-2C1ET713-RHA,2676 - DG,,NEW,"new product, 5 images",OK
NC2676-DG-304-2C1ET713-SD,2676 - DG,,NEW,"new product, 5 images",OK
NC2676-DG-304-2C1ET696-BD,2676 - DG,,NEW,"new product, 5 images",OK
NC2676-DG-304-2C1ET696-BK,2676 - DG,,NEW,"new product, 5 images",OK
NCI2676-DG-304-2C1ET696-CFN,2676 - DG,,NEW,"new product, 5 images",OK
NC2676-DG-304-2C1ET696-CG,2676 - DG,,NEW,"new product, 5 images",OK
NCI2676-DG-304-2C1ET696-CN,2676 - DG,,NEW,"new product, 5 images",OK
NC2676-DG-304-2C1ET696-CV,2676 - DG,,NEW,"new product, 5 images",OK
NC2676-DG-304-2C1ET696-SV,2676 - DG,,NEW,"new product, 5 images",OK
NC2676-DG-304-2C1ET696-DD,2676 - DG,,NEW,"new product, 5 images",OK
NC2676-DG-304-2C1ET696-RHA,2676 - DG,,NEW,"new product, 5 images",OK
NC2676-DG-304-2C1ET696-SD,2676 - DG,,NEW,"new product, 5 images",OK
NC2676-DG-304-2C1ET739-BD,2676 - DG,,NEW,"new product, 5 images",OK
NC2676-DG-304-2C1ET739-BK,2676 - DG,,NEW,"new product, 5 images",OK
NCI2676-DG-304-2C1ET739-CFN,2676 - DG,,NEW,"new product, 5 images",OK
NC2676-DG-304-2C1ET739-CG,2676 - DG,,NEW,"new product, 5 images",OK
NCI2676-DG-304-2C1ET739-CN,2676 - DG,,NEW,"new product, 5 images",OK
NC2676-DG-304-2C1ET739-CV,2676 - DG,,NEW,"new product, 5 images",OK
NC2676-DG-304-2C1ET739-SV,2676 - DG,,NEW,"new product, 5 images",OK
NC2676-DG-304-2C1ET739-DD,2676 - DG,,NEW,"new product, 5 images",OK
NC2676-DG-304-2C1ET739-RHA,2676 - DG,,NEW,"new product, 5 images",OK
NC2676-DG-304-2C1ET739-SD,2676 - DG,,NEW,"new product, 5 images",OK
NC2676-DG-304-2C1LS-CAL,2676 - DG,,NEW,"new product, 5 images",OK
NC2676-DG-304-2C1LS-BK,2676 - DG,,NEW,"new product, 5 images",OK
NC2676-DG-304-2C1LS-CG,2676 - DG,,NEW,"new product, 5 images",OK
NC2676-DG-304-2C1LS-HE,2676 - DG,,NEW,"new product, 5 images",OK
NC2676-DG-304-2C1LS-CV,2676 - DG,,NEW,"new product, 5 images",OK
NC2676-DG-304-2C1LS-SV,2676 - DG,,NEW,"new product, 5 images",OK
NC2676-DG-304-2C1LS-CLC,2676 - DG,,NEW,"new product, 5 images",OK
NC2676-DG-304-2C1LS-RHA,2676 - DG,,NEW,"new product, 5 images",OK
NC2676-DG-304-2C1LS-SR,2676 - DG,,NEW,"new product, 5 images",OK
NC2676-DG-304-2SR13S-CAL,2676 - DG,,NEW,"new product, 5 images",OK
NC2676-DG-304-2SR13S-BK,2676 - DG,,NEW,"new product, 5 images",OK
NC2676-DG-304-2SR13S-CG,2676 - DG,,NEW,"new product, 5 images",OK
NC2676-DG-304-2SR13S-HE,2676 - DG,,NEW,"new product, 5 images",OK
NC2676-DG-304-2SR13S-CV,2676 - DG,,NEW,"new product, 5 images",OK
NC2676-DG-304-2SR13S-SV,2676 - DG,,NEW,"new product, 5 images",OK
NC2676-DG-304-2SR13S-CLC,2676 - DG,,NEW,"new product, 5 images",OK
NC2676-DG-304-2SR13S-RHA,2676 - DG,,NEW,"new product, 5 images",OK
NC2676-DG-304-2SR13S-SR,2676 - DG,,NEW,"new product, 5 images",OK
NC2676-DG-304-2SR1LS-CAL,2676 - DG,,NEW,"new product, 5 images",OK
NC2676-DG-304-2SR1LS-BK,2676 - DG,,NEW,"new product, 5 images",OK
NC2676-DG-304-2SR1LS-CG,2676 - DG,,NEW,"new product, 5 images",OK
NC2676-DG-304-2SR1LS-HE,2676 - DG,,NEW,"new product, 5 images",OK
NC2676-DG-304-2SR1LS-CV,2676 - DG,,NEW,"new product, 5 images",OK
NC2676-DG-304-2SR1LS-SV,2676 - DG,,NEW,"new product, 5 images",OK
NC2676-DG-304-2SR1LS-CLC,2676 - DG,,NEW,"new product, 5 images",OK
NC2676-DG-304-2SR1LS-RHA,2676 - DG,,NEW,"new product, 5 images",OK
NC2676-DG-304-2SR1LS-SR,2676 - DG,,NEW,"new product, 5 images",OK
NC2676-DG-304-006-01-CAL,2676 - DG,,NEW,"new product, 5 images",OK
NC2676-DG-304-006-01-HE,2676 - DG,,NEW,"new product, 5 images",OK
NC2676-DG-304-006-01-CN,2676 - DG,,NEW,"new product, 5 images",OK
NC2676-DG-304-006-01-CLC,2676 - DG,,NEW,"new product, 5 images",OK
NC2676-DG-304-006-01-SR,2676 - DG,,NEW,"new product, 5 images",OK
NC2676-DG-304-4C2LS-CAL,2676 - DG,,NEW,"new product, 5 images",OK
NC2676-DG-304-4C2LS-BK,2676 - DG,,NEW,"new product, 5 images",OK
NC2676-DG-304-4C2LS-CG,2676 - DG,,NEW,"new product, 5 images",OK
NC2676-DG-304-4C2LS-HE,2676 - DG,,NEW,"new product, 5 images",OK
NC2676-DG-304-4C2LS-CV,2676 - DG,,NEW,"new product, 5 images",OK
NC2676-DG-304-4C2LS-SV,2676 - DG,,NEW,"new product, 5 images",OK
NC2676-DG-304-4C2LS-CLC,2676 - DG,,NEW,"new product, 5 images",OK
NC2676-DG-304-4C2LS-RHA,2676 - DG,,NEW,"new product, 5 images",OK
NC2676-DG-304-4C2LS-SR,2676 - DG,,NEW,"new product, 5 images",OK
NC2676-DG-304-4SR2LS-CAL,2676 - DG,,NEW,"new product, 5 images",OK
NC2676-DG-304-4SR2LS-BK,2676 - DG,,NEW,"new product, 5 images",OK
NC2676-DG-304-4SR2LS-CG,2676 - DG,,NEW,"new product, 5 images",OK
NC2676-DG-304-4SR2LS-HE,2676 - DG,,NEW,"new product, 5 images",OK
NC2676-DG-304-4SR2LS-CV,2676 - DG,,NEW,"new product, 5 images",OK
NC2676-DG-304-4SR2LS-SV,2676 - DG,,NEW,"new product, 5 images",OK
NC2676-DG-304-4SR2LS-CLC,2676 - DG,,NEW,"new product, 5 images",OK
NC2676-DG-304-4SR2LS-RHA,2676 - DG,,NEW,"new product, 5 images",OK
NC2676-DG-304-4SR2LS-SR,2676 - DG,,NEW,"new product, 5 images",OK
NC2676-DG-304-001-01-CAL,2676 - DG,,NEW,"new product, 5 images",OK
NC2676-DG-304-001-01-HE,2676 - DG,,NEW,"new product, 5 images",OK
NC2676-DG-304-001-01-CN,2676 - DG,,NEW,"new product, 5 images",OK
NC2676-DG-304-001-01-CLC,2676 - DG,,NEW,"new product, 5 images",OK
NC2676-DG-304-001-01-SR,2676 - DG,,NEW,"new product, 5 images",OK
NC2676-DG-304-002-01-CAL,2676 - DG,,NEW,"new product, 5 images",OK
NC2676-DG-304-002-01-HE,2676 - DG,,NEW,"new product, 5 images",OK
NC2676-DG-304-002-01-CN,2676 - DG,,NEW,"new product, 5 images",OK
NC2676-DG-304-002-01-CLC,2676 - DG,,NEW,"new product, 5 images",OK
NC2676-DG-304-002-01-SR,2676 - DG,,NEW,"new product, 5 images",OK
NC2676-DG-304-260-01-CAL,2676 - DG,,NEW,"new product, 5 images",OK
NC2676-DG-304-260-01-HE,2676 - DG,,NEW,"new product, 5 images",OK
NC2676-DG-304-260-01-CN,2676 - DG,,NEW,"new product, 5 images",OK
NC2676-DG-304-260-01-CLC,2676 - DG,,NEW,"new product, 5 images",OK
NC2676-DG-304-260-01-SR,2676 - DG,,NEW,"new product, 5 images",OK
6400SE-DG-713-1LLS1RLS1MC1SCC-CV-SPT713,6400 - DG,,NEW,"new product, 5 images",OK
6400SE-DG-713-1LLS1RLS1MC1SCC-SV-SPT713,6400 - DG,,NEW,"new product, 5 images",OK
NC6400-DG-304-13S1LS1SR1C1CT739-CAL,6400 - DG,,NEW,"new product, 5 images",OK
NC6400-DG-304-13S1LS1SR1C1CT739-BK,6400 - DG,,NEW,"new product, 5 images",OK
NC6400-DG-304-13S1LS1SR1C1CT739-CFN,6400 - DG,,NEW,"new product, 5 images",OK
NC6400-DG-304-13S1LS1SR1C1CT739-CG,6400 - DG,,NEW,"new product, 5 images",OK
NC6400-DG-304-13S1LS1SR1C1CT739-HE,6400 - DG,,NEW,"new product, 5 images",OK
NC6400-DG-304-13S1LS1SR1C1CT739-CN,6400 - DG,,NEW,"new product, 5 images",OK
NC6400-DG-304-13S1LS1SR1C1CT739-CV,6400 - DG,,NEW,"new product, 5 images",OK
NC6400-DG-304-13S1LS1SR1C1CT739-SV,6400 - DG,,NEW,"new product, 5 images",OK
NC6400-DG-304-13S1LS1SR1C1CT739-CLC,6400 - DG,,NEW,"new product, 5 images",OK
NC6400-DG-304-13S1LS1SR1C1CT739-RHA,6400 - DG,,NEW,"new product, 5 images",OK
NC6400-DG-304-13S1LS1SR1C1CT739-SR,6400 - DG,,NEW,"new product, 5 images",OK
NC6400-DG-304-13S1LS1SR1C1OT1CT7391ET739-CAL,6400 - DG,,NEW,"new product, 5 images",OK
NC6400-DG-304-13S1LS1SR1C1OT1CT7391ET739-BK,6400 - DG,,NEW,"new product, 5 images",OK
NC6400-DG-304-13S1LS1SR1C1OT1CT7391ET739-CFN,6400 - DG,,NEW,"new product, 5 images",OK
NC6400-DG-304-13S1LS1SR1C1OT1CT7391ET739-CG,6400 - DG,,NEW,"new product, 5 images",OK
NC6400-DG-304-13S1LS1SR1C1OT1CT7391ET739-HE,6400 - DG,,NEW,"new product, 5 images",OK
NC6400-DG-304-13S1LS1SR1C1OT1CT7391ET739-CN,6400 - DG,,NEW,"new product, 5 images",OK
NC6400-DG-304-13S1LS1SR1C1OT1CT7391ET739-CV,6400 - DG,,NEW,"new product, 5 images",OK
NC6400-DG-304-13S1LS1SR1C1OT1CT7391ET739-SV,6400 - DG,,NEW,"new product, 5 images",OK
NC6400-DG-304-13S1LS1SR1C1OT1CT7391ET739-CLC,6400 - DG,,NEW,"new product, 5 images",OK
NC6400-DG-304-13S1LS1SR1C1OT1CT7391ET739-RHA,6400 - DG,,NEW,"new product, 5 images",OK
NC6400-DG-304-13S1LS1SR1C1OT1CT7391ET739-SR,6400 - DG,,NEW,"new product, 5 images",OK
NC6400-DG-304-1C13S1CT7391LS-CAL,6400 - DG,,NEW,"new product, 5 images",OK
NC6400-DG-304-1C13S1CT7391LS-BK,6400 - DG,,NEW,"new product, 5 images",OK
NC6400-DG-304-1C13S1CT7391LS-CFN,6400 - DG,,NEW,"new product, 5 images",OK
NC6400-DG-304-1C13S1CT7391LS-CG,6400 - DG,,NEW,"new product, 5 images",OK
NC6400-DG-304-1C13S1CT7391LS-HE,6400 - DG,,NEW,"new product, 5 images",OK
NC6400-DG-304-1C13S1CT7391LS-CN,6400 - DG,,NEW,"new product, 5 images",OK
NC6400-DG-304-1C13S1CT7391LS-CV,6400 - DG,,NEW,"new product, 5 images",OK
NC6400-DG-304-1C13S1CT7391LS-SV,6400 - DG,,NEW,"new product, 5 images",OK
NC6400-DG-304-1C13S1CT7391LS-CLC,6400 - DG,,NEW,"new product, 5 images",OK
NC6400-DG-304-1C13S1CT7391LS-RHA,6400 - DG,,NEW,"new product, 5 images",OK
NC6400-DG-304-1C13S1CT7391LS-SR,6400 - DG,,NEW,"new product, 5 images",OK
NC6400-DG-304-2C1CT7391LS-CAL,6400 - DG,,NEW,"new product, 5 images",OK
NC6400-DG-304-2C1CT7391LS-BK,6400 - DG,,NEW,"new product, 5 images",OK
NC6400-DG-304-2C1CT7391LS-CFN,6400 - DG,,NEW,"new product, 5 images",OK
NC6400-DG-304-2C1CT7391LS-CG,6400 - DG,,NEW,"new product, 5 images",OK
NC6400-DG-304-2C1CT7391LS-HE,6400 - DG,,NEW,"new product, 5 images",OK
NC6400-DG-304-2C1CT7391LS-CN,6400 - DG,,NEW,"new product, 5 images",OK
NC6400-DG-304-2C1CT7391LS-CV,6400 - DG,,NEW,"new product, 5 images",OK
NC6400-DG-304-2C1CT7391LS-SV,6400 - DG,,NEW,"new product, 5 images",OK
NC6400-DG-304-2C1CT7391LS-CLC,6400 - DG,,NEW,"new product, 5 images",OK
NC6400-DG-304-2C1CT7391LS-RHA,6400 - DG,,NEW,"new product, 5 images",OK
NC6400-DG-304-2C1CT7391LS-SR,6400 - DG,,NEW,"new product, 5 images",OK
NC6400-DG-304-006-01-CAL,6400 - DG,,NEW,"new product, 5 images",OK
NC6400-DG-304-006-01-CFN,6400 - DG,,NEW,"new product, 5 images",OK
NC6400-DG-304-006-01-HE,6400 - DG,,NEW,"new product, 5 images",OK
NC6400-DG-304-006-01-CLC,6400 - DG,,NEW,"new product, 5 images",OK
NC6400-DG-304-006-01-SR,6400 - DG,,NEW,"new product, 5 images",OK
NC6400-DG-304-001-01-CAL,6400 - DG,,NEW,"new product, 5 images",OK
NC6400-DG-304-001-01-CFN,6400 - DG,,NEW,"new product, 5 images",OK
NC6400-DG-304-001-01-HE,6400 - DG,,NEW,"new product, 5 images",OK
NC6400-DG-304-001-01-CLC,6400 - DG,,NEW,"new product, 5 images",OK
NC6400-DG-304-001-01-SR,6400 - DG,,NEW,"new product, 5 images",OK
NC6400-DG-304-002-01-CAL,6400 - DG,,NEW,"new product, 5 images",OK
NC6400-DG-304-002-01-CFN,6400 - DG,,NEW,"new product, 5 images",OK
NC6400-DG-304-002-01-HE,6400 - DG,,NEW,"new product, 5 images",OK
NC6400-DG-304-002-01-CLC,6400 - DG,,NEW,"new product, 5 images",OK
NC6400-DG-304-002-01-SR,6400 - DG,,NEW,"new product, 5 images",OK
NC6400-DG-304-068-01-CAL,6400 - DG,,NEW,"new product, 5 images",OK
NC6400-DG-304-068-01-CFN,6400 - DG,,NEW,"new product, 5 images",OK
NC6400-DG-304-068-01-HE,6400 - DG,,NEW,"new product, 5 images",OK
NC6400-DG-304-068-01-CLC,6400 - DG,,NEW,"new product, 5 images",OK
NC6400-DG-304-068-01-SR,6400 - DG,,NEW,"new product, 5 images",OK
NC6400-DG-304-260-01-CAL,6400 - DG,,NEW,"new product, 5 images",OK
NC6400-DG-304-260-01-CFN,6400 - DG,,NEW,"new product, 5 images",OK
NC6400-DG-304-260-01-HE,6400 - DG,,NEW,"new product, 5 images",OK
NC6400-DG-304-260-01-CLC,6400 - DG,,NEW,"new product, 5 images",OK
NC6400-DG-304-260-01-SR,6400 - DG,,NEW,"new product, 5 images",OK
NC6400-DG-713-1C13S1CT-CAL-SPT713,6400 - DG,,NEW,"new product, 5 images",OK
NC6400-DG-713-1C13S1CT-BK-SPT713,6400 - DG,,NEW,"new product, 5 images",OK
NC6400-DG-713-1C13S1CT-CFN-SPT713,6400 - DG,,NEW,"new product, 5 images",OK
NC6400-DG-713-1C13S1CT-CG-SPT713,6400 - DG,,NEW,"new product, 5 images",OK
NC6400-DG-713-1C13S1CT-HE-SPT713,6400 - DG,,NEW,"new product, 5 images",OK
NC6400-DG-713-1C13S1CT-CN-SPT713,6400 - DG,,NEW,"new product, 5 images",OK
NC6400-DG-713-1C13S1CT-CV-SPT713,6400 - DG,,NEW,"new product, 5 images",OK
NC6400-DG-713-1C13S1CT-SV-SPT713,6400 - DG,,NEW,"new product, 5 images",OK
NC6400-DG-713-1C13S1CT-CLC-SPT713,6400 - DG,,NEW,"new product, 5 images",OK
NC6400-DG-713-1C13S1CT-RHA-SPT713,6400 - DG,,NEW,"new product, 5 images",OK
NC6400-DG-713-1C13S1CT-SR-SPT713,6400 - DG,,NEW,"new product, 5 images",OK
NC6400-DG-713-2C1CT13S-CAL-SPT713,6400 - DG,,NEW,"new product, 5 images",OK
NC6400-DG-713-2C1CT13S-BK-SPT713,6400 - DG,,NEW,"new product, 5 images",OK
NC6400-DG-713-2C1CT13S-CFN-SPT713,6400 - DG,,NEW,"new product, 5 images",OK
NC6400-DG-713-2C1CT13S-CG-SPT713,6400 - DG,,NEW,"new product, 5 images",OK
NC6400-DG-713-2C1CT13S-HE-SPT713,6400 - DG,,NEW,"new product, 5 images",OK
NC6400-DG-713-2C1CT13S-CN-SPT713,6400 - DG,,NEW,"new product, 5 images",OK
NC6400-DG-713-2C1CT13S-CV-SPT713,6400 - DG,,NEW,"new product, 5 images",OK
NC6400-DG-713-2C1CT13S-SV-SPT713,6400 - DG,,NEW,"new product, 5 images",OK
NC6400-DG-713-2C1CT13S-CLC-SPT713,6400 - DG,,NEW,"new product, 5 images",OK
NC6400-DG-713-2C1CT13S-RHA-SPT713,6400 - DG,,NEW,"new product, 5 images",OK
NC6400-DG-713-2C1CT13S-SR-SPT713,6400 - DG,,NEW,"new product, 5 images",OK
NC6400-DG-713-2SR1CT13S-CAL-SPT713,6400 - DG,,NEW,"new product, 5 images",OK
NC6400-DG-713-2SR1CT13S-BK-SPT713,6400 - DG,,NEW,"new product, 5 images",OK
NC6400-DG-713-2SR1CT13S-CFN-SPT713,6400 - DG,,NEW,"new product, 5 images",OK
NC6400-DG-713-2SR1CT13S-CG-SPT713,6400 - DG,,NEW,"new product, 5 images",OK
NC6400-DG-713-2SR1CT13S-HE-SPT713,6400 - DG,,NEW,"new product, 5 images",OK
NC6400-DG-713-2SR1CT13S-CN-SPT713,6400 - DG,,NEW,"new product, 5 images",OK
NC6400-DG-713-2SR1CT13S-CV-SPT713,6400 - DG,,NEW,"new product, 5 images",OK
NC6400-DG-713-2SR1CT13S-SV-SPT713,6400 - DG,,NEW,"new product, 5 images",OK
NC6400-DG-713-2SR1CT13S-CLC-SPT713,6400 - DG,,NEW,"new product, 5 images",OK
NC6400-DG-713-2SR1CT13S-RHA-SPT713,6400 - DG,,NEW,"new product, 5 images",OK
NC6400-DG-713-2SR1CT13S-SR-SPT713,6400 - DG,,NEW,"new product, 5 images",OK
NC6400-DG-713-260-01-BK-SPT713,6400 - DG,,NEW,"new product, 1 images",OK
NC6400-DG-713-260-01-SV-SPT713,6400 - DG,,NEW,"new product, 1 images",OK
NC6400-DG-696-1C13S1CT-CAL-SPT696,6400 - DG,,NEW,"new product, 5 images",OK
NC6400-DG-696-1C13S1CT-BK-SPT696,6400 - DG,,NEW,"new product, 5 images",OK
NC6400-DG-696-1C13S1CT-CFN-SPT696,6400 - DG,,NEW,"new product, 5 images",OK
NC6400-DG-696-1C13S1CT-CG-SPT696,6400 - DG,,NEW,"new product, 5 images",OK
NC6400-DG-696-1C13S1CT-HE-SPT696,6400 - DG,,NEW,"new product, 5 images",OK
NC6400-DG-696-1C13S1CT-CN-SPT696,6400 - DG,,NEW,"new product, 5 images",OK
NC6400-DG-696-1C13S1CT-CV-SPT696,6400 - DG,,NEW,"new product, 5 images",OK
NC6400-DG-696-1C13S1CT-SV-SPT696,6400 - DG,,NEW,"new product, 5 images",OK
NC6400-DG-696-1C13S1CT-CLC-SPT696,6400 - DG,,NEW,"new product, 5 images",OK
NC6400-DG-696-1C13S1CT-RHA-SPT696,6400 - DG,,NEW,"new product, 5 images",OK
NC6400-DG-696-1C13S1CT-SR-SPT696,6400 - DG,,NEW,"new product, 5 images",OK
NC6400-DG-696-2C1CT13S-CAL-SPT696,6400 - DG,,NEW,"new product, 5 images",OK
NC6400-DG-696-2C1CT13S-BK-SPT696,6400 - DG,,NEW,"new product, 5 images",OK
NC6400-DG-696-2C1CT13S-CFN-SPT696,6400 - DG,,NEW,"new product, 5 images",OK
NC6400-DG-696-2C1CT13S-CG-SPT696,6400 - DG,,NEW,"new product, 5 images",OK
NC6400-DG-696-2C1CT13S-HE-SPT696,6400 - DG,,NEW,"new product, 5 images",OK
NC6400-DG-696-2C1CT13S-CN-SPT696,6400 - DG,,NEW,"new product, 5 images",OK
NC6400-DG-696-2C1CT13S-CV-SPT696,6400 - DG,,NEW,"new product, 5 images",OK
NC6400-DG-696-2C1CT13S-SV-SPT696,6400 - DG,,NEW,"new product, 5 images",OK
NC6400-DG-696-2C1CT13S-CLC-SPT696,6400 - DG,,NEW,"new product, 5 images",OK
NC6400-DG-696-2C1CT13S-RHA-SPT696,6400 - DG,,NEW,"new product, 5 images",OK
NC6400-DG-696-2C1CT13S-SR-SPT696,6400 - DG,,NEW,"new product, 5 images",OK
NC6400-DG-696-2SR1CT13S-CAL-SPT696,6400 - DG,,NEW,"new product, 5 images",OK
NC6400-DG-696-2SR1CT13S-BK-SPT696,6400 - DG,,NEW,"new product, 5 images",OK
NC6400-DG-696-2SR1CT13S-CFN-SPT696,6400 - DG,,NEW,"new product, 5 images",OK
NC6400-DG-696-2SR1CT13S-CG-SPT696,6400 - DG,,NEW,"new product, 5 images",OK
NC6400-DG-696-2SR1CT13S-HE-SPT696,6400 - DG,,NEW,"new product, 5 images",OK
NC6400-DG-696-2SR1CT13S-CN-SPT696,6400 - DG,,NEW,"new product, 5 images",OK
NC6400-DG-696-2SR1CT13S-CV-SPT696,6400 - DG,,NEW,"new product, 5 images",OK
NC6400-DG-696-2SR1CT13S-SV-SPT696,6400 - DG,,NEW,"new product, 5 images",OK
NC6400-DG-696-2SR1CT13S-CLC-SPT696,6400 - DG,,NEW,"new product, 5 images",OK
NC6400-DG-696-2SR1CT13S-RHA-SPT696,6400 - DG,,NEW,"new product, 5 images",OK
NC6400-DG-696-2SR1CT13S-SR-SPT696,6400 - DG,,NEW,"new product, 5 images",OK
NC6400-DG-739-1C13S1CT-CAL-SPT739,6400 - DG,,NEW,"new product, 5 images",OK
NC6400-DG-739-1C13S1CT-BK-SPT739,6400 - DG,,NEW,"new product, 5 images",OK
NC6400-DG-739-1C13S1CT-CFN-SPT739,6400 - DG,,NEW,"new product, 5 images",OK
NC6400-DG-739-1C13S1CT-CG-SPT739,6400 - DG,,NEW,"new product, 5 images",OK
NC6400-DG-739-1C13S1CT-HE-SPT739,6400 - DG,,NEW,"new product, 5 images",OK
NC6400-DG-739-1C13S1CT-CN-SPT739,6400 - DG,,NEW,"new product, 5 images",OK
NC6400-DG-739-1C13S1CT-CV-SPT739,6400 - DG,,NEW,"new product, 5 images",OK
NC6400-DG-739-1C13S1CT-SV-SPT739,6400 - DG,,NEW,"new product, 5 images",OK
NC6400-DG-739-1C13S1CT-CLC-SPT739,6400 - DG,,NEW,"new product, 5 images",OK
NC6400-DG-739-1C13S1CT-RHA-SPT739,6400 - DG,,NEW,"new product, 5 images",OK
NC6400-DG-739-1C13S1CT-SR-SPT739,6400 - DG,,NEW,"new product, 5 images",OK
NC6400-DG-739-2C1CT13S-CAL-SPT739,6400 - DG,,NEW,"new product, 5 images",OK
NC6400-DG-739-2C1CT13S-BK-SPT739,6400 - DG,,NEW,"new product, 5 images",OK
NC6400-DG-739-2C1CT13S-CFN-SPT739,6400 - DG,,NEW,"new product, 5 images",OK
NC6400-DG-739-2C1CT13S-CG-SPT739,6400 - DG,,NEW,"new product, 5 images",OK
NC6400-DG-739-2C1CT13S-HE-SPT739,6400 - DG,,NEW,"new product, 5 images",OK
NC6400-DG-739-2C1CT13S-CN-SPT739,6400 - DG,,NEW,"new product, 5 images",OK
NC6400-DG-739-2C1CT13S-CV-SPT739,6400 - DG,,NEW,"new product, 5 images",OK
NC6400-DG-739-2C1CT13S-SV-SPT739,6400 - DG,,NEW,"new product, 5 images",OK
NC6400-DG-739-2C1CT13S-CLC-SPT739,6400 - DG,,NEW,"new product, 5 images",OK
NC6400-DG-739-2C1CT13S-RHA-SPT739,6400 - DG,,NEW,"new product, 5 images",OK
NC6400-DG-739-2C1CT13S-SR-SPT739,6400 - DG,,NEW,"new product, 5 images",OK
NC6400-DG-739-2SR1CT13S-CAL-SPT739,6400 - DG,,NEW,"new product, 5 images",OK
NC6400-DG-739-2SR1CT13S-BK-SPT739,6400 - DG,,NEW,"new product, 5 images",OK
NC6400-DG-739-2SR1CT13S-CFN-SPT739,6400 - DG,,NEW,"new product, 5 images",OK
NC6400-DG-739-2SR1CT13S-CG-SPT739,6400 - DG,,NEW,"new product, 5 images",OK
NC6400-DG-739-2SR1CT13S-HE-SPT739,6400 - DG,,NEW,"new product, 5 images",OK
NC6400-DG-739-2SR1CT13S-CN-SPT739,6400 - DG,,NEW,"new product, 5 images",OK
NC6400-DG-739-2SR1CT13S-CV-SPT739,6400 - DG,,NEW,"new product, 5 images",OK
NC6400-DG-739-2SR1CT13S-SV-SPT739,6400 - DG,,NEW,"new product, 5 images",OK
NC6400-DG-739-2SR1CT13S-CLC-SPT739,6400 - DG,,NEW,"new product, 5 images",OK
NC6400-DG-739-2SR1CT13S-RHA-SPT739,6400 - DG,,NEW,"new product, 5 images",OK
NC6400-DG-739-2SR1CT13S-SR-SPT739,6400 - DG,,NEW,"new product, 5 images",OK
NC2001A-1LLS1SCC1RLS-SRB-AM-BK,2001A,,NEW,"new product, 5 images",OK
NC2001A-1LLS1SCC1RLS-SRB-AM-CG,2001A,,NEW,"new product, 5 images",OK
NC2001A-1LLS1SCC1RLS-SRB-AM-CN,2001A,,NEW,"new product, 5 images",OK
NC2001A-1LLS1SCC1RLS-SRB-AM-CV,2001A,,NEW,"new product, 5 images",OK
NC2001A-1LLS1SCC1RLS-SRB-AM-SV,2001A,,NEW,"new product, 5 images",OK
NC2001A-1LLS1SCC1RLS-SRB-AM-LAS,2001A,,NEW,"new product, 5 images",OK
NC2001A-1LS13S2C-SRB-AM-BK,2001A,,NEW,"new product, 5 images",OK
NC2001A-1LS13S2C-SRB-AM-CG,2001A,,NEW,"new product, 5 images",OK
NC2001A-1LS13S2C-SRB-AM-CN,2001A,,NEW,"new product, 5 images",OK
NC2001A-1LS13S2C-SRB-AM-CV,2001A,,NEW,"new product, 5 images",OK
NC2001A-1LS13S2C-SRB-AM-SV,2001A,,NEW,"new product, 5 images",OK
NC2001A-1LS13S2C-SRB-AM-LAS,2001A,,NEW,"new product, 5 images",OK
NC2001A-2C2OT-SRB-AM-BK,2001A,,NEW,"new product, 5 images",OK
NC2001A-2C2OT-SRB-AM-CG,2001A,,NEW,"new product, 5 images",OK
NC2001A-2C2OT-SRB-AM-CN,2001A,,NEW,"new product, 5 images",OK
NC2001A-2C2OT-SRB-AM-CV,2001A,,NEW,"new product, 5 images",OK
NC2001A-2C2OT-SRB-AM-SV,2001A,,NEW,"new product, 5 images",OK
NC2001A-2C2OT-SRB-AM-LAS,2001A,,NEW,"new product, 5 images",OK
NC2001A-3S-SRB-AM-BK,2001A,,NEW,"new product, 5 images",OK
NC2001A-3S-SRB-AM-CG,2001A,,NEW,"new product, 5 images",OK
NC2001A-3S-SRB-AM-CN,2001A,,NEW,"new product, 5 images",OK
NC2001A-3S-SRB-AM-CV,2001A,,NEW,"new product, 5 images",OK
NC2001A-3S-SRB-AM-SV,2001A,,NEW,"new product, 5 images",OK
NC2001A-3S-SRB-AM-LAS,2001A,,NEW,"new product, 5 images",OK
NC2001A-LLS-SRB-AM-BK,2001A,,NEW,"new product, 5 images",OK
NC2001A-LLS-SRB-AM-CG,2001A,,NEW,"new product, 5 images",OK
NC2001A-LLS-SRB-AM-CN,2001A,,NEW,"new product, 5 images",OK
NC2001A-LLS-SRB-AM-CV,2001A,,NEW,"new product, 5 images",OK
NC2001A-LLS-SRB-AM-SV,2001A,,NEW,"new product, 5 images",OK
NC2001A-LLS-SRB-AM-LAS,2001A,,NEW,"new product, 5 images",OK
NC2001A-C-SRB-AM-BK,2001A,,NEW,"new product, 5 images",OK
NC2001A-C-SRB-AM-CG,2001A,,NEW,"new product, 5 images",OK
NC2001A-C-SRB-AM-CN,2001A,,NEW,"new product, 5 images",OK
NC2001A-C-SRB-AM-CV,2001A,,NEW,"new product, 5 images",OK
NC2001A-C-SRB-AM-SV,2001A,,NEW,"new product, 5 images",OK
NC2001A-C-SRB-AM-LAS,2001A,,NEW,"new product, 5 images",OK
NC2001A-LS-SRB-AM-BK,2001A,,NEW,"new product, 5 images",OK
NC2001A-LS-SRB-AM-CG,2001A,,NEW,"new product, 5 images",OK
NC2001A-LS-SRB-AM-CN,2001A,,NEW,"new product, 5 images",OK
NC2001A-LS-SRB-AM-CV,2001A,,NEW,"new product, 5 images",OK
NC2001A-LS-SRB-AM-SV,2001A,,NEW,"new product, 5 images",OK
NC2001A-LS-SRB-AM-LAS,2001A,,NEW,"new product, 5 images",OK
NC2001A-RLS-SRB-AM-BK,2001A,,NEW,"new product, 5 images",OK
NC2001A-RLS-SRB-AM-CG,2001A,,NEW,"new product, 5 images",OK
NC2001A-RLS-SRB-AM-CN,2001A,,NEW,"new product, 5 images",OK
NC2001A-RLS-SRB-AM-CV,2001A,,NEW,"new product, 5 images",OK
NC2001A-RLS-SRB-AM-SV,2001A,,NEW,"new product, 5 images",OK
NC2001A-RLS-SRB-AM-LAS,2001A,,NEW,"new product, 5 images",OK
CUSHBOL207-SRB-CFN,CUSHBOL207,Canvas Fern,REMOVED,"Removed, 5 thumbs queued for deletion",OK
CUSHBOL207-SRB-JM-EB,CUSHBOL207,Expressive Blush,REMOVED,"Removed, 5 thumbs queued for deletion",OK
CUSHREPLCL-HE,CUSHREPLCL,Canvas Heather Beige,REMOVED,"Removed, 5 thumbs queued for deletion",OK
NC6400SECT-DG-713-1LLS1RLS1MC1SCC-CV-SPT713,6400 - DG,Canvas Navy,REMOVED,"Removed, 5 thumbs queued for deletion",OK
NC6400SECT-DG-713-1LLS1RLS1MC1SCC-SV-SPT713,6400 - DG,Cast Silver,REMOVED,"Removed, 5 thumbs queued for deletion",OK
NC2676-DG-304-260-01-CNF,2676 - DG,Canvas Fern,REMOVED,"Removed, 5 thumbs queued for deletion",OK
NC2676SECT-DG-304-032-01-CNF,2676 - DG,Canvas Fern,REMOVED,"Removed, 5 thumbs queued for deletion",OK
